timestamp,actual_q_0,actual_q_1,actual_q_2,actual_q_3,actual_q_4,actual_q_5,actual_TCP_pose_0,actual_TCP_pose_1,actual_TCP_pose_2,actual_TCP_pose_3,actual_TCP_pose_4,actual_TCP_pose_5
0.0,-3.127587063081521,-1.5955332133605984,-1.475867986307887,-1.6616040323872912,1.5700299079037967,-0.0167712321777919,-0.30393962850175527,0.10816666351914195,0.32678945288348876,2.1771389345706473,2.245214778658137,0.023613667059784845
0.008333333333333342,-3.127587063081521,-1.5955332133605984,-1.475867986307887,-1.6616040323872912,1.5700299079037967,-0.0167712321777919,-0.30393962850175527,0.10816666351914195,0.32678945288348876,2.1771389345706473,2.245214778658137,0.023613667059784845
0.016666666666666684,-3.127587063081521,-1.5955332133605984,-1.475867986307887,-1.6616040323872912,1.5700299079037967,-0.0167712321777919,-0.30393962850175527,0.10816666351914195,0.32678945288348876,2.1771389345706473,2.245214778658137,0.023613667059784845
0.025000000000000026,-3.127587063081521,-1.5955332133605984,-1.475867986307887,-1.6616040323872912,1.5700299079037967,-0.0167712321777919,-0.30393962850175527,0.10816666351914195,0.32678945288348876,2.1771389345706473,2.245214778658137,0.023613667059784845
0.03333333333333337,-3.127587063081521,-1.5955332133605984,-1.475867986307887,-1.6616040323872912,1.5700299079037967,-0.0167712321777919,-0.30393962850175527,0.10816666351914195,0.32678945288348876,2.1771389345706473,2.245214778658137,0.023613667059784845
0.04166666666666671,-3.127587063081521,-1.5955332133605984,-1.475867986307887,-1.6616040323872912,1.5700299079037967,-0.0167712321777919,-0.30393962850175527,0.10816666351914195,0.32678945288348876,2.1771389345706473,2.245214778658137,0.023613667059784845
0.05000000000000005,-3.127587063081521,-1.5955332133605984,-1.475867986307887,-1.6616040323872912,1.5700299079037967,-0.0167712321777919,-0.30393962850175527,0.10816666351914195,0.32678945288348876,2.1771389345706473,2.245214778658137,0.023613667059784845
0.05833333333333339,-3.127587063081521,-1.5955332133605984,-1.475867986307887,-1.6616040323872912,1.5700299079037967,-0.0167712321777919,-0.30393962850175527,0.10816666351914195,0.32678945288348876,2.1771389345706473,2.245214778658137,0.023613667059784845
0.06666666666666674,-3.127587063081521,-1.5955332133605984,-1.475867986307887,-1.6616040323872912,1.5700299079037967,-0.0167712321777919,-0.30393962850175527,0.10816666351914195,0.32678945288348876,2.1771389345706473,2.245214778658137,0.023613667059784845
0.07500000000000008,-3.127587063081521,-1.5955332133605984,-1.475867986307887,-1.6616040323872912,1.5700299079037967,-0.0167712321777919,-0.30393962850175527,0.10816666351914195,0.32678945288348876,2.1771389345706473,2.245214778658137,0.023613667059784845
0.08333333333333343,-3.127587063081521,-1.5955332133605984,-1.475867986307887,-1.6616040323872912,1.5700299079037967,-0.0167712321777919,-0.30393962850175527,0.10816666351914195,0.32678945288348876,2.1771389345706473,2.245214778658137,0.023613667059784845
0.09166666666666676,-3.127587063081521,-1.5955332133605984,-1.475867986307887,-1.6616040323872912,1.5700299079037967,-0.0167712321777919,-0.30393962850175527,0.10816666351914195,0.32678945288348876,2.1771389345706473,2.245214778658137,0.023613667059784845
0.1000000000000001,-3.127587063081521,-1.5955332133605984,-1.475867986307887,-1.6616040323872912,1.5700299079037967,-0.0167712321777919,-0.30393962850175527,0.10816666351914195,0.32678945288348876,2.1771389345706473,2.245214778658137,0.023613667059784845
0.10833333333333345,-3.127587063081521,-1.5955332133605984,-1.475867986307887,-1.6616040323872912,1.5700299079037967,-0.0167712321777919,-0.30393962850175527,0.10816666351914195,0.32678945288348876,2.1771389345706473,2.245214778658137,0.023613667059784845
0.11666666666666678,-3.127587063081521,-1.5955332133605984,-1.475867986307887,-1.6616040323872912,1.5700299079037967,-0.0167712321777919,-0.30393962850175527,0.10816666351914195,0.32678945288348876,2.1771389345706473,2.245214778658137,0.023613667059784845
0.12500000000000014,-3.127587063081521,-1.5955332133605984,-1.475867986307887,-1.6616040323872912,1.5700299079037967,-0.0167712321777919,-0.30393962850175527,0.10816666351914195,0.32678945288348876,2.1771389345706473,2.245214778658137,0.023613667059784845
0.13333333333333347,-3.127587063081521,-1.5955332133605984,-1.475867986307887,-1.6616040323872912,1.5700299079037967,-0.0167712321777919,-0.30393962850175527,0.10816666351914195,0.32678945288348876,2.1771389345706473,2.245214778658137,0.023613667059784845
0.1416666666666668,-3.127587063081521,-1.5955332133605984,-1.475867986307887,-1.6616040323872912,1.5700299079037967,-0.0167712321777919,-0.30393962850175527,0.10816666351914195,0.32678945288348876,2.1771389345706473,2.245214778658137,0.023613667059784845
0.15000000000000016,-3.127587063081521,-1.5955332133605984,-1.475867986307887,-1.6616040323872912,1.5700299079037967,-0.0167712321777919,-0.30393962850175527,0.10816666351914195,0.32678945288348876,2.1771389345706473,2.245214778658137,0.023613667059784845
0.1583333333333335,-3.127587063081521,-1.5955332133605984,-1.475867986307887,-1.6616040323872912,1.5700299079037967,-0.0167712321777919,-0.30393962850175527,0.10816666351914195,0.32678945288348876,2.1771389345706473,2.245214778658137,0.023613667059784845
0.16666666666666685,-3.127587063081521,-1.5955332133605984,-1.475867986307887,-1.6616040323872912,1.5700299079037967,-0.0167712321777919,-0.30393962850175527,0.10816666351914195,0.32678945288348876,2.1771389345706473,2.245214778658137,0.023613667059784845
0.17500000000000018,-3.127587063081521,-1.5955332133605984,-1.475867986307887,-1.6616040323872912,1.5700299079037967,-0.0167712321777919,-0.30393962850175527,0.10816666351914195,0.32678945288348876,2.1771389345706473,2.245214778658137,0.023613667059784845
0.18333333333333351,-3.127587063081521,-1.5955332133605984,-1.475867986307887,-1.6616040323872912,1.5700299079037967,-0.0167712321777919,-0.30393962850175527,0.10816666351914195,0.32678945288348876,2.1771389345706473,2.245214778658137,0.023613667059784845
0.19166666666666687,-3.127587063081521,-1.5955332133605984,-1.475867986307887,-1.6616040323872912,1.5700299079037967,-0.0167712321777919,-0.30393962850175527,0.10816666351914195,0.32678945288348876,2.1771389345706473,2.245214778658137,0.023613667059784845
0.2000000000000002,-3.127587063081521,-1.5955332133605984,-1.475867986307887,-1.6616040323872912,1.5700299079037967,-0.0167712321777919,-0.30393962850175527,0.10816666351914195,0.32678945288348876,2.1771389345706473,2.245214778658137,0.023613667059784845
0.20833333333333354,-3.127587063081521,-1.5955332133605984,-1.475867986307887,-1.6616040323872912,1.5700299079037967,-0.0167712321777919,-0.30393962850175527,0.10816666351914195,0.32678945288348876,2.1771389345706473,2.245214778658137,0.023613667059784845
0.2166666666666669,-3.127587063081521,-1.5955332133605984,-1.475867986307887,-1.6616040323872912,1.5700299079037967,-0.0167712321777919,-0.30393962850175527,0.10816666351914195,0.32678945288348876,2.1771389345706473,2.245214778658137,0.023613667059784845
0.22500000000000023,-3.127587063081521,-1.5955332133605984,-1.475867986307887,-1.6616040323872912,1.5700299079037967,-0.0167712321777919,-0.30393962850175527,0.10816666351914195,0.32678945288348876,2.1771389345706473,2.245214778658137,0.023613667059784845
0.23333333333333356,-3.127587063081521,-1.5955332133605984,-1.475867986307887,-1.6616040323872912,1.5700299079037967,-0.0167712321777919,-0.30393962850175527,0.10816666351914195,0.32678945288348876,2.1771389345706473,2.245214778658137,0.023613667059784845
0.24166666666666692,-3.127587063081521,-1.5955332133605984,-1.475867986307887,-1.6616040323872912,1.5700299079037967,-0.0167712321777919,-0.30393962850175527,0.10816666351914195,0.32678945288348876,2.1771389345706473,2.245214778658137,0.023613667059784845
0.2500000000000003,-3.127587063081521,-1.5955332133605984,-1.475867986307887,-1.6616040323872912,1.5700299079037967,-0.0167712321777919,-0.30393962850175527,0.10816666351914195,0.32678945288348876,2.1771389345706473,2.245214778658137,0.023613667059784845
0.2583333333333336,-3.127587063081521,-1.5955332133605984,-1.475867986307887,-1.6616040323872912,1.5700299079037967,-0.0167712321777919,-0.30393962850175527,0.10816666351914195,0.32678945288348876,2.1771389345706473,2.245214778658137,0.023613667059784845
0.26666666666666694,-3.127587063081521,-1.5955332133605984,-1.475867986307887,-1.6616040323872912,1.5700299079037967,-0.0167712321777919,-0.30393962850175527,0.10816666351914195,0.32678945288348876,2.1771389345706473,2.245214778658137,0.023613667059784845
0.2750000000000003,-3.127587063081521,-1.5955332133605984,-1.475867986307887,-1.6616040323872912,1.5700299079037967,-0.0167712321777919,-0.30393962850175527,0.10816666351914195,0.32678945288348876,2.1771389345706473,2.245214778658137,0.023613667059784845
0.2833333333333336,-3.127587063081521,-1.5955332133605984,-1.475867986307887,-1.6616040323872912,1.5700299079037967,-0.0167712321777919,-0.30393962850175527,0.10816666351914195,0.32678945288348876,2.1771389345706473,2.245214778658137,0.023613667059784845
0.29166666666666696,-3.127587063081521,-1.5955332133605984,-1.475867986307887,-1.6616040323872912,1.5700299079037967,-0.0167712321777919,-0.30393962850175527,0.10816666351914195,0.32678945288348876,2.1771389345706473,2.245214778658137,0.023613667059784845
0.3000000000000003,-3.127587063081521,-1.5955332133605984,-1.475867986307887,-1.6616040323872912,1.5700299079037967,-0.0167712321777919,-0.30393962850175527,0.10816666351914195,0.32678945288348876,2.1771389345706473,2.245214778658137,0.023613667059784845
0.3083333333333336,-3.127587063081521,-1.5955332133605984,-1.475867986307887,-1.6616040323872912,1.5700299079037967,-0.0167712321777919,-0.30393962850175527,0.10816666351914195,0.32678945288348876,2.1771389345706473,2.245214778658137,0.023613667059784845
0.316666666666667,-3.127587063081521,-1.5955332133605984,-1.475867986307887,-1.6616040323872912,1.5700299079037967,-0.0167712321777919,-0.30393962850175527,0.10816666351914195,0.32678945288348876,2.1771389345706473,2.245214778658137,0.023613667059784845
0.32500000000000034,-3.127587063081521,-1.5955332133605984,-1.475867986307887,-1.6616040323872912,1.5700299079037967,-0.0167712321777919,-0.30393962850175527,0.10816666351914195,0.32678945288348876,2.1771389345706473,2.245214778658137,0.023613667059784845
0.3333333333333337,-3.127587063081521,-1.5955332133605984,-1.475867986307887,-1.6616040323872912,1.5700299079037967,-0.0167712321777919,-0.30393962850175527,0.10816666351914195,0.32678945288348876,2.1771389345706473,2.245214778658137,0.023613667059784845
0.341666666666667,-3.127587063081521,-1.5955332133605984,-1.475867986307887,-1.6616040323872912,1.5700299079037967,-0.0167712321777919,-0.30393962850175527,0.10816666351914195,0.32678945288348876,2.1771389345706473,2.245214778658137,0.023613667059784845
0.35000000000000037,-3.127587063081521,-1.5955332133605984,-1.475867986307887,-1.6616040323872912,1.5700299079037967,-0.0167712321777919,-0.30393962850175527,0.10816666351914195,0.32678945288348876,2.1771389345706473,2.245214778658137,0.023613667059784845
0.3583333333333337,-3.127587063081521,-1.5955332133605984,-1.475867986307887,-1.6616040323872912,1.5700299079037967,-0.0167712321777919,-0.30393962850175527,0.10816666351914195,0.32678945288348876,2.1771389345706473,2.245214778658137,0.023613667059784845
0.36666666666666703,-3.127587063081521,-1.5955332133605984,-1.475867986307887,-1.6616040323872912,1.5700299079037967,-0.0167712321777919,-0.30393962850175527,0.10816666351914195,0.32678945288348876,2.1771389345706473,2.245214778658137,0.023613667059784845
0.3750000000000004,-3.127587063081521,-1.5955332133605984,-1.475867986307887,-1.6616040323872912,1.5700299079037967,-0.0167712321777919,-0.30393962850175527,0.10816666351914195,0.32678945288348876,2.1771389345706473,2.245214778658137,0.023613667059784845
0.38333333333333375,-3.127587063081521,-1.5955332133605984,-1.475867986307887,-1.6616040323872912,1.5700299079037967,-0.0167712321777919,-0.30393962850175527,0.10816666351914195,0.32678945288348876,2.1771389345706473,2.245214778658137,0.023613667059784845
0.39166666666666705,-3.127587063081521,-1.5955332133605984,-1.475867986307887,-1.6616040323872912,1.5700299079037967,-0.0167712321777919,-0.30393962850175527,0.10816666351914195,0.32678945288348876,2.1771389345706473,2.245214778658137,0.023613667059784845
0.4000000000000004,-3.127587063081521,-1.5955332133605984,-1.475867986307887,-1.6616040323872912,1.5700299079037967,-0.0167712321777919,-0.30393962850175527,0.10816666351914195,0.32678945288348876,2.1771389345706473,2.245214778658137,0.023613667059784845
0.40833333333333377,-3.127587063081521,-1.5955332133605984,-1.475867986307887,-1.6616040323872912,1.5700299079037967,-0.0167712321777919,-0.30393962850175527,0.10816666351914195,0.32678945288348876,2.1771389345706473,2.245214778658137,0.023613667059784845
0.4166666666666671,-3.127587063081521,-1.5955332133605984,-1.475867986307887,-1.6616040323872912,1.5700299079037967,-0.0167712321777919,-0.30393962850175527,0.10816666351914195,0.32678945288348876,2.1771389345706473,2.245214778658137,0.023613667059784845
0.42500000000000043,-3.12674096622653,-1.624353540999491,-1.3627195506042875,-1.7449098867491857,1.5703046257518989,-0.0160653347688508,-0.309116413611968,0.10781142865522805,0.3444644613373911,2.177368697220221,2.2457597811148844,0.022200931031392805
0.4333333333333338,-3.1258024738327874,-1.6508425696164784,-1.260001490397536,-1.818424937257881,1.5700976992351892,-0.0152932684411701,-0.31277186824699343,0.10748209776118549,0.36021250885118133,2.17863903553765,2.2474466293655597,0.019458389102561428
0.4416666666666671,-3.124887641839493,-1.675441167636249,-1.1666838332190923,-1.8845119968155832,1.5699059071078765,-0.0144608315252666,-0.31521791105681457,0.10717240463702084,0.37402070778788327,2.1799526653846963,2.2489881405868517,0.016780700920839317
0.45000000000000046,-3.123984818438502,-1.6983441579039324,-1.0818502436977036,-1.9440491837928529,1.5697151460676897,-0.0135500930101015,-0.3167716239501112,0.10687774189547633,0.386066287169057,2.181246238356133,2.2503050052735185,0.014357483147138863
0.4583333333333338,-3.1230774252559925,-1.7197094045194712,-1.0046707686667162,-1.9977004454035745,1.5695446200533438,-0.0126354187276337,-0.3176866929221741,0.10658907874084543,0.3965420526340209,2.182412644450203,2.251491166133133,0.0121594463638943
0.4666666666666671,-3.122150514518677,-1.739677968036543,-0.934403109348257,-2.0460725764630325,1.569399946753535,-0.0117016869198237,-0.318157559029729,0.10629917940563599,0.4056281043795457,2.183447122558321,2.2525415635303676,0.010188118744403687
0.4750000000000005,-3.121190039395885,-1.7583751925318047,-0.8703801563071076,-2.0897009500378685,1.5692826182785355,-0.0107348218696279,-0.3183330188863995,0.10600165921114513,0.4134912357594516,2.1843525670251256,2.253459384618166,0.008436159375853704
0.48333333333333384,-3.1201831259663577,-1.7759122664121991,-0.8120023811600862,-2.129059134007896,1.5691914133641829,-0.0097219492521037,-0.3183256422048524,0.105690983106833,0.4202830723963298,2.185137221407815,2.2542533641027154,0.006889693691524133
0.4916666666666672,-3.1191182624630414,-1.7923881259874823,-0.7587309694793005,-2.164568445196138,1.5691238017315563,-0.0086515613217244,-0.31821947275792695,0.10536240095056874,0.426139390662709,2.185811766216136,2.254934704529291,0.005531850818321857
0.5000000000000006,-3.117985345709637,-1.807891053900326,-0.7100816190659383,-2.1966054199369807,1.5690767787334172,-0.0075135511367291,-0.31807628235099494,0.10501186408949438,0.43118045483425954,2.186387522717757,2.2555151970098217,0.0043450554324127874
0.5083333333333339,-3.1167755746481967,-1.8224996244414011,-0.6656189382539296,-2.2255066343349825,1.569047114574723,-0.0062991145238653,-0.31794057138386284,0.10463593437601051,0.43551217083886,-2.186344109882713,-2.255458076128845,-0.003310155958161484
0.5166666666666672,-3.115481451823258,-1.836284205267714,-0.6249513884840411,-2.2515746958642646,1.5690318835414914,-0.0050007412947734,-0.31784354012906996,0.10423170435745142,0.4392271128500963,-2.185943986333743,-2.2550341137797414,-0.002411137047916196
0.5250000000000006,-3.114096625996014,-1.8493077118858592,-0.58772672180382,-2.275081473859747,1.569028359780928,-0.0036120590840716,-0.31780622967744837,0.10379672293198884,0.442406019894486,-2.185608494759981,-2.254677936375848,-0.0016324629089879686
0.5333333333333339,-3.112615785617071,-1.8616265142278705,-0.5536278717091639,-2.296271565024788,1.5690339826145596,-0.0021277097592345,-0.31784198438564215,0.10332893702163583,0.44511913341148657,-2.185328530251821,-2.254380039322233,-0.0009590826429937455
0.5416666666666672,-3.111034122439101,-1.8732912170406648,-0.5223707620646663,-2.315364366076168,1.56904228222147,-0.000526689727514,-0.3179585916313916,0.1028268281404316,0.44742718955722216,-2.1851122247832087,-2.254112264943155,-0.0003824492171621147
0.5500000000000006,-3.1093487907839776,-1.8843480517294853,-0.4936962707947682,-2.332561830865791,1.5690568150442623,0.0011706710156296,-0.31815907306902086,0.10228873443474996,0.4493830808570632,-2.184929861598249,-2.2538962158364244,0.00011337593288884617
0.5583333333333339,-3.107557207641921,-1.8948386559769423,-0.4673718230348276,-2.3480447036370946,1.5690775576745049,0.0029640164841528,-0.31844355195760166,0.10171339855141283,0.4510325706769641,-2.184773111777814,-2.2537299061417975,0.0005395933273186156
0.5666666666666672,-3.105657315216356,-1.9048003585836664,-0.4431877677141893,-2.3619753755385866,1.5691033586977023,0.004858629432888,-0.3188099021305031,0.10109984842993554,0.4524154837771326,-2.1846401643084583,-2.2536041714660633,0.0009059072613839532
0.5750000000000006,-3.103647738510675,-1.914267554211175,-0.420954179103112,-2.374502175558296,1.5691334083530903,0.0068620883823085,-0.3192544080219803,0.10044732254072733,0.4535662273541534,-2.1845340586291737,-2.253508142331111,0.0012193404895225442
0.5833333333333339,-3.1015273503084395,-1.923270505931431,-0.4005001001591555,-2.385756026590779,1.569166040630673,0.0089751616933158,-0.3197723364111543,0.09975522635915861,0.45451511828343577,-2.184448783561845,-2.2534364018425865,0.0014889152855376158
0.5916666666666672,-3.0992955639766087,-1.9318369757559792,-0.3816708388218785,-2.3958566298188035,1.5691994080256586,0.0112004816938033,-0.3203582261429324,0.09902317214421053,0.4552883915840253,-2.1843821802704197,-2.253382088955721,0.001720631653128476
0.6000000000000006,-3.0969524192517675,-1.939992781722155,-0.3643258378425995,-2.404913684817943,1.5692337197460784,0.0135347478218988,-0.32100620393429213,0.09825082254029775,0.45590876423487015,-2.1843282005676943,-2.253346304522145,0.0019202473012093137
0.608333333333334,-3.0944981323647816,-1.947761348455587,-0.3483379628223302,-2.4130248966122707,1.569268151494526,0.0159688586876785,-0.32171034627416834,0.09743799623308452,0.4563962096366166,-2.184273486881525,-2.2533352832583917,0.0020935194292546694
0.6166666666666673,-3.0919333543705343,-1.9551642073223283,-0.3335916293095931,-2.420280413085937,1.5693023296751312,0.018512083364704,-0.3224645630267391,0.09658464151233775,0.45676810064011714,-2.184227117099438,-2.2533360149114094,0.002244379902953209
0.6250000000000007,-3.0892589468387746,-1.9622213392808248,-0.3199817633597945,-2.426762131827904,1.5693348256132666,0.0211655643931802,-0.32326291891149483,0.095690881383301,0.4570396075050429,-2.184189057742809,-2.2533439341849713,0.0023748274298577036
0.633333333333334,-3.0864758718103613,-1.9689505924770303,-0.3074134730827166,-2.4325424552572312,1.5693641265364378,0.0239286052000482,-0.32409971146460137,0.09475689974660043,0.4572242429200625,-2.184156592977594,-2.2533556255478713,0.00248847293677382
0.6416666666666673,-3.083585488902013,-1.9753691907292037,-0.2957996049115386,-2.437689148737152,1.5693896131708085,0.0267976607811879,-0.3249694451704728,0.09378296107177074,0.457333665317009,-2.1841258772278915,-2.253372040959412,0.0025870725835053466
0.6500000000000007,-3.0805892381404085,-1.981491701339883,-0.2850625338885297,-2.4422598332723746,1.569413530438564,0.0297789842711731,-0.3258669364568782,0.09276914505480637,0.4573785218312658,-2.1841041336272125,-2.2533832878067823,0.002679260323477954
0.658333333333334,-3.077489059520495,-1.9873336191956417,-0.2751297845814618,-2.446315487849368,1.569435950360033,0.0328618961906972,-0.3267870254273669,0.09171591425123055,0.45736723126055734,-2.1840834005934964,-2.253400860975443,0.0027604076585412206
0.6666666666666674,-3.074286635104475,-1.99290804086213,-0.265936186522071,-2.4499054982071837,1.5694563731049118,0.0360466544368602,-0.32772509100756275,0.09062371119408758,0.4573079296176448,-2.1840643173273553,-2.2534210395189356,0.0028330463557529884
0.6750000000000007,-3.070983976598131,-1.9982274244855105,-0.2574219101008727,-2.4530755951229435,1.5694765224451517,0.0393339964417453,-0.32867676911681387,0.08949293374114049,0.4572077376803021,-2.184050079524034,-2.253440926794675,0.002900854692510977
0.683333333333334,-3.0675828972560075,-2.0033028325435955,-0.249533240300994,-2.455866966687641,1.5694945517954322,0.0427214343299624,-0.3296379866298921,0.0883242389959813,0.4570729700817784,-2.1840382776277467,-2.2534595475766035,0.002963564011953923
0.6916666666666674,-3.0640854634341474,-2.008144774665055,-0.2422208653221296,-2.4583176801921773,1.5695107748116195,0.0462063689848404,-0.33060492733778596,0.08711822019521755,0.4569091710713309,-2.1840281156353587,-2.2534772816175086,0.0030223417662053153
0.7000000000000007,-3.060493792411879,-2.012763006926329,-0.2354398466205038,-2.4604623132925925,1.5695253588782014,0.0497867014931122,-0.3315740604813381,0.08587552820509653,0.4567212582925668,-2.18401940817099,-2.253493895832605,0.0030780573103285826
0.708333333333334,-3.056810046019436,-2.017166561347072,-0.229149216027311,-2.4623323117253517,1.5695384239141454,0.0534602334164857,-0.33254211295923825,0.08459686207126804,0.45651360596673485,-2.1840119397451607,-2.2535092500351683,0.003131401695387418
0.7166666666666675,-3.0530364276938964,-2.021363807029404,-0.2233116034616962,-2.463956324892058,1.5695500737248098,0.057223762054881,-0.33350605077489104,0.08328296548566975,0.4562901070589338,-2.184004467816844,-2.253524314896985,0.003182887612094515
0.7250000000000008,-3.04917518277748,-2.025362503058429,-0.2178929072481696,-2.4653604216010425,1.5695606584956268,0.061075191375129,-0.33446306536666626,0.08193460480061832,0.45605423398040956,-2.183997212166099,-2.2535389815523144,0.0032331938578741277
0.7333333333333341,-3.045228551858984,-2.0291698282431403,-0.2128620545247563,-2.466568302168163,1.5695702497287194,0.0650123390277598,-0.3354105672275478,0.08055259561256543,0.45580908337571124,-2.183990183133083,-2.253553129318797,0.0032826182479178375
0.7416666666666675,-3.0411987891399987,-2.032792434027709,-0.2081906947664905,-2.4676015429659297,1.569578916473328,0.0690329620540006,-0.3363461646197088,0.07913778589355754,0.4555574217146542,-2.183983370301088,-2.253566722157574,0.0033313729668456873
0.7500000000000008,-3.037088155595621,-2.0362364775214634,-0.2038529591765652,-2.4684797835148,1.569586729739123,0.0731347961371987,-0.3372676483401213,0.0776910527770417,0.45530172500408084,-2.1839767715784744,-2.253579765590829,0.00337961241810454
0.7583333333333341,-3.0328989136038325,-2.0395076579788647,-0.1998252415511912,-2.4692209017714117,1.5695937615753686,0.0773155699524411,-0.33817297850384215,0.07621330008236339,0.4550442113254656,-2.1839703991131856,-2.253592292544228,0.0034274401300788087
0.7666666666666675,-3.0286333223794286,-2.042611249919601,-0.1960859993121592,-2.46984117251998,1.5696000838634936,0.0815730123964098,-0.33906027192095456,0.07470545609302216,0.4547868695361219,-2.1839642779434456,-2.253604355932028,0.0034749156277671858
0.7750000000000008,-3.0242936340837177,-2.045552133293369,-0.1926155729416619,-2.470355410809446,1.5696057674058288,0.08590485763456,-0.33992779014614516,0.07316847151084217,0.45453148456115017,-2.183958443380361,-2.2536160233336298,0.0035220611844405596
0.7833333333333341,-3.019882090520892,-2.0483348212050507,-0.1893960220832228,-2.4707771019976463,1.5696108811513638,0.0903088492525984,-0.34077392830033193,0.07160331757348286,0.4542796596340385,-2.183952938540383,-2.2536273725235296,0.0035688678737130007
0.7916666666666675,-3.015400930746144,-2.050963461263781,-0.1864109832144408,-2.471118246540144,1.5696157448446026,0.0947834018983954,-0.3415972167452299,0.07001096533700205,0.45403286581950336,-2.1839485763437554,-2.253637769508754,0.0036159073347324503
0.8000000000000008,-3.010852357854606,-2.053441944667058,-0.1836455141115895,-2.4713903614851778,1.569620079251228,0.0993253264295481,-0.3423962737666873,0.0683924485865976,0.45379235893104813,-2.183944295160085,-2.253648341443476,0.0036623220983620186
0.8083333333333341,-3.0062386347765258,-2.0557738861813304,-0.1810858603856691,-2.471603184184503,1.5696250919960917,0.1039346015009378,-0.34316985877527684,0.06674871478480549,0.4535593516473912,-2.1839431015679005,-2.253657141406588,0.0037097741855584222
0.8166666666666675,-3.001561923036157,-2.0579626144296204,-0.1787195548330873,-2.4717660401478447,1.5696303372865312,0.1086081374634719,-0.34391681378804206,0.0650808360770439,0.45333488158198637,-2.1839437902035312,-2.2536650165513183,0.0037575735752154254
0.8250000000000008,-2.9968243089887485,-2.060011051697798,-0.17653545871759,-2.4718876597325807,1.5696347226067646,0.113341966966929,-0.3446360369532573,0.06338993716950651,0.45311986069729543,-2.1839438600406766,-2.2536736230385115,0.0038040086219832603
0.8333333333333341,-2.99202794632524,-2.061921969936516,-0.1745232480069296,-2.471975692752108,1.5696387608624227,0.1181343242898518,-0.3453265206898361,0.061677049896070806,0.4529151460032099,-2.1839440617844637,-2.2536828631332617,0.0038494378114632176
0.8416666666666676,-2.987174953367058,-2.0636979294816933,-0.1726735384515757,-2.4720370660797237,1.5696426452463392,0.1229833345967369,-0.3459873445668137,0.05994323705766606,0.45272150410519774,-2.1839448116171996,-2.2536926182783907,0.0038938963863387097
0.8500000000000009,-2.98226742150753,-2.065341270891953,-0.1709777998184008,-2.472078055664694,1.569646451783807,0.1278870023532658,-0.3466176583537986,0.058189579238031745,0.4525396280490716,-2.1839462874761475,-2.2537028563921284,0.003937323499456736
0.8583333333333342,-2.9773074039345144,-2.066854121380292,-0.1694283266794254,-2.472104490008365,1.5696499564734434,0.132842840182316,-0.3472166694117639,0.056417186631924396,0.45237012556030254,-2.1839479699242657,-2.253714019768551,0.0039791665167825925
0.8666666666666676,-2.972296965828845,-2.0682384491954924,-0.1680180469935838,-2.4721213869075487,1.5696535806632204,0.1378494147584003,-0.34778365737355066,0.05462713364230236,0.45221357477410484,-2.1839507587244893,-2.2537256139675788,0.004019900730878067
0.8750000000000009,-2.9672381280444418,-2.069496043367423,-0.1667405994677598,-2.472133430198298,1.569657250185356,0.1429045800889098,-0.3483179552697453,0.052820536036350556,0.4520704744290865,-2.183954507040079,-2.253737769428947,0.004059283053953166
0.8833333333333342,-2.962132907325434,-2.070628538965644,-0.1655901892889791,-2.472144712201968,1.5696612218644457,0.1480066954786654,-0.3488189528061194,0.05099849394144333,0.45194128964728875,-2.183959744560969,-2.253750185898518,0.004097602440000462
0.8916666666666676,-2.95698326451002,-2.0716373912283417,-0.1645616786027354,-2.472159208353915,1.5696650976005628,0.153153076263376,-0.34928607571871784,0.0491621586389085,0.4518264010678388,-2.183965538488515,-2.2537635314543745,0.00413408393497039
0.9000000000000009,-2.951791161774538,-2.072523911084306,-0.1636504073114889,-2.4721803369354816,1.5696689995958055,0.1583418435098974,-0.3497187971247555,0.04731265104891071,0.4517261701693402,-2.1839720644831626,-2.253777800301812,0.004168716061181007
0.9083333333333342,-2.946558537794574,-2.0732892743365183,-0.1628522074328021,-2.47221116337134,1.5696729831649474,0.1635711089025531,-0.35011663503712825,0.045451101300007096,0.4516409161430823,-2.1839794245159307,-2.2537929844497913,0.004201417697627458
0.9166666666666676,-2.941287309839393,-2.073934521705696,-0.162163367610236,-2.4722544246736167,1.5696770783468204,0.1688389725025929,-0.3504791471232371,0.043578645771095575,0.451570921925977,-2.183987665354795,-2.253809093291551,0.004232091387225818
0.9250000000000009,-2.935979375145517,-2.0744605663252704,-0.1615806024860862,-2.472312555818173,1.569681306336549,0.1741435380818924,-0.3508059282360092,0.04169642555062691,0.4515164364509765,-2.183996807918845,-2.253826146302882,0.004260634680345687
0.9333333333333342,-2.9306366248949987,-2.0748681914342746,-0.1611010659546483,-2.4723878014343463,1.5696859223535895,0.1794832131035067,-0.3510965975074858,0.039805572541690454,0.45147766325041205,-2.184007388547761,-2.2538440249128,0.004286993839656317
0.9416666666666677,-2.925260982078175,-2.0751580399921927,-0.160722249557036,-2.4724816431559566,1.5696922069056842,0.1848580953265036,-0.35135081690177206,0.0379071511744142,0.45145483525665414,-2.1840222594075898,-2.253861121046975,0.00431273785251788
0.950000000000001,-2.9198539614541605,-2.0753296423263627,-0.1604430207865555,-2.472590983392109,1.5696967805469366,0.1902690779635701,-0.35156851456999755,0.03600243251271873,0.45144864267498763,-2.184040378916044,-2.25387090855018,0.004341064555699959
0.9583333333333344,-2.91441796689331,-2.0753858701120933,-0.16025939741365,-2.4727295578077197,1.5697026271818024,0.1956974183843526,-0.35174888626615947,0.03409263845499447,0.4514578233547881,-2.1840498466888696,-2.253897979489136,0.004357917182040179
0.9666666666666677,-2.9089544038819124,-2.0753256225807406,-0.160170991714817,-2.4728901932303637,1.569708407729583,0.20115721124604,-0.35189206091405034,0.032178816213255676,0.45148344786974814,-2.1840640284240895,-2.253921157447147,0.004373479006939321
0.975000000000001,-2.903465115287662,-2.075149135799188,-0.1601765673071803,-2.4730745372445906,1.5697144082899646,0.2066438071456218,-0.35199775421892976,0.030262132028650766,0.4515255584150915,-2.184080154913687,-2.2539439153890704,0.004387102717042958
0.9833333333333344,-2.897951901303105,-2.074856613671317,-0.1602752222704395,-2.473283703887218,1.5697207378085725,0.212154702025084,-0.3520657626831484,0.028343746679409063,0.4515841720763676,-2.1840976329828035,-2.253967229335915,0.004398287005287068
0.9916666666666677,-2.892416531808156,-2.074448125232612,-0.160466331291866,-2.473518408620378,1.5697273782561347,0.217687879056544,-0.35209591676951185,0.026424825012396756,0.4516593162545555,-2.1841162112820305,-2.2539913968296337,0.0044067597786359766
1.000000000000001,-2.8868607594776217,-2.073923624341094,-0.1607495351775208,-2.4737791135520824,1.5697342964273462,0.2232414719870699,-0.35208807172884066,0.024506532336657075,0.45175101187179745,-2.184135740256999,-2.2540165195201305,0.004412372307104535
1.0083333333333344,-2.881286324700882,-2.073282962400084,-0.1611247363874207,-2.47406608716585,1.5697414734523845,0.2288136861022404,-0.35204210544183895,0.02259003335606708,0.4518592649059001,-2.1841561319942646,-2.2540426290746107,0.004415034464851898
1.0166666666666677,-2.875694957171181,-2.0725258929300785,-0.1615920941317334,-2.474379425654956,1.5697489012940031,0.2344027665985235,-0.3519579176218219,0.020676492437216677,0.45198406401445107,-2.184177332451611,-2.2540697262646603,0.004414683820028481
1.025000000000001,-2.870088376786596,-2.071652073158913,-0.1621520197130219,-2.474719062034389,1.5697565764991717,0.240006981339973,-0.3518354292077592,0.018767073844643104,0.4521253801221583,-2.1841993017718986,-2.254097797481619,0.004411272397772041
1.0333333333333343,-2.8644682945181787,-2.0706610645927537,-0.1628051727932854,-2.4750847713617814,1.5697644970643456,0.245624612365997,-0.35167458177241134,0.016862941714930187,0.45228316645174227,-2.184222004712601,-2.254126822041129,0.004404761435031136
1.0416666666666676,-2.8588364133034987,-2.0695523330220085,-0.1635524588441169,-2.475476174196836,1.5697726612749328,0.2512539521641115,-0.35147533694554545,0.014965259883557016,0.4524573586070679,-2.1842454071938433,-2.254156775006964,0.00439511932354396
1.0500000000000012,-2.8531944289593576,-2.0683252479499927,-0.1643950277164391,-2.4758927387473157,1.5697810678044253,0.2568933013229261,-0.351237675818735,0.013075191630663568,0.4526478746866333,-2.1842694748904696,-2.2541876289732987,0.004382321605698044
1.0583333333333345,-2.847544031074136,-2.066979081851509,-0.1653342731908492,-2.4763337823213054,1.569789715499989,0.2625409676410626,-0.35096159842277136,0.011193899438280941,0.45285461526713,-2.184294173292862,-2.254219354124055,0.004366350561473115
1.0666666666666678,-2.841886903884381,-2.065513009132615,-0.166371833462646,-2.476798471941522,1.5697986031889088,0.2681952650832367,-0.35064712323977204,0.009322544740370841,0.45307746332058074,-2.1843194675158997,-2.2542519184124545,0.004347195087478874
1.075000000000001,-2.836224727138588,-2.0639261049164506,-0.1675095923873139,-2.477285824373491,1.5698077294349606,0.2738545128666488,-0.3502942867524216,0.0074622876699326325,0.4533162840375665,-2.1843453222077267,-2.254285287578431,0.004324850541366383
1.0833333333333344,-2.8305591759114197,-2.0622173400451573,-0.168749684790566,-2.4777946879778194,1.5698170845659432,0.2795170506139849,-0.3499031438303759,0.005614286843496914,0.4535709265426074,-2.1843717077987193,-2.254319397787927,0.004299337675379477
1.091666666666668,-2.8248919249528983,-2.0603855909121087,-0.1700944885762033,-2.478323800684597,1.5698266760282236,0.2851811729400224,-0.3494737644856873,0.0037796990238184573,0.4538412169849229,-2.184398566943777,-2.254354258897786,0.0042706386786352255
1.1000000000000012,-2.819224645394458,-2.058429625208304,-0.1715466383977354,-2.4788717198662904,1.5698364999640002,0.2908452209795477,-0.3490062368093379,0.0019596787879736215,0.4541269658829883,-2.184425873388572,-2.254389816006231,0.004238773785448511
1.1083333333333345,-2.8135590073876293,-2.0563481049567227,-0.1731090252024715,-2.4794368501874136,1.5698465531889247,0.2965075283581727,-0.34850066501798777,0.00015537833272862952,0.4544279643450021,-2.184453591541077,-2.254426023720347,0.004203768379197529
1.1166666666666678,-2.8078966807977035,-2.054139585153491,-0.1747847997609223,-2.480017440677447,1.5698568321182196,0.3021664272642154,-0.34795716927056486,-0.0016320528301624233,0.454743983472332,-2.184481683273364,-2.254462837911982,0.004165653324146167
1.125000000000001,-2.80223933593022,-2.051802512055523,-0.1765773760499179,-2.4806115819943053,1.5698673325306158,0.3078202487910648,-0.34737588530465685,-0.0034014681827947957,0.45507477384004424,-2.184510108724669,-2.254500214134262,0.004124466371529402
1.1333333333333344,-2.7965886442767416,-2.049335221852372,-0.1784904344020459,-2.4812172042496763,1.569878049589967,0.3134673226591973,-0.346756964081672,-0.005151724530123651,0.4554200647940487,-2.184538826825597,-2.2545381071077757,0.004080252771213871
1.141666666666668,-2.79094627924527,-2.0467359397248,-0.180527924123182,-2.481832075207748,1.5698889777504224,0.3191059767588334,-0.34610057144044654,-0.006881682330144463,0.4557795636417032,-2.184567795607048,-2.254576470423581,0.004033065482735692
1.1500000000000012,-2.7853139168728007,-2.044002779409429,-0.1826940653283491,-2.4824537988160844,1.5699001105627286,0.3247345365596433,-0.34540688777497836,-0.008590206034732066,0.4561529547511959,-2.184596972295648,-2.2546152563657507,0.003982965240650651
1.1583333333333345,-2.7796932639811813,-2.0411338224316182,-0.1849932729958993,-2.483080192003694,1.5699116654348824,0.3303510005024199,-0.34467608889693907,-0.010276167447479917,0.4565398569785242,-2.1846262326905554,-2.254655002621124,0.003929630578705725
1.1666666666666679,-2.7740859398595608,-2.0381267841369985,-0.1874304682741175,-2.4837076418240542,1.5699231305983492,0.3359546603267654,-0.3439084276278786,-0.01193843509080452,0.45694000527036926,-2.1846559734116675,-2.2546940605368553,0.0038740866316930227
1.1750000000000012,-2.7684936748327,-2.034979551337607,-0.1900105971402774,-2.4843338427654813,1.569934813161454,0.3415429234176405,-0.343104095241556,-0.013575888999278616,0.4573529435833861,-2.184685552793058,-2.254733714574056,0.0038157748286032833
1.1833333333333345,-2.762918188689822,-2.031689885080308,-0.192738874249084,-2.484956083212794,1.5699469227434937,0.3471139576526547,-0.3422633122280151,-0.015187417574771857,0.4577782152617289,-2.18471503312545,-2.254774283332571,0.0037544351157919502
1.191666666666668,-2.75736114090704,-2.028255260558034,-0.1956209290179319,-2.485570617019713,1.5699591407996596,0.3526667625608642,-0.3413863539269063,-0.01677190843939652,0.45821543589859215,-2.1847447541424208,-2.254814628998144,0.0036907624441368247
1.2000000000000013,-2.751824243015098,-2.024673166044217,-0.1986625469118557,-2.486174148118393,1.569971493295395,0.3581993954774618,-0.3404734764150308,-0.01832825773065894,0.45866412368283677,-2.1847744502075046,-2.254854998819612,0.00362479644563398
1.2083333333333346,-2.7463091795969072,-2.0209409259237487,-0.2018698191947814,-2.486762822852827,1.5699837133359125,0.3637104110139534,-0.3395249722841364,-0.01985536444180472,0.4591238094378155,-2.1848040859962623,-2.2548948153911548,0.0035569954133193075
1.216666666666668,-2.740817744859762,-2.017056047178486,-0.2052487971983441,-2.48733388034924,1.5699963703723834,0.3691971062611386,-0.33854108285526774,-0.021352147466903972,0.4595938570291186,-2.1848332059004774,-2.254935661033054,0.003486558040863602
1.2250000000000012,-2.735351624058544,-2.013015694334137,-0.2088059549084285,-2.487882986772496,1.570009085380019,0.3746586248925021,-0.33752213886792154,-0.02281752269193768,0.460073759511772,-2.1848622995487292,-2.254976169094338,0.0034142464100929237
1.2333333333333345,-2.7299125623165765,-2.008817091849488,-0.212547817859852,-2.488406316495865,1.570021872936514,0.3800930483794361,-0.33646844792593616,-0.02425041744338982,0.4605629099386357,-2.184891150158541,-2.255016506976005,0.003340178391497557
1.241666666666668,-2.724502279454704,-2.0044573640289207,-0.2164810932575497,-2.4888995570184544,1.5700344323970232,0.385498927807333,-0.3353803546135631,-0.025649763402753687,0.461060708400498,-2.184919735030089,-2.2550560387124476,0.003264877874355375
1.2500000000000013,-2.71912262039264,-1.9999339088701809,-0.2206122785451241,-2.489359601290859,1.5700473957808787,0.3908734861590818,-0.33425814998303477,-0.027014517213734008,0.4615663812031807,-2.1849476079878083,-2.255096409270362,0.0031875741386994966
1.2583333333333346,-2.713775314761582,-1.995243866980967,-0.2249481150382982,-2.489781838032784,1.5700603418455246,0.3962158393328964,-0.3331022192766329,-0.02834363232985257,0.46207928273234744,-2.1849752549361616,-2.255136210605108,0.003109083931528158
1.266666666666668,-2.708462162260512,-1.990384554280869,-0.2294951644528305,-2.4901622896304283,1.570073282684744,0.4015240122812804,-0.33191292526169663,-0.02963607741712075,0.46259866471724187,-2.1850024565219455,-2.255175611879795,0.0030295687805007893
1.2750000000000012,-2.703184978852879,-1.9853534018878067,-0.2342598215159512,-2.490497009573786,1.5700862072487225,0.4067961474747269,-0.3306906504230802,-0.030890833927181144,0.4631237433281778,-2.185029125985978,-2.2552146172011494,0.0029492090909290056
1.2833333333333345,-2.697945600346883,-1.9801479949051792,-0.2392482186261679,-2.4907821387793603,1.5700990929525993,0.4120303963724633,-0.32943579526145167,-0.032106896413666215,0.4636537018396246,-2.185055198432938,-2.2552531881526283,0.002868211847907679
1.291666666666668,-2.692745886401794,-1.974766123730928,-0.2444661229968328,-2.4910139671475124,1.570111914619041,0.4172248946123622,-0.3281487793585815,-0.03328327378857714,0.4641876908706372,-2.185080615861949,-2.25529127531609,0.0027868013353025494
1.3000000000000014,-2.687587724498468,-1.9692058397093732,-0.2499188243874812,-2.491188995010314,1.5701246466975625,0.4223777531248862,-0.32683004330312837,-0.034418990501923624,0.4647248297533152,-2.185105324365917,-2.2553288264818767,0.002705213318496282
1.3083333333333347,-2.682473034291142,-1.9634655144827429,-0.2556110142289258,-2.491303996762418,1.5701372632414476,0.4274870517423703,-0.32548005108069095,-0.03551308774539715,0.4652642089613723,-2.1851292723852502,-2.2553657894485477,0.0026236918820372627
1.316666666666668,-2.6774037725704565,-1.9575439024697248,-0.2615466581712578,-2.4913560872569933,1.570149737739252,0.4325508332305463,-0.32409929284682004,-0.03656462477349161,0.46580489339688963,-2.1851524098253643,-2.255402113381422,0.002542487167282564
1.3250000000000013,-2.6723819389085994,-1.9514402053721576,-0.2677288646831712,-2.491342790060272,1.5701620431584722,0.4375670972434419,-0.32268828806142913,-0.03757268036113028,0.4663459264950819,-2.185174687946826,-2.255437749602741,0.0024618532908995557
1.3333333333333348,-2.6674095820029318,-1.9451541371823164,-0.27415975295392,-2.491262105960343,1.5701741521271018,0.4425337938900592,-0.32124758895017874,-0.03853635438907098,0.46688633515730393,-2.185196059676759,-2.2554726521166275,0.0023820462207974212
1.3416666666666681,-2.6624888066997343,-1.9386859879024685,-0.2808403240397624,-2.491112579708308,1.5701860371962817,0.4474488167572115,-0.3197777842593152,-0.03945476956049728,0.46742513547444886,-2.1852164801371945,-2.2555067780504836,0.002303321378938575
1.3500000000000014,-2.6576217816468928,-1.9320366838638687,-0.2877703396403111,-2.490893362627721,1.5701976711255172,0.4523099953477167,-0.3182795032261711,-0.04032707323794001,0.4679613392120262,-2.1852359072251075,-2.255540088049525,0.0022259310736880097
1.3583333333333347,-2.652810747491132,-1.925207842430987,-0.2949482132803153,-2.4906042685550545,1.5702090271918554,0.4571150869969815,-0.3167534196843316,-0.0411524394002802,0.4684939609573959,-2.1852543022249185,-2.255572546652847,0.0021501217264001437
1.366666666666668,-2.648058030994321,-1.918201810879296,-0.3023709409887413,-2.490245847791521,1.5702201811714147,0.4618618893747718,-0.3152002500276361,-0.04193007499144964,0.4690220210502302,-2.1852718492193826,-2.2556040632300776,0.0020761172033670837
1.3750000000000013,-2.6433660411025306,-1.9110217138190475,-0.3100339922830294,-2.489819367462621,1.5702310770461534,0.4665479796385185,-0.3136207695995335,-0.04265921121180663,0.46954456350475143,-2.185288483813713,-2.255634602574686,0.0020041261276642136
1.3833333333333349,-2.6387372861895724,-1.9036714781078143,-0.3179312806570802,-2.489326861341237,1.5702416755406756,0.4711708328779596,-0.3120158102778248,-0.043339113424934295,0.47006065865527236,-2.1853041538858933,-2.255664148160021,0.0019343476864724536
1.3916666666666682,-2.6341743824137325,-1.896155841180182,-0.3260551517800473,-2.4887711324042763,1.5702519487765902,0.475727826832623,-0.3103862636981772,-0.04396908301394415,0.47056941179125444,-2.1853188304236357,-2.2556926838032725,0.001866969720891365
1.4000000000000015,-2.6296800618208325,-1.8884803462367457,-0.3343964009798207,-2.48815574025578,1.5702618729518398,0.4802162282662989,-0.30873308417408024,-0.044548459161656624,0.47106997132517153,-2.1853324962466734,-2.255720194470617,0.0018021646550991036
1.4083333333333348,-2.6252571802711797,-1.880651323061573,-0.3429443226639583,-2.487484972639374,1.5702714266401177,0.4846331817240498,-0.30705729083409233,-0.045076620949865656,0.47156153613274304,-2.1853451412460934,-2.2557466688424013,0.0017400857350086836
1.416666666666668,-2.621269842589493,-1.8735644572943797,-0.3506367823818862,-2.4868006051369496,1.570261484884688,0.4885990862997781,-0.3055416428536148,-0.045535595310096655,0.47201047381626715,-2.185302178401114,-2.2557506312625515,0.0018600228490633646
1.4250000000000014,-2.6176808916515024,-1.867183904623942,-0.357559925764893,-2.4861801996401875,1.5702514086221904,0.4921664942951452,-0.30417556482441505,-0.045937203272669314,0.47240555642544246,-2.1852592466574934,-2.2557548714443176,0.0019782359926692897
1.433333333333335,-2.614451405164121,-1.8614443652243375,-0.3637907618131431,-2.485628153817814,1.5702434938821352,0.4953760773420927,-0.30294518878510246,-0.046289638841189445,0.47275159286851137,-2.1852228627309556,-2.2557621824322487,0.00207135973329437
1.4416666666666682,-2.611545529293372,-1.856282056930668,-0.3693985962712531,-2.485138474972361,1.5702380403160794,0.4982641582111876,-0.30183727458192444,-0.04659960042194031,0.4730548560448364,-2.185193553367168,-2.2557720511339823,0.002140146562215274
1.4500000000000015,-2.6089308598897656,-1.8516388893839224,-0.3744457782955164,-2.4847043068566754,1.570234816427711,0.5008632462356396,-0.3008397519814913,-0.04687273475112743,0.47332102669636894,-2.1851707116907573,-2.2557836126019404,0.002188366497706698
1.4583333333333348,-2.606578186185211,-1.8474625977322925,-0.3789882685686701,-2.4843192197440933,1.5702329372807076,0.503201809371587,-0.2999417361715394,-0.04711382479181017,0.47355502997436505,-2.1851523452543633,-2.2557964837126736,0.002219755141743516
1.4666666666666681,-2.6044612552932085,-1.843706179734608,-0.3830764936109855,-2.483977583185632,1.5702322119553864,0.5053059915057088,-0.29913336746515534,-0.04732698918825459,0.47376106827192443,-2.1851377652372617,-2.2558101979121927,0.0022375657982560628
1.4750000000000014,-2.602556446550204,-1.8403273643026097,-0.3867558660634503,-2.4836744226484395,1.5702325230184335,0.507199444689902,-0.2984057418313376,-0.04751576129025504,0.47394274402856795,-2.185126577666842,-2.2558242764071466,0.002244530853068892
1.483333333333335,-2.600842504054321,-1.8372881416562303,-0.3900672655413325,-2.4834053438309773,1.5702337250502902,0.5089034082759947,-0.2977508274363188,-0.04768317651204591,0.47410315375738443,-2.185118384941275,-2.2558383449046704,0.002242912759430163
1.4916666666666683,-2.5993003012388005,-1.8345543374973283,-0.3930474856129832,-2.483166468851163,1.5702356651547098,0.5104369369702579,-0.29716138291341676,-0.04783185066250118,0.4742449645183034,-2.185112778958423,-2.2558521432032785,0.002234573979721994
1.5000000000000016,-2.5979126283966094,-1.8320952254900928,-0.3957296414662228,-2.4829543739518902,1.5702382023944794,0.5118171410946376,-0.29663088169373736,-0.047964045115154494,0.4743704786603659,-2.1851093746016947,-2.255865497086612,0.0022210463367776986
1.5083333333333349,-2.596664000729116,-1.8298831776180928,-0.3981435378050784,-2.4827660331824783,1.5702412134698545,0.5130593975191583,-0.29615344303663016,-0.048081720464204315,0.47448168844075483,-2.1851078257859116,-2.255878292053496,0.002203589157452007
1.5166666666666682,-2.595540485388671,-1.827893350151172,-0.4003159998613323,-2.4825987695959504,1.5702445920894883,0.5141775312586268,-0.2957237693621072,-0.048186581030567034,0.47458032185354126,-2.185107827439389,-2.255890455855468,0.0021832359462274904
1.5250000000000015,-2.59452954584845,-1.8261034018469289,-0.4022711711765119,-2.4824502132032027,1.5702482469543413,0.5151839746934727,-0.29533708936212577,-0.048280112063855095,0.4746678810707479,-2.185109112407011,-2.2559019471816217,0.0021608321975477166
1.533333333333335,-2.593619901906436,-1.8244932409847407,-0.4040307815801712,-2.4823182645125805,1.5702520998711968,0.51608990927131,-0.29498910641548326,-0.04836361099104924,0.4747456747661062,-2.1851114475101894,-2.255912747727686,0.0021370665822473553
1.5416666666666683,-2.5928014037464404,-1.823044798177094,-0.4056143883941813,-2.482201062711736,1.5702560841721642,0.5169053924119462,-0.2946759518722985,-0.048438213749409674,0.47481484537796326,-2.1851146298961486,-2.2559228562336266,0.0021124969555710283
1.5500000000000016,-2.5920649186351747,-1.821741822269164,-0.4070395935491864,-2.482096957796561,1.5702601433519567,0.517639471357535,-0.2943941427988633,-0.04850491703817341,0.47487639217014105,-2.1851184837775124,-2.25593228387042,0.0020875721426933955
1.558333333333335,-2.5914022289827288,-1.8205696969455667,-0.4083222390176345,-2.4820044861070256,1.5702642298555929,0.518300285346704,-0.2941405437947585,-0.04856459717361664,0.4749311907909369,-2.185122857488137,-2.2559410506599766,0.0020626502098680245
1.5666666666666682,-2.5908059406248194,-1.819515275920886,-0.4094765827259802,-2.481922348823393,1.5702683039880994,0.5188951573259699,-0.2939123325170428,-0.04861802611160957,0.474980009905323,-2.185127620803143,-2.2559491827127753,0.002038013792238806
1.5750000000000015,-2.590269400300877,-1.81856673481381,-0.4105154568936077,-2.4818493930419825,1.5702723329342034,0.5194306762887908,-0.2937069685712464,-0.048665885102782025,0.47502352537498377,-2.185132662498381,-2.255956710112267,0.0020138829535421153
1.583333333333335,-2.5897866214052683,-1.817713438002364,-0.4114504105523669,-2.481784595102414,1.5702762898797222,0.5199127712194391,-0.2935221654546387,-0.04870877636405167,0.4750623323790572,-2.185137888134337,-2.255963665307554,0.0019904259755140867
1.5916666666666683,-2.589352217181448,-1.8169458189369765,-0.4122918378265878,-2.4817270458883454,1.5702801532135853,0.5203467775178876,-0.2933558652637269,-0.0487472330830488,0.475096955799996,-2.1851432180472363,-2.255970081892684,0.001967768391206066
1.6000000000000016,-2.588961340612935,-1.8162552725335095,-0.4130490933926686,-2.481675937839505,1.5702839058417035,0.5207374966683725,-0.29320621589824314,-0.048781728019580965,0.4751278591498341,-2.185148585536943,-2.2559759937243715,0.00194600060018974
1.608333333333335,-2.588609630339327,-1.8156340584267137,-0.4137305964016856,-2.4816305534781504,1.5702875345786786,0.5210892498734996,-0.2930715505228793,-0.04881268092104194,0.47515545225787814,-2.185153935253817,-2.2559814342672553,0.001925184247345367
1.6166666666666683,-2.588293161992469,-1.8150752139850408,-0.4143439240170664,-2.481590255269839,1.570291029588811,0.5214059262675202,-0.2929503690685601,-0.048840464931882946,0.47518009790677784,-2.185159221747273,-2.2559864361083233,0.0019053575425317692
1.6250000000000018,-2.5880084044095844,-1.8145724760923292,-0.414895895602282,-2.4815544766472786,1.570294383894104,0.5216910262487762,-0.2928413215719752,-0.048865412149169535,0.4752021175771127,-2.1851644081576804,-2.2559910306287305,0.0018865397234640057
1.633333333333335,-2.587752180234656,-1.8141202108105572,-0.4153926484936133,-2.481522714061275,1.5702975929435383,0.521947700441436,-0.2927431931731368,-0.048887818450618625,0.47522179643101764,-2.185169465054213,-2.2559952477872636,0.0018687347892425543
1.6416666666666684,-2.587521630468028,-1.8137133501267373,-0.4158397061987962,-2.481494519937016,1.5703006542353437,0.522178784732881,-0.2926548906076822,-0.04890794770077235,0.4752393876452846,-2.18517436940499,-2.2559991159869988,0.0018519346183516335
1.6500000000000017,-2.587314182568383,-1.813347335068144,-0.4162420397782408,-2.481469496429185,1.5703035669858325,0.5223868317852065,-0.29257543004623177,-0.04892603542412423,0.47525511618694016,-2.185179103665741,-2.256002662004942,0.0018361215676537862
1.658333333333335,-2.5871275217510323,-1.8130180645428784,-0.4166041230899762,-2.481447289882653,1.5703063318397072,0.5225741393784394,-0.2925039261473655,-0.04894229202005011,0.4752691821097793,-2.1851836549751806,-2.256005910968926,0.0018212706338175688
1.6666666666666683,-2.5869595651621435,-1.81272184932806,-0.4169299825114936,-2.4814275859169306,1.570308950617408,0.5227427759064927,-0.29243958220375865,-0.04895690558280195,0.4752817634382454,-2.18518801444658,-2.2560088863693877,0.0018073512459094777
1.6750000000000018,-2.5868084386406927,-1.8124553706865012,-0.4172232416904328,-2.4814101050624564,1.5703114260954976,0.5228946033139509,-0.29238168127280134,-0.04897004438014722,0.4752930186949722,-2.185192176545924,-2.2560116100963348,0.0017943287471982611
1.6833333333333351,-2.586672455808799,-1.812215643145331,-0.4174871618209421,-2.4813945988854584,1.5703137618164296,0.5230312977322575,-0.2923295781937057,-0.04898185903618653,0.4753030891198801,-2.185196138547729,-2.2560141024939844,0.00178216561517604
1.6916666666666684,-2.5865500992571167,-1.811999981017219,-0.4177246778929136,-2.4813808465456484,1.5703159619243825,0.5231543680474167,-0.29228269240276233,-0.04899248445713873,0.4753121006216682,-2.1851999000603395,-2.2560163824273176,0.001770822461224327
1.7000000000000017,-2.5864400036153468,-1.8118059682872865,-0.4179384313166242,-2.4813686517375984,1.570318031024167,0.5232651726076488,-0.2922405014671487,-0.04900204153324547,0.47532016549660666,-2.185203462613169,-2.2560184673561423,0.0017602588449506862
1.708333333333335,-2.5863409403189634,-1.8116314315268345,-0.4181307992851007,-2.481357839972417,1.5703199740605025,0.5233649342582191,-0.29220253526556933,-0.0490106386451999,0.47532738394455937,-2.1852068292990228,-2.2560203734133446,0.0017504339328327275
1.7166666666666683,-2.586251803902204,-1.8114744155292704,-0.4183039212003239,-2.481348256161389,1.570321796215242,0.5234547538716481,-0.2921683707511384,-0.04901837299951478,0.4753338454079422,-2.1852100044652936,-2.2560221154848294,0.0017413070262382528
1.7250000000000019,-2.586171599664388,-1.811333161394325,-0.4184597224568035,-2.4813397624676607,1.57032350282036,0.5235356225244582,-0.2921376272383313,-0.04902533181386899,0.47533962975577254,-2.185212993448355,-2.2560237072893075,0.0017328379800797078
1.7333333333333352,-2.586099432571966,-1.811206086814282,-0.4185999358467214,-2.4813322363959847,1.5703250992847646,0.5236084324563166,-0.29210996216162194,-0.04903159337061237,0.4753448083319387,-2.1852158023460886,-2.256025161456594,0.0017249875300542777
1.7416666666666685,-2.5860344972724825,-1.8110917683407688,-0.41872612082444,-2.481325569093929,1.5703265910331916,0.5236739869337083,-0.29208506725864763,-0.04903722795418556,0.4753494448842478,-2.18521843782395,-2.2560264896034683,0.0017177175437090657
1.7500000000000018,-2.585976069109049,-1.8109889254329676,-0.418839680844403,-2.481319663840999,1.570327983455627,0.5237330091279448,-0.2920626651354437,-0.04904229868613755,0.47535359638862096,-2.1852209069504704,-2.2560277024064526,0.0017109912082090893
1.758333333333335,-2.585923496035089,-1.8108964061081532,-0.4189418789650668,-2.4813144347047884,1.5703292818658838,0.5237861501062545,-0.29204250617552685,-0.04904686226965896,0.47535731378093377,-2.185223217058521,-2.2560288096710845,0.001704773165710867
1.7666666666666684,-2.5858761913391484,-1.8108131740335105,-0.4190338518922443,-2.481309805345618,1.5703304914681089,0.5238339960247561,-0.29202436575842594,-0.04905096965403667,0.475360642607387,-2.1852253756290616,-2.2560298203974503,0.0016990296055448115
1.775000000000002,-2.5858336270986144,-1.8107382969143695,-0.4191166226179096,-2.4813057079532164,1.5703316173301325,0.5238770746031891,-0.29200804175669226,-0.049054666628130135,0.47536362360292267,-2.185227390194444,-2.256030742841858,0.0016937283210214868
1.7833333333333352,-2.58579532828932,-1.8106709360486009,-0.4191911117949157,-2.4813020823008296,1.5703326643627091,0.5239158609532515,-0.2919933522835212,-0.04905799435085328,0.4753662932060017,-2.1852292682587033,-2.2560315845746404,0.0016888387373907836
1.7916666666666685,-2.585760867485309,-1.8106103369299853,-0.4192581479740335,-2.4812988749037834,1.570333637303799,0.5239507828251775,-0.2919801336658989,-0.04906098982567369,0.47536868401703836,-2.185231017232522,-2.256032352534143,0.001684331916528215
1.8000000000000018,-2.5857298600896503,-1.810555820795188,-0.4193184768170825,-2.481296038270964,1.570334540707152,0.5239822253307136,-0.2919682386207011,-0.049063686325304064,0.47537082520689644,-2.1852326443808576,-2.2560330530770036,0.0016801805429680898
1.8083333333333351,-2.585701960043077,-1.810506777019528,-0.4193727693885515,-2.4812935302389607,1.5703353789345382,0.524010535194811,-0.29195753461342266,-0.04906611377203166,0.4753727428810817,-2.1852341567814237,-2.256033692024863,0.0016763588952370537
1.8166666666666684,-2.5856768559625976,-1.8104626562763024,-0.4194216296178658,-2.4812913133797667,1.5703361561510552,0.5240360245831205,-0.291947902381259,-0.04906829907849507,0.4753744604045894,-2.185235561292494,-2.2560342747076776,0.0016728428057053426
1.825000000000002,-2.585654267666988,-1.810422964382957,-0.4194656010152446,-2.4812893544739176,1.5703368763230137,0.524058974547655,-0.29193923460407956,-0.04907026645316741,0.47537599869178854,-2.185236864528612,-2.2560348060038002,0.0016696096117463585
1.8333333333333353,-2.5856339430504067,-1.8103872567651336,-0.4195051727158003,-2.481287624041866,1.570337543217965,0.5240796381287477,-0.29193143470848965,-0.0490720376743179,0.47537737646520534,-2.185238072843017,-2.2560352903770227,0.0016666381004313594
1.8416666666666686,-2.585615655269254,-1.8103551334765315,-0.4195407849190626,-2.4812860959271794,1.5703381604064934,0.5240982431476202,-0.2919244157916507,-0.04907363233579991,0.47537861048663166,-2.1852391923157444,-2.2560357319107784,0.001663908448670907
1.8500000000000019,-2.5855992002108983,-1.810326234718772,-0.4195728337843957,-2.4812847469258394,1.570338731265445,0.5241149947204417,-0.29191809965287113,-0.0490750680676392,0.47537971576358035,-2.1852402287464607,-2.2560361343396544,0.0016614021603570872
1.8583333333333352,-2.5855843942160126,-1.8103002368110568,-0.4196016758367291,-2.4812835564565865,1.5703392589823126,0.5241300775216754,-0.2919124159221734,-0.049076360734072996,0.47538070573377533,-2.1852411876512545,-2.256036501078441,0.0016591020017567351
1.8666666666666685,-2.585571072029137,-1.810276848564453,-0.4196276319315795,-2.481282506267768,1.570339746560529,0.5241436578217296,-0.29190730127612863,-0.04907752461139044,0.47538159243005673,-2.1852420742626957,-2.2560368352488482,0.0016569919362183552
1.875000000000002,-2.585559084954576,-1.8102558080201745,-0.4196509908234434,-2.4812815801766823,1.5703401968254649,0.5241558853214295,-0.29190269873221736,-0.049078572547681866,0.4753823866278173,-2.1852428935325463,-2.256037139704095,0.0016550570590172825
1.8833333333333353,-2.585548299197072,-1.8102368795153152,-0.4196720123772338,-2.4812807638378302,1.5703406124309476,0.5241668948035857,-0.29189855701385575,-0.04907951610636802,0.47538309797684725,-2.185243650136635,-2.2560374170514947,0.0016532835330105992
1.8916666666666686,-2.585538594368741,-1.810219851043154,-0.4196909304584627,-2.4812800445368905,1.5703409958661592,0.5241768076198953,-0.2918948299790085,-0.04908036569518453,0.47538373511926174,-2.185244348481443,-2.2560376696732107,0.001651658525625732
1.900000000000002,-2.58552986214561,-1.8102045318784576,-0.4197079555343051,-2.481279411007582,1.5703413494627705,0.5241857330296065,-0.2918914761060221,-0.04908113068211705,0.47538430579499813,-2.1852449927120277,-2.256037899745309,0.001650170147589328
1.9083333333333352,-2.5855220050587637,-1.8101907504411765,-0.4197232770144626,-2.481278853268888,1.5703416754022197,0.5241937694047296,-0.29188845803094754,-0.0490818194996288,0.4753848169362074,-2.185245586720958,-2.256038109255251,0.0016488073937034736
1.9166666666666687,-2.585514935406616,-1.8101783523745945,-0.4197370653578541,-2.481278362480392,1.570341975723034,0.5242010053151013,-0.2918857421311962,-0.049082439738373555,0.4753852747517236,-2.185246134157998,-2.256038300017934,0.0016475600859072754
1.925000000000002,-2.5855085742761825,-1.8101671988164096,-0.4197494739685576,-2.481277930813733,1.5703422523281283,0.5242075205052846,-0.2918832981508891,-0.04908299823146702,0.47538568480266175,-2.185246638440318,-2.2560384736904,0.001646418818751432
1.9333333333333353,-2.585502850662408,-1.810157164843376,-0.419760640902085,-2.4812775513383865,1.5703425069920134,0.5242133867740911,-0.2918810988637256,-0.04908350113028263,0.47538605207008344,-2.185247102763017,-2.2560386317853305,0.0016453749074098435
1.9416666666666687,-2.585497700675744,-1.810148138072071,-0.4197706904009604,-2.481277217920197,1.5703427413678692,0.5242186687664313,-0.2918791197696101,-0.04908395397262568,0.47538638101557246,-2.1852475301098138,-2.256038775683405,0.0016444203382824662
1.950000000000002,-2.5854930668291303,-1.8101400174001343,-0.4197797342766803,-2.481276925131248,1.570342956994443,0.5242234246862396,-0.2918773388216617,-0.04908436174406225,0.4753866756354632,-2.1852479232637774,-2.2560389066446214,0.0016435477221774155
1.9583333333333353,-2.585488897396418,-1.8101327118738595,-0.4197878731534196,-2.481276668169811,1.5703431553027387,0.5242277069383373,-0.29187573618055934,-0.0490847289330958,0.47538693950939515,-2.185248284817979,-2.2560390258186795,0.0016427502500868817
1.9666666666666688,-2.5854851458350807,-1.8101261396694612,-0.419795197587314,-2.481276442789261,1.57034333762248,0.5242315627063211,-0.2918742939934871,-0.04908505958081063,0.47538717584378887,-2.185248617185983,-2.2560391342544786,0.0016420216515036841
1.975000000000002,-2.5854817702667745,-1.81012022717661,-0.4198017890737681,-2.4812762452349606,1.5703435051883243,0.5242350344728561,-0.29187299619521717,-0.04908535732554285,0.47538738751077486,-2.1852489226121006,-2.2560392329088104,0.0016413561552130777
1.9833333333333354,-2.585478733009946,-1.810114908173957,-0.4198077209539867,-2.481276072188228,1.5703436591458186,0.5242381604881106,-0.2918718283291104,-0.04908562544307742,0.4753875770830583,-2.1852492031813697,-2.25603932265433,0.001640748452505755
1.9916666666666687,-2.585476000159273,-1.8101101230874264,-0.4198130592308138,-2.481275920716605,1.570343800557089,0.5242409751915056,-0.2918707773860428,-0.04908586688282386,0.4753877468651409,-2.185249460829191,-2.2560394042868324,0.0016401936627067763
2.000000000000002,-2.585473541207252,-1.8101058183229624,-0.4198178633029508,-2.4812757882297176,1.570343930406264,0.5242435095914335,-0.29186983165946156,-0.049086084300374304,0.47538789892128186,-2.185249697350617,-2.256039478531929,0.0016396873009411474
2.0083333333333355,-2.585471328703697,-1.8101019456662508,-0.4198221866257182,-2.4812756724401166,1.5703440496046213,0.5242457916071311,-0.2918689806149552,-0.04908628008680576,0.47538803510054456,-2.1852499144092485,-2.256039546051141,0.0016392252480368105
2.016666666666669,-2.5854693379493696,-1.8100984617427027,-0.4198260773057118,-2.481275571328532,1.5703441589954727,0.5242478463764844,-0.2918682147728844,-0.04908645639505391,0.4753881570592258,-2.1852501135457465,-2.2560396074474762,0.0016388037224545004
2.025000000000002,-2.585467546720296,-1.8100953275316425,-0.4198295786359637,-2.4812754831130537,1.570344259358782,0.5242496965331571,-0.29186752560276685,-0.04908661516365536,0.4753882662809491,-2.1852502961859286,-2.2560396632705353,0.0016384192541625345
2.0333333333333354,-2.5854659350197204,-1.8100925079292631,-0.4198327295775622,-2.481275406221807,1.5703443514155244,0.5242513624561035,-0.2918669054282365,-0.04908675813811564,0.47538836409466007,-2.185250463648469,-2.256039714021172,0.001638068660319789
2.0416666666666687,-2.585464484854908,-1.810089971355452,-0.419835565193086,-2.481275339268716,1.5703444358317953,0.5242528624942149,-0.29186634734152134,-0.049086886890146515,0.4753884516907484,-2.1852506171521897,-2.2560397601557565,0.0016377490227072256
2.050000000000002,-2.585463180036318,-1.8100876894000832,-0.4198381170366737,-2.4812752810320235,1.570344513222675,0.5242542131685811,-0.29186584512648367,-0.049087002834982935,0.47538853013548593,-2.185250757822949,-2.256039802090075,0.0016374576667719373
2.0583333333333353,-2.585462005996898,-1.8100856365048168,-0.4198404135050664,-2.481275230435254,1.5703445841558608,0.5242554293545971,-0.29186539318936755,-0.04908710724697229,0.4753886003839632,-2.185250886700151,-2.256039840202884,0.001637192142204422
2.0666666666666687,-2.585460949629488,-1.810083789676838,-0.4198424801535284,-2.4812751865303406,1.57034464915507,0.5242565244459209,-0.2918649864964812,-0.04908720127360924,0.47538866329167484,-2.185251004742859,-2.256039874839171,0.001636950204948947
2.075000000000002,-2.585459999140517,-1.8100821282313289,-0.4198443399801597,-2.4812751484826814,1.570344708703233,0.5242575105020961,-0.2918646205181171,-0.04908728594817057,0.4753887196249003,-2.1852511128355485,-2.2560399063131222,0.0016367298005606791
2.0833333333333353,-2.585459143918367,-1.8100806335597956,-0.419846013681762,-2.4812751155579,1.5703447632454743,0.5242583983814638,-0.2918642911780914,-0.04908736220108985,0.4753887700700018,-2.1852512117935117,-2.256039934910836,0.001636529048815565
2.091666666666669,-2.5854583744149164,-1.8100792889216475,-0.4198475198841052,-2.481275087110124,1.5703448131919044,0.5242591978608306,-0.2918639948083323,-0.04908743087019992,0.4753888152417523,-2.185251302367906,-2.2560399608928057,0.0016363462294906623
2.1000000000000023,-2.5854576820389643,-1.8100780792566988,-0.419848875349154,-2.481275062571608,1.570344858920221,0.524259917743213,-0.2918637281080185,-0.04908749270995285,0.4753888556907978,-2.1852513852504893,-2.2560399844961783,0.001636179769240645
2.1083333333333356,-2.585457059060331,-1.81007699101649,-0.4198500951615613,-2.481275041443547,1.5703449007781367,0.5242605659548467,-0.2918634881068073,-0.049087548399721945,0.4753888919103417,-2.1852514610780416,-2.2560400059368235,0.0016360282294921717
2.116666666666669,-2.5854564985235684,-1.810076012012542,-0.4198511928965022,-2.4812750232879512,1.5703449390856412,0.5242611496325298,-0.29186327213174507,-0.04908759855127668,0.4753889243421317,-2.185251530436483,-2.25604002541122,0.0016358902952779769
2.125000000000002,-2.585455994170319,-1.8100751312798435,-0.4198521807707145,-2.481275007720454,1.5703449741371052,0.5242616752022631,-0.29186307777749193,-0.04908764371551225,0.47538895338182435,-2.1852515938647286,-2.2560400430981744,0.0016357647649591933
2.1333333333333355,-2.5854555403694546,-1.810074338954039,-0.4198530697784273,-2.481274994403956,1.570345006203237,0.5242621484500556,-0.2918629028795269,-0.049087684388509634,0.47538897938378966,-2.1852516518582594,-2.2560400591603935,0.0016356505407521798
2.141666666666669,-2.5854551320542165,-1.810073626160947,-0.4198538698136886,-2.481274983043,1.570345035532902,0.5242625745856765,-0.29186274549003643,-0.049087721016991666,0.4753890026654158,-2.18525170487246,-2.256040073745916,0.001635546620021855
2.150000000000002,-2.585454764665655,-1.8100729849171664,-0.4198545897804538,-2.4812749733788078,1.5703450623548108,0.5242629583000535,-0.2918626038562164,-0.04908775400323552,0.4753890235109644,-2.1852517533257125,-2.256040086989423,0.0016354520872595083
2.1583333333333354,-2.585454434101738,-1.8100724080406616,-0.419855237691658,-2.481274965184884,1.5703450868790847,0.5242633038169545,-0.2918624764007481,-0.049087783709496215,0.475389042175026,-2.1852517976022665,-2.2560400990134224,0.0016353661067277146
2.1666666666666687,-2.585454136671556,-1.8100718890703216,-0.4198558207583761,-2.481274958263143,1.5703451092987093,0.5242636149395193,-0.2918623617042277,-0.04908781046199028,0.4753890588856133,-2.185251838054912,-2.256040109929347,0.0016352879156850445
2.175000000000002,-2.585453869054123,-1.8100714221935943,-0.419856345470061,-2.481274952440481,1.5703451297908788,0.5242638950921563,-0.29186225848935615,-0.04908783455448138,0.47538907384693285,-2.1852518750074474,-2.256040119838536,0.0016352168181746824
2.183333333333336,-2.5854536282613,-1.810071002181386,-0.4198568176667538,-2.481274947565755,1.570345148518242,0.524264147358265,-0.29186216560671113,-0.049087856251510076,0.4753890872418693,-2.1852519087569733,-2.256040128833146,0.0016351521793184435
2.191666666666669,-2.585453411604437,-1.810070624329492,-0.4198572426040676,-2.481274943507116,1.5703451656300549,0.5242643745142005,-0.291862082021944,-0.04908787579130187,0.4753890992342079,-2.1852519395760064,-2.2560401369969685,0.0016350934200837618
2.2000000000000024,-2.5854532166643582,-1.810070284405911,-0.4198576250116703,-2.481274940149654,1.5703451812632474,0.5242645790598551,-0.2918620068042591,-0.04908789338838539,0.47538910997062866,-2.1852519677144473,-2.256040144406188,0.0016350400124830295
2.2083333333333357,-2.585453041264355,-1.810069978603445,-0.4198579691459144,-2.4812749373933256,1.570345195543408,0.5242647632461928,-0.2918619391160457,-0.0490879092359505,0.47538911958248947,-2.185251993401392,-2.256040151130057,0.0016349914751716882
2.216666666666669,-2.585452883445884,-1.8100697034970583,-0.4198582788372006,-2.481274935151124,1.5703452085856937,0.52426492910004,-0.2918618782035487,-0.04908792350797097,0.4753891281874263,-2.185252016846803,-2.25604015723153,0.0016349473694181505
2.2250000000000023,-2.5854527414467023,-1.8100694560055164,-0.4198585575326033,-2.481274933347468,1.570345220495671,0.5242650784464098,-0.2918618233884732,-0.04908793636111725,0.4753891358907837,-2.1852520382430596,-2.256040162767824,0.0016349072954051438
2.2333333333333356,-2.585452613681195,-1.8100692333568744,-0.4198588083342288,-2.481274931916786,1.570345231370092,0.5242652129285997,-0.29186177406042946,-0.04908794793647642,0.47538914278689887,-2.18525205776639,-2.2560401677909385,0.0016348708888499755
2.241666666666669,-2.58545249872267,-1.810069033057433,-0.4198590340337372,-2.481274930802261,1.570345241297609,0.5242653340262882,-0.2918617296701345,-0.049087958361104085,0.47538914896024986,-2.1852520755781777,-2.256040172348127,0.0016348378179082636
2.250000000000002,-2.5854523952874326,-1.8100688528638067,-0.4198592371434086,-2.4812749299547394,1.5703452503594344,0.5242654430718293,-0.2918616897232944,-0.04908796774941905,0.4753891544864849,-2.1852520918261846,-2.256040176482325,0.0016348077803342148
2.2583333333333355,-2.5854523022204527,-1.810068690757799,-0.4198594199241011,-2.481274929331757,1.570345258629949,0.5242655412649233,-0.29186165377509926,-0.049087976204461266,0.47538915943334487,-2.185252106645665,-2.256040180232542,0.0016347805008969493
2.266666666666669,-2.5854522184824686,-1.810068544923797,-0.4198595844104109,-2.481274928896695,1.5703452661772612,0.5242656296858274,-0.2918616214252686,-0.04908798381902305,0.4753891638614878,-2.1852521201603996,-2.2560401836342168,0.001634755729000559
2.275000000000002,-2.585452143138385,-1.810068413728437,-0.4198597324333155,-2.481274928618032,1.5703452730637255,0.5242657093072493,-0.29186159231359377,-0.04908799067666917,0.47538916782522944,-2.1852521324836407,-2.2560401867195425,0.0016347332365223256
2.283333333333336,-2.585452075346831,-1.8100682957023104,-0.4198598656405498,-2.481274928468689,1.5703452793464143,0.5242657810050569,-0.29186156611592573,-0.04908799685265405,0.47538917137320535,-2.18525214371899,-2.2560401895177606,0.0016347128158257195
2.291666666666669,-2.58545201435077,-1.8100681895235056,-0.4198599855149441,-2.481274928425453,1.5703452850775554,0.5242658455679208,-0.2918615425405655,-0.049088002414748526,0.47538917454896445,-2.1852521539611947,-2.256040192055427,0.0016346942779577854
2.3000000000000025,-2.585451959469043,-1.8100680940028036,-0.4198600933909271,-2.481274928468475,1.5703452903049355,0.524265903705998,-0.2918615213250155,-0.049088007423984586,0.47538917739149955,-2.1852521632968944,-2.25604019435666,0.0016346774509860395
2.308333333333336,-2.5854519100887656,-1.8100680080703564,-0.4198601904693768,-2.481274928580827,1.570345295072268,0.524265956058748,-0.29186150223305546,-0.04908801193532507,0.4753891799357246,-2.1852521718052924,-2.2560401964433603,0.001634662178495484
2.316666666666669,-2.5854518656584857,-1.810067930763708,-0.4198602778309857,-2.4812749287481144,1.5703452994195348,0.5242660032019738,-0.2918614850521126,-0.04908801599826784,0.47538918221289994,-2.1852521795587867,-2.256040198335413,0.0016346483182048078
2.3250000000000024,-2.5854518256820245,-1.8100678612170105,-0.4198603564482889,-2.4812749289581397,1.570345303383296,0.5242660456541587,-0.2918614695908935,-0.04908801965738857,0.47538918425101495,-2.185252186623537,-2.256040200050874,0.0016346357407087063
2.3333333333333357,-2.5854517897129368,-1.8100677986513296,-0.4198604271964875,-2.4812749292006018,1.5703453069969784,0.5242660838821739,-0.2918614556772547,-0.04908802295283129,0.4753891860751291,-2.1852521930599944,-2.256040201606134,0.0016346243283329456
2.341666666666669,-2.585451757349527,-1.8100677423659204,-0.4198604908631901,-2.4812749294668435,1.5703453102911389,0.5242661183064175,-0.29186144315628454,-0.049088025920748415,0.47538918770767835,-2.185252198923383,-2.2560402030160733,0.001634613974075399
2.3500000000000023,-2.5854517282303635,-1.810067691730376,-0.4198605481571784,-2.48127492974962,1.570345313293705,0.5242661493054404,-0.29186143188857894,-0.04908802859369757,0.4753891891687504,-2.185252204264143,-2.2560402042941976,0.0016346045806642634
2.3583333333333356,-2.5854517020302428,-1.8100676461775709,-0.4198605997162964,-2.481274930042905,1.5703453160301986,0.5242661772201138,-0.29186142174868873,-0.049088031000999774,0.47538919047632855,-2.1852522091283397,-2.256040205452766,0.0016345960596725326
2.366666666666669,-2.585451678456559,-1.8100676051973048,-0.4198606461145496,-2.4812749303417174,1.5703453185239378,0.5242662023573794,-0.29186141262372217,-0.04908803316906034,0.47538919164651394,-2.185252213558032,-2.256040206502903,0.0016345883307346202
2.375000000000002,-2.585451657246035,-1.8100675683305925,-0.419860687868494,-2.481274930641973,1.5703453207962257,0.5242662249936282,-0.2918614044120886,-0.049088035121659955,0.47538919269372043,-2.1852522175916187,-2.256040207454706,0.0016345813208124282
2.383333333333336,-2.585451638161784,-1.8100675351645203,-0.4198607254429858,-2.481274930940353,1.5703453228665192,0.524266245377741,-0.2918613970223667,-0.04908803688021489,0.4753891936308517,-2.185252221264149,-2.2560402083173376,0.0016345749635384788
2.3916666666666693,-2.5854516209906646,-1.8100675053276225,-0.4198607592563551,-2.481274931234193,1.5703453247525891,0.5242662637338278,-0.2918613903722864,-0.04908803846401205,0.47538919446946,-2.185252224607611,-2.2560402090991105,0.0016345691986149058
2.4000000000000026,-2.5854516055409,-1.8100674784857205,-0.4198607896850629,-2.481274931521384,1.5703453264706622,0.5242662802636935,-0.291861384387813,-0.04908803989042133,0.47538919521988665,-2.185252227651194,-2.256040209807568,0.0016345639712620232
2.408333333333336,-2.5854515916399365,-1.81006745433818,-0.4198608170678908,-2.4812749318002867,1.5703453280355528,0.5242662951490575,-0.2918613790023228,-0.049088041175085646,0.47538919589138934,-2.1852522304215296,-2.256040210449551,0.0016345592317231973
2.416666666666669,-2.585451579132517,-1.8100674326145445,-0.4198608417097128,-2.4812749320696605,1.570345329460786,0.5242663085535547,-0.2918613741558609,-0.04908804233209304,0.4753891964922551,-2.185252232942915,-2.256040211031271,0.0016345549348033496
2.4250000000000025,-2.585451567878948,-1.810067413071505,-0.4198608638848878,-2.481274932328598,1.5703453307587052,0.5242663206245338,-0.29186136979447397,-0.04908804337413071,0.47538919702990207,-2.1852522352375083,-2.2560402115583558,0.0016345510394606079
2.433333333333336,-2.5854515577535366,-1.8100673954901765,-0.4198608838403151,-2.4812749325764702,1.570345331940577,0.5242663314946804,-0.2918613658696093,-0.0490880443126254,0.47538919751097075,-2.1852522373255217,-2.256040212035916,0.00163454750842566
2.441666666666669,-2.5854515486431926,-1.8100673796736435,-0.4198609017981812,-2.4812749328128816,1.570345333016681,0.5242663412834746,-0.2918613623375743,-0.049088045157867084,0.475389197941405,-2.1852522392253837,-2.2560402124685837,0.001634544307861453
2.4500000000000024,-2.58545154044616,-1.810067365444759,-0.4198609179584343,-2.481274933037628,1.5703453339963973,0.5242663500985069,-0.29186135915904965,-0.0490880459191235,0.47538919832652526,-2.1852522409538992,-2.256040212860559,0.0016345414070450324
2.4583333333333357,-2.5854515330708825,-1.810067352644156,-0.4198609325010095,-2.481274933250663,1.5703453348882828,0.5242663580366611,-0.2918613562986519,-0.0490880466047414,0.47538919867109386,-2.1852522425263854,-2.256040213215655,0.001634538778088716
2.466666666666669,-2.585451526434983,-1.8100673411284656,-0.4198609455878316,-2.4812749334520667,1.5703453357001425,0.5242663651851796,-0.29186135372453964,-0.04908804722223709,0.47538919897937343,-2.1852522439568074,-2.2560402135373248,0.0016345363956792483
2.4750000000000028,-2.585451520464342,-1.8100673307687092,-0.4198609573646185,-2.4812749336420223,1.5703453364390954,0.5242663716226235,-0.2918613514080581,-0.04908804777838032,0.4753891992551792,-2.185252245257891,-2.2560402138287015,0.0016345342368428233
2.483333333333336,-2.585451515092268,-1.8100673214488563,-0.4198609679625024,-2.481274933820794,1.5703453371116336,0.5242663774197363,-0.2918613493234212,-0.04908804827926817,0.4753891995019257,-2.1852522464412356,-2.256040214092628,0.001634532280728502
2.4916666666666694,-2.5854515102587565,-1.8100673130645215,-0.4198609774994902,-2.481274933988709,1.5703453377236771,0.5242663826402224,-0.29186134744742365,-0.04908804873039121,0.47538919972266946,-2.185252247517409,-2.256040214331679,0.0016345305084179834
2.5000000000000027,-2.585451505909818,-1.8100673055217995,-0.4198609860817771,-2.4812749341461418,1.5703453382806232,0.5242663873414473,-0.29186134575918304,-0.04908804913669474,0.4753891999201454,-2.1852522484960413,-2.2560402145481913,0.0016345289027426787
2.508333333333336,-2.5854515019968747,-1.8100672987362088,-0.4198609938049286,-2.4812749342935008,1.5703453387873922,0.5242663915750684,-0.2918613442399068,-0.049088049502632146,0.4753892000968023,-2.185252249385902,-2.256040214744279,0.001634527448131012
2.5166666666666693,-2.5854514984762185,-1.810067292631751,-0.4198610007549447,-2.4812749344312195,1.5703453392484694,0.5242663953876031,-0.29186134287268406,-0.04908804983221472,0.47538920025483045,-2.1852522501949845,-2.256040214921863,0.0016345261304506595
2.5250000000000026,-2.585451495308523,-1.8100672871400532,-0.4198610070092171,-2.4812749345597456,1.5703453396679428,0.5242663988209407,-0.2918613416422958,-0.04908805012905452,0.4753892003961909,-2.1852522509305654,-2.2560402150826824,0.0016345249368875693
2.533333333333336,-2.585451492458404,-1.810067282199608,-0.419861012637391,-2.481274934679534,1.5703453400495375,0.5242664019128026,-0.2918613405350469,-0.049088050396405014,0.4753892005226385,-2.1852522515992723,-2.2560402152283143,0.0016345238558155358
2.541666666666669,-2.5854514898940235,-1.8100672777550808,-0.4198610177021404,-2.4812749347910423,1.5703453403966492,0.5242664046971571,-0.29186133953861276,-0.049088050637196685,0.4753892006357433,-2.1852522522071407,-2.2560402153601884,0.0016345228766914803
2.5500000000000025,-2.5854514875867367,-1.8100672737566927,-0.4198610222598655,-2.4812749348947234,1.5703453407123706,0.5242664072045929,-0.2918613386419025,-0.049088050854068054,0.4753892007369105,-2.1852522527596667,-2.256040215479599,0.0016345219899526985
2.558333333333336,-2.5854514855107693,-1.81006727015966,-0.4198610263613212,-2.4812749349910237,1.5703453409995205,0.5242664094626555,-0.291861337834935,-0.049088051049395794,0.47538920082739766,-2.185252253261853,-2.25604021558772,0.0016345211869296485
2.566666666666669,-2.5854514836429314,-1.8100672669236944,-0.4198610300521819,-2.4812749350803776,1.5703453412606654,0.5242664114961498,-0.2918613371087283,-0.04908805122532012,0.47538920090833037,-2.1852522537182533,-2.256040215685614,0.0016345204597630193
2.575000000000003,-2.585451481962357,-1.8100672640125528,-0.4198610333735501,-2.481274935163209,1.5703453414981448,0.5242664133274134,-0.2918613364551996,-0.049088051383769225,0.4753892009807154,-2.1852522541330157,-2.256040215774247,0.001634519801321394
2.583333333333336,-2.5854514804502737,-1.8100672613936304,-0.4198610363624137,-2.481274935239925,1.570345341714088,0.5242664149765609,-0.2918613358670754,-0.049088051526478965,0.47538920104545335,-2.185252254509914,-2.2560402158544903,0.0016345192051436968
2.5916666666666694,-2.5854514790897887,-1.810067259037594,-0.4198610390520584,-2.4812749353109185,1.5703453419104352,0.5242664164617066,-0.29186133533780945,-0.049088051655013204,0.4753892011033509,-2.18525225485238,-2.256040215927137,0.001634518665370264
2.6000000000000028,-2.585451477865704,-1.8100672569180551,-0.4198610414724379,-2.4812749353765637,1.5703453420889528,0.5242664177991624,-0.2918613348615111,-0.04908805177078024,0.47538920115512895,-2.1852522551635403,-2.256040215992903,0.0016345181766923402
2.608333333333336,-2.5854514767643444,-1.8100672550112744,-0.4198610436505074,-2.481274935437217,1.5703453422512492,0.5242664190036175,-0.2918613344328793,-0.04908805187504838,0.4753892012014334,-2.185252255446238,-2.256040216052438,0.0016345177342988045
2.6166666666666694,-2.5854514757734064,-1.8100672532958957,-0.4198610456105239,-2.48127493549322,1.5703453423987888,0.5242664200882998,-0.29186133404714343,-0.049088051968960114,0.4753892012428415,-2.1852522557030594,-2.256040216106331,0.0016345173338229888
2.6250000000000027,-2.58545147488182,-1.8100672517527052,-0.4198610473743163,-2.481274935544893,1.570345342532905,0.524266421065122,-0.2918613337000104,-0.04908805205354402,0.47538920127987017,-2.1852522559363607,-2.2560402161551143,0.0016345169713164668
2.633333333333336,-2.5854514740796244,-1.81006725036442,-0.4198610489615282,-2.4812749355925416,1.5703453426548115,0.524266421944811,-0.2918613333876169,-0.04908805212972692,0.4753892013129812,-2.185252256148282,-2.256040216199272,0.001634516643192054
2.6416666666666693,-2.5854514733578577,-1.8100672491154903,-0.419861050389837,-2.481274935636452,1.5703453427656129,0.524266422737027,-0.2918613331064861,-0.049088052198343245,0.47538920134258855,-2.1852522563407706,-2.256040216239241,0.0016345163462051276
2.6500000000000026,-2.5854514727084563,-1.810067247991928,-0.4198610516751505,-2.4812749356768933,1.5703453428663148,0.5242664234504694,-0.2918613328534893,-0.04908805226014476,0.4753892013690617,-2.1852522565155974,-2.2560402162754167,0.0016345160774144522
2.658333333333336,-2.585451472124165,-1.8100672469811483,-0.4198610528317837,-2.48127493571412,1.570345342957832,0.5242664240929721,-0.29186133262581093,-0.0490880523158083,0.4753892013927324,-2.185252256674374,-2.2560402163081577,0.0016345158341545829
2.6666666666666696,-2.585451471598456,-1.8100672460718303,-0.4198610538726191,-2.481274935748369,1.5703453430409977,0.5242664246715897,-0.2918613324209171,-0.04908805236594375,0.47538920141389607,-2.185252256818566,-2.2560402163377917,0.0016345156140117147
2.675000000000003,-2.5854514711254564,-1.8100672452537896,-0.4198610548092493,-2.4812749357798625,1.5703453431165693,0.5242664251926759,-0.2918613322365276,-0.04908805241109983,0.4753892014328178,-2.1852522569495054,-2.25604021636461,0.0016345154147986603
2.6833333333333362,-2.585451470699881,-1.810067244517864,-0.4198610556521065,-2.4812749358088086,1.5703453431852363,0.5242664256619514,-0.29186133207059045,-0.04908805245177169,0.4753892014497347,-2.1852522570684028,-2.2560402163888806,0.0016345152345325332
2.6916666666666695,-2.585451470316976,-1.81006724385581,-0.4198610564105785,-2.481274935835401,1.5703453432476264,0.5242664260845685,-0.29186133192125885,-0.04908805248840403,0.47538920146485864,-2.1852522571763613,-2.256040216410845,0.0016345150714206342
2.700000000000003,-2.5854514699724622,-1.8100672432602127,-0.4198610570931133,-2.4812749358598203,1.5703453433043095,0.5242664264651669,-0.29186133178687096,-0.04908805252139856,0.4753892014783794,-2.1852522572743798,-2.256040216430721,0.0016345149238374196
2.708333333333336,-2.585451469662491,-1.8100672427244024,-0.4198610577073133,-2.4812749358822344,1.5703453433558057,0.524266426807925,-0.29186133166593164,-0.04908805255111677,0.475389201490466,-2.18525225736337,-2.256040216448708,0.0016345147903084895
2.7166666666666694,-2.5854514693835995,-1.810067242242376,-0.4198610582600199,-2.4812749359028,1.5703453434025865,0.5242664271166058,-0.2918613315570946,-0.049088052577883595,0.4753892015012706,-2.1852522574441595,-2.2560402164649838,0.0016345146695022942
2.7250000000000028,-2.5854514691326718,-1.810067241808736,-0.4198610587573892,-2.481274935921661,1.5703453434450814,0.5242664273945972,-0.29186133145914905,-0.049088052601992345,0.4753892015109289,-2.1852522575175,-2.2560402164797106,0.00163451456021208
2.733333333333336,-2.5854514689069026,-1.810067241418624,-0.4198610592049616,-2.481274935938953,1.5703453434836812,0.5242664276449511,-0.29186133137100456,-0.04908805262370726,0.4753892015195622,-2.1852522575840725,-2.2560402164930373,0.0016345144613446494
2.7416666666666694,-2.585451468703771,-1.810067241067672,-0.4198610596077224,-2.4812749359548016,1.5703453435187409,0.5242664278704157,-0.2918613312916806,-0.049088052643265774,0.4753892015272787,-2.1852522576445006,-2.2560402165050952,0.0016345143719069407
2.7500000000000027,-2.585451468521007,-1.8100672407519485,-0.419861059970158,-2.481274935969321,1.5703453435505836,0.5242664280734657,-0.29186133122029456,-0.04908805266088219,0.47538920153417596,-2.185252257699349,-2.256040216516005,0.0016345142910054575
2.758333333333336,-2.585451468356568,-1.8100672404679172,-0.4198610602963056,-2.481274935982619,1.570345343579503,0.5242664282563293,-0.29186133115605195,-0.04908805267674929,0.4753892015403404,-2.1852522577491293,-2.2560402165258764,0.0016345142178280077
2.7666666666666697,-2.585451468208617,-1.8100672402123976,-0.4198610605897984,-2.4812749359947937,1.5703453436057662,0.5242664284210141,-0.2918613310982379,-0.04908805269104101,0.47538920154584974,-2.185252257794308,-2.256040216534808,0.0016345141516391863
2.775000000000003,-2.5854514680755014,-1.8100672399825268,-0.4198610608539055,-2.4812749360059367,1.570345343629616,0.5242664285693275,-0.29186133104620926,-0.04908805270391355,0.47538920155077363,-2.185252257835309,-2.2560402165428872,0.0016345140917755343
2.7833333333333363,-2.5854514679557328,-1.8100672397757305,-0.4198610610915692,-2.4812749360161326,1.5703453436512729,0.524266428702897,-0.29186133099938677,-0.04908805271550803,0.4753892015551739,-2.1852522578725146,-2.2560402165501974,0.0016345140376336318
2.7916666666666696,-2.5854514678479736,-1.8100672395896928,-0.4198610613054368,-2.48127493602546,1.5703453436709378,0.5242664288231886,-0.2918613309572497,-0.04908805272595126,0.47538920155910613,-2.1852522579062774,-2.256040216556811,0.0016345139886672641
2.800000000000003,-2.585451467751019,-1.8100672394223287,-0.4198610614978908,-2.481274936033988,1.5703453436887929,0.5242664289315223,-0.29186133091932887,-0.04908805273535756,0.4753892015626203,-2.185252257936912,-2.256040216562794,0.0016345139443881694
2.8083333333333362,-2.5854514676637868,-1.8100672392717656,-0.4198610616710752,-2.4812749360417854,1.570345343705004,0.5242664290290872,-0.2918613308852028,-0.049088052743829935,0.47538920156576037,-2.185252257964709,-2.2560402165682065,0.0016345139043437058
2.8166666666666695,-2.585451467585301,-1.810067239136316,-0.4198610618269192,-2.481274936048912,1.570345343719722,0.5242664291169534,-0.29186133085449145,-0.04908805275146121,0.475389201568566,-2.1852522579899287,-2.2560402165731026,0.0016345138681328989
2.825000000000003,-2.585451467514685,-1.810067239014463,-0.4198610619671591,-2.481274936055424,1.5703453437330837,0.5242664291960859,-0.2918613308268532,-0.04908805275833491,0.47538920157107284,-2.18525225801281,-2.2560402165775324,0.0016345138353895598
2.833333333333336,-2.58545146745115,-1.8100672389048416,-0.4198610620933571,-2.481274936061372,1.5703453437452133,0.5242664292673521,-0.2918613308019806,-0.049088052764526074,0.4753892015733129,-2.185252258033567,-2.256040216581539,0.0016345138057836939
2.8416666666666694,-2.585451467393986,-1.810067238806224,-0.4198610622069191,-2.481274936066805,1.5703453437562245,0.5242664293315344,-0.29186133077959675,-0.049088052770102635,0.475389201575314,-2.1852522580523983,-2.2560402165851636,0.001634513779014686
2.8500000000000028,-2.585451467342554,-1.8100672387175056,-0.4198610623091103,-2.481274936071766,1.5703453437662191,0.5242664293893372,-0.29186133075945264,-0.04908805277512553,0.47538920157710185,-2.1852522580694806,-2.256040216588443,0.00163451375481124
2.858333333333336,-2.585451467296279,-1.810067238637693,-0.4198610624010691,-2.4812749360762947,1.5703453437752912,0.5242664294413945,-0.29186133074132425,-0.049088052779649775,0.47538920157869907,-2.185252258084976,-2.256040216591409,0.0016345137329285139
2.86666666666667,-2.5854514672546443,-1.810067238565892,-0.4198610624838201,-2.481274936080428,1.5703453437835255,0.5242664294882774,-0.2918613307250097,-0.04908805278372493,0.47538920158012593,-2.185252258099031,-2.256040216594091,0.0016345137131454448
2.875000000000003,-2.5854514672171844,-1.8100672385012984,-0.4198610625582852,-2.4812749360841995,1.5703453437909989,0.5242664295305002,-0.2918613307103276,-0.04908805278739548,0.47538920158140063,-2.1852522581117784,-2.256040216596518,0.0016345136952607808
2.8833333333333364,-2.585451467183481,-1.810067238443189,-0.4198610626252941,-2.4812749360876403,1.5703453437977817,0.5242664295685263,-0.29186133069711473,-0.04908805279070163,0.47538920158253894,-2.1852522581233416,-2.2560402165987132,0.0016345136790919792
2.8916666666666697,-2.585451467153157,-1.8100672383909129,-0.4198610626855932,-2.481274936090778,1.570345343803937,0.5242664296027729,-0.29186133068522396,-0.04908805279367977,0.4753892015835559,-2.1852522581338265,-2.2560402166006983,0.0016345136644766677
2.900000000000003,-2.5854514671258744,-1.810067238343884,-0.4198610627398545,-2.481274936093641,1.570345343809523,0.5242664296336156,-0.2918613306745229,-0.04908805279636197,0.4753892015844641,-2.185252258143337,-2.256040216602494,0.001634513651263841
2.9083333333333363,-2.585451467101328,-1.810067238301576,-0.4198610627886824,-2.4812749360962503,1.570345343814592,0.5242664296613927,-0.29186133066489256,-0.04908805279877788,0.47538920158527553,-2.1852522581519622,-2.2560402166041182,0.0016345136393217576
2.9166666666666696,-2.585451467079242,-1.8100672382635143,-0.4198610628326211,-2.4812749360986293,1.570345343819192,0.5242664296864091,-0.29186133065622566,-0.04908805280095416,0.47538920158600007,-2.185252258159783,-2.2560402166055877,0.0016345136285277433
2.925000000000003,-2.585451467059371,-1.8100672382292744,-0.41986106287216,-2.4812749361007973,1.5703453438233654,0.5242664297089388,-0.2918613306484263,-0.04908805280291442,0.475389201586647,-2.1852522581668743,-2.256040216606916,0.0016345136187701913
2.9333333333333362,-2.585451467041493,-1.8100672381984708,-0.4198610629077397,-2.481274936102773,1.5703453438271524,0.5242664297292294,-0.291861330641407,-0.04908805280467996,0.47538920158722486,-2.1852522581733047,-2.256040216608118,0.0016345136099521667
2.9416666666666695,-2.585451467025408,-1.8100672381707597,-0.4198610629397566,-2.4812749361045734,1.5703453438305883,0.5242664297475033,-0.2918613306350902,-0.04908805280627023,0.47538920158774084,-2.1852522581791356,-2.256040216609205,0.0016345136019814994
2.950000000000003,-2.585451467010935,-1.8100672381458296,-0.4198610629685675,-2.4812749361062134,1.5703453438337056,0.524266429763961,-0.29186133062940517,-0.0490880528077028,0.47538920158820175,-2.185252258184421,-2.2560402166101885,0.0016345135947790901
2.9583333333333366,-2.585451466997914,-1.8100672381234024,-0.4198610629944934,-2.481274936107707,1.5703453438365338,0.5242664297787829,-0.29186133062428926,-0.0490880528089932,0.47538920158861314,-2.1852522581892138,-2.256040216611078,0.0016345135882698354
2.96666666666667,-2.5854514669861985,-1.8100672381032268,-0.4198610630178231,-2.481274936109067,1.5703453438390995,0.5242664297921317,-0.29186133061968506,-0.04908805281015551,0.4753892015889804,-2.1852522581935583,-2.2560402166118823,0.0016345135823866654
2.975000000000003,-2.585451466975658,-1.810067238085076,-0.4198610630388166,-2.4812749361103057,1.5703453438414268,0.5242664298041534,-0.29186133061554154,-0.049088052811202286,0.4753892015893083,-2.1852522581974965,-2.2560402166126097,0.0016345135770706616
2.9833333333333365,-2.5854514669661746,-1.810067238068748,-0.419861063057708,-2.481274936111433,1.5703453438435382,0.5242664298149806,-0.29186133061181285,-0.04908805281214545,0.475389201589601,-2.1852522582010674,-2.2560402166132683,0.001634513572266416
2.99166666666667,-2.585451466957642,-1.8100672380540583,-0.4198610630747075,-2.4812749361124595,1.570345343845453,0.5242664298247316,-0.2918613306084569,-0.04908805281299486,0.4753892015898624,-2.1852522582043044,-2.2560402166138642,0.001634513567924862
3.000000000000003,-2.585451466949965,-1.8100672380408436,-0.4198610630900048,-2.481274936113394,1.5703453438471908,0.5242664298335136,-0.2918613306054369,-0.049088052813760046,0.4753892015900956,-2.1852522582072385,-2.256040216614403,0.0016345135640018643
3.0083333333333364,-2.585451466943058,-1.810067238028955,-0.4198610631037702,-2.481274936114244,1.5703453438487665,0.5242664298414225,-0.291861330602719,-0.04908805281444922,0.4753892015903039,-2.1852522582098977,-2.2560402166148905,0.0016345135604577399
3.0166666666666697,-2.585451466936844,-1.81006723801826,-0.419861063116157,-2.481274936115017,1.5703453438501955,0.5242664298485451,-0.2918613306002731,-0.04908805281506994,0.4753892015904898,-2.1852522582123073,-2.2560402166153306,0.0016345135572559425
3.025000000000003,-2.5854514669312523,-1.810067238008639,-0.4198610631273036,-2.4812749361157214,1.570345343851492,0.5242664298549601,-0.2918613305980718,-0.049088052815629266,0.4753892015906556,-2.1852522582144918,-2.2560402166157303,0.0016345135543610304
3.0333333333333363,-2.5854514669262216,-1.8100672379999831,-0.4198610631373338,-2.4812749361163617,1.5703453438526676,0.5242664298607372,-0.2918613305960907,-0.049088052816132946,0.4753892015908037,-2.185252258216471,-2.2560402166160913,0.0016345135517468019
3.0416666666666696,-2.5854514669216955,-1.8100672379921965,-0.4198610631463597,-2.481274936116944,1.5703453438537338,0.5242664298659402,-0.29186133059430797,-0.049088052816586736,0.47538920159093595,-2.185252258218265,-2.2560402166164177,0.0016345135493845472
3.050000000000003,-2.585451466917624,-1.8100672379851916,-0.4198610631544816,-2.4812749361174733,1.5703453438547008,0.5242664298706259,-0.2918613305927036,-0.04908805281699526,0.47538920159105363,-2.185252258219892,-2.2560402166167126,0.0016345135472507187
3.0583333333333367,-2.58545146691396,-1.8100672379788896,-0.4198610631617902,-2.4812749361179547,1.5703453438555777,0.5242664298748458,-0.2918613305912597,-0.04908805281736347,0.47538920159115905,-2.185252258221365,-2.2560402166169804,0.001634513545323308
3.06666666666667,-2.5854514669106634,-1.8100672379732203,-0.4198610631683669,-2.481274936118393,1.5703453438563728,0.5242664298786462,-0.29186133058996017,-0.04908805281769514,0.475389201591253,-2.185252258222699,-2.256040216617223,0.0016345135435807425
3.0750000000000033,-2.585451466907698,-1.81006723796812,-0.4198610631742849,-2.4812749361187905,1.5703453438570938,0.5242664298820687,-0.2918613305887907,-0.04908805281799376,0.47538920159133674,-2.1852522582239082,-2.2560402166174414,0.0016345135420086344
3.0833333333333366,-2.5854514669050297,-1.810067237963532,-0.4198610631796103,-2.4812749361191524,1.5703453438577477,0.524266429885151,-0.29186133058773833,-0.04908805281826282,0.4753892015914114,-2.1852522582250042,-2.256040216617639,0.0016345135405867026
3.09166666666667,-2.585451466902629,-1.8100672379594045,-0.4198610631844024,-2.481274936119481,1.5703453438583403,0.5242664298879268,-0.2918613305867912,-0.0490880528185052,0.475389201591478,-2.1852522582259972,-2.256040216617819,0.0016345135393029493
3.100000000000003,-2.585451466900469,-1.810067237955691,-0.4198610631887146,-2.4812749361197803,1.570345343858878,0.5242664298904268,-0.2918613305859387,-0.04908805281872348,0.4753892015915375,-2.185252258226896,-2.256040216617981,0.0016345135381429122
3.1083333333333365,-2.5854514668985256,-1.8100672379523504,-0.419861063192595,-2.481274936120052,1.5703453438593653,0.524266429892678,-0.29186133058517155,-0.0490880528189201,0.4753892015915906,-2.185252258227711,-2.256040216618129,0.0016345135370949878
3.11666666666667,-2.585451466896777,-1.8100672379493448,-0.4198610631960866,-2.481274936120299,1.570345343859807,0.5242664298947052,-0.2918613305844811,-0.04908805281909714,0.47538920159163794,-2.1852522582284486,-2.2560402166182616,0.0016345135361492296
3.125000000000003,-2.585451466895204,-1.8100672379466416,-0.4198610631992287,-2.4812749361205237,1.5703453438602075,0.5242664298965312,-0.2918613305838598,-0.049088052819256676,0.4753892015916801,-2.1852522582291174,-2.2560402166183815,0.0016345135352930538
3.1333333333333364,-2.585451466893789,-1.810067237944209,-0.4198610632020561,-2.481274936120727,1.570345343860571,0.5242664298981753,-0.2918613305833006,-0.04908805281940038,0.4753892015917178,-2.185252258229723,-2.256040216618492,0.001634513534522215
3.1416666666666697,-2.585451466892516,-1.8100672379420213,-0.4198610632046003,-2.481274936120912,1.5703453438609,0.5242664298996557,-0.2918613305827975,-0.04908805281952973,0.4753892015917513,-2.1852522582302716,-2.25604021661859,0.00163451353382516
3.150000000000003,-2.58545146689137,-1.8100672379400529,-0.4198610632068897,-2.48127493612108,1.5703453438611987,0.5242664299009889,-0.29186133058234454,-0.04908805281964646,0.4753892015917812,-2.1852522582307676,-2.2560402166186813,0.001634513533195211
3.1583333333333368,-2.5854514668903392,-1.810067237938282,-0.4198610632089498,-2.4812749361212325,1.5703453438614694,0.5242664299021895,-0.29186133058193703,-0.04908805281975153,0.47538920159180803,-2.185252258231217,-2.256040216618762,0.0016345135326271709
3.16666666666667,-2.585451466889412,-1.810067237936689,-0.4198610632108037,-2.481274936121371,1.5703453438617148,0.5242664299032707,-0.2918613305815702,-0.0490880528198461,0.47538920159183173,-2.1852522582316243,-2.2560402166188354,0.0016345135321134132
3.1750000000000034,-2.585451466888577,-1.810067237935256,-0.4198610632124718,-2.4812749361214967,1.570345343861937,0.524266429904244,-0.2918613305812402,-0.049088052819931505,0.47538920159185294,-2.1852522582319924,-2.2560402166189033,0.0016345135316496327
3.1833333333333367,-2.585451466887827,-1.8100672379339668,-0.4198610632139729,-2.481274936121611,1.5703453438621386,0.5242664299051205,-0.2918613305809431,-0.049088052820008145,0.475389201591872,-2.1852522582323264,-2.2560402166189633,0.0016345135312309184
3.19166666666667,-2.585451466887152,-1.810067237932807,-0.4198610632153235,-2.481274936121715,1.5703453438623212,0.5242664299059097,-0.29186133058067576,-0.049088052820077145,0.4753892015918888,-2.185252258232629,-2.256040216619018,0.0016345135308524746
3.2000000000000033,-2.585451466886544,-1.810067237931764,-0.419861063216539,-2.481274936121809,1.5703453438624868,0.5242664299066202,-0.29186133058043523,-0.049088052820139616,0.4753892015919037,-2.185252258232902,-2.2560402166190685,0.0016345135305105294
3.2083333333333366,-2.5854514668859974,-1.8100672379308247,-0.4198610632176328,-2.481274936121894,1.570345343862637,0.5242664299072601,-0.2918613305802185,-0.04908805282019563,0.4753892015919173,-2.185252258233149,-2.2560402166191142,0.001634513530203043
3.21666666666667,-2.5854514668855053,-1.8100672379299807,-0.4198610632186169,-2.4812749361219724,1.5703453438627728,0.524266429907836,-0.2918613305800237,-0.04908805282024626,0.47538920159192904,-2.185252258233372,-2.2560402166191555,0.0016345135299230156
3.225000000000003,-2.5854514668850626,-1.810067237929221,-0.4198610632195025,-2.4812749361220425,1.570345343862896,0.5242664299083545,-0.2918613305798484,-0.0490880528202919,0.47538920159193965,-2.1852522582335747,-2.2560402166191937,0.0016345135296716698
3.2333333333333365,-2.585451466884664,-1.8100672379285376,-0.4198610632202994,-2.4812749361221065,1.5703453438630075,0.5242664299088212,-0.29186133057969055,-0.04908805282033292,0.4753892015919492,-2.185252258233757,-2.2560402166192284,0.001634513529444542
3.24166666666667,-2.585451466884306,-1.8100672379279228,-0.4198610632210165,-2.4812749361221647,1.570345343863109,0.5242664299092414,-0.29186133057954844,-0.04908805282036994,0.4753892015919575,-2.185252258233923,-2.2560402166192595,0.0016345135292393533
3.2500000000000036,-2.5854514668839834,-1.8100672379273697,-0.4198610632216618,-2.481274936122217,1.570345343863201,0.5242664299096198,-0.2918613305794206,-0.049088052820403266,0.4753892015919651,-2.1852522582340725,-2.256040216619288,0.001634513529054768
3.258333333333337,-2.585451466883693,-1.810067237926872,-0.4198610632222425,-2.481274936122265,1.5703453438632842,0.5242664299099604,-0.2918613305793055,-0.049088052820433395,0.4753892015919719,-2.1852522582342075,-2.2560402166193145,0.001634513528887294
3.26666666666667,-2.5854514668834327,-1.8100672379264244,-0.419861063222765,-2.4812749361223085,1.5703453438633594,0.5242664299102668,-0.291861330579202,-0.04908805282046018,0.47538920159197773,-2.185252258234331,-2.2560402166193376,0.0016345135287357784
3.2750000000000035,-2.5854514668831983,-1.8100672379260216,-0.4198610632232351,-2.481274936122348,1.5703453438634276,0.5242664299105425,-0.29186133057910874,-0.049088052820484396,0.47538920159198306,-2.185252258234441,-2.2560402166193594,0.0016345135285993513
3.2833333333333368,-2.5854514668829878,-1.8100672379256595,-0.4198610632236582,-2.481274936122383,1.5703453438634896,0.5242664299107908,-0.2918613305790251,-0.049088052820506156,0.4753892015919877,-2.1852522582345424,-2.256040216619378,0.001634513528476947
3.29166666666667,-2.5854514668827973,-1.8100672379253333,-0.4198610632240389,-2.481274936122416,1.5703453438635455,0.5242664299110139,-0.29186133057894936,-0.04908805282052595,0.47538920159199205,-2.1852522582346317,-2.256040216619397,0.0016345135283655347
3.3000000000000034,-2.5854514668826263,-1.81006723792504,-0.4198610632243815,-2.481274936122445,1.5703453438635964,0.5242664299112147,-0.2918613305788815,-0.049088052820543744,0.47538920159199594,-2.1852522582347134,-2.2560402166194136,0.001634513528266034
3.3083333333333367,-2.5854514668824726,-1.8100672379247764,-0.4198610632246897,-2.4812749361224715,1.5703453438636426,0.5242664299113955,-0.2918613305788204,-0.04908805282055983,0.4753892015919993,-2.1852522582347866,-2.2560402166194287,0.001634513528175524
3.31666666666667,-2.585451466882334,-1.810067237924539,-0.4198610632249671,-2.4812749361224955,1.5703453438636843,0.524266429911558,-0.2918613305787653,-0.04908805282057425,0.4753892015920021,-2.1852522582348533,-2.256040216619443,0.0016345135280938282
3.3250000000000033,-2.5854514668822097,-1.8100672379243257,-0.4198610632252167,-2.4812749361225173,1.5703453438637225,0.5242664299117042,-0.2918613305787158,-0.04908805282058729,0.4753892015920049,-2.1852522582349136,-2.256040216619456,0.0016345135280203603
3.3333333333333366,-2.585451466882098,-1.8100672379241336,-0.4198610632254413,-2.481274936122537,1.5703453438637565,0.5242664299118357,-0.29186133057867125,-0.04908805282059896,0.4753892015920072,-2.1852522582349674,-2.2560402166194677,0.0016345135279540613
3.34166666666667,-2.585451466881997,-1.8100672379239608,-0.4198610632256435,-2.4812749361225555,1.5703453438637875,0.5242664299119538,-0.2918613305786311,-0.049088052820609476,0.4753892015920093,-2.185252258235016,-2.256040216619479,0.0016345135278928228
3.3500000000000036,-2.5854514668819064,-1.8100672379238052,-0.4198610632258253,-2.481274936122572,1.5703453438638155,0.5242664299120601,-0.291861330578595,-0.04908805282061892,0.4753892015920112,-2.1852522582350598,-2.256040216619488,0.0016345135278387692
3.358333333333337,-2.5854514668818247,-1.8100672379236653,-0.419861063225989,-2.4812749361225865,1.5703453438638413,0.5242664299121556,-0.2918613305785625,-0.04908805282062752,0.47538920159201287,-2.1852522582350993,-2.256040216619499,0.0016345135277900506
3.3666666666666702,-2.5854514668817514,-1.81006723792354,-0.4198610632261362,-2.4812749361226,1.5703453438638644,0.5242664299122411,-0.29186133057853336,-0.04908805282063532,0.4753892015920142,-2.185252258235135,-2.2560402166195073,0.0016345135277452852
3.3750000000000036,-2.5854514668816853,-1.8100672379234264,-0.4198610632262687,-2.4812749361226123,1.5703453438638857,0.5242664299123182,-0.29186133057850683,-0.049088052820642214,0.47538920159201564,-2.1852522582351668,-2.2560402166195157,0.0016345135277058066
3.383333333333337,-2.5854514668816257,-1.810067237923325,-0.4198610632263879,-2.4812749361226234,1.5703453438639043,0.5242664299123871,-0.2918613305784833,-0.04908805282064855,0.47538920159201675,-2.1852522582351948,-2.2560402166195233,0.00163451352766924
3.39166666666667,-2.5854514668815725,-1.8100672379232332,-0.4198610632264952,-2.4812749361226336,1.5703453438639217,0.5242664299124492,-0.2918613305784619,-0.04908805282065411,0.47538920159201786,-2.1852522582352205,-2.256040216619531,0.001634513527636535
3.4000000000000035,-2.5854514668815245,-1.810067237923151,-0.4198610632265918,-2.4812749361226425,1.5703453438639372,0.5242664299125048,-0.2918613305784429,-0.04908805282065921,0.4753892015920186,-2.1852522582352436,-2.2560402166195375,0.0016345135276068456
3.4083333333333368,-2.5854514668814814,-1.8100672379230769,-0.4198610632266786,-2.481274936122651,1.5703453438639512,0.5242664299125547,-0.2918613305784255,-0.04908805282066369,0.4753892015920195,-2.185252258235264,-2.2560402166195432,0.0016345135275803147
3.41666666666667,-2.5854514668814423,-1.8100672379230105,-0.4198610632267568,-2.4812749361226585,1.570345343863964,0.5242664299125995,-0.29186133057841007,-0.049088052820667916,0.4753892015920201,-2.185252258235283,-2.2560402166195495,0.001634513527555618
3.4250000000000034,-2.5854514668814077,-1.8100672379229503,-0.4198610632268272,-2.481274936122665,1.5703453438639756,0.5242664299126396,-0.2918613305783961,-0.04908805282067147,0.4753892015920207,-2.1852522582353,-2.2560402166195543,0.001634513527534399
3.4333333333333367,-2.585451466881376,-1.8100672379228964,-0.4198610632268905,-2.481274936122672,1.570345343863986,0.5242664299126754,-0.2918613305783835,-0.04908805282067481,0.47538920159202125,-2.185252258235314,-2.2560402166195597,0.0016345135275141758
3.44166666666667,-2.5854514668813477,-1.810067237922848,-0.4198610632269474,-2.481274936122677,1.5703453438639956,0.5242664299127074,-0.29186133057837216,-0.04908805282067791,0.4753892015920218,-2.185252258235327,-2.2560402166195654,0.001634513527496778
3.4500000000000037,-2.585451466881322,-1.810067237922804,-0.4198610632269987,-2.481274936122682,1.5703453438640045,0.5242664299127362,-0.2918613305783619,-0.049088052820680655,0.47538920159202236,-2.1852522582353386,-2.25604021661957,0.0016345135274816124
3.458333333333337,-2.585451466881299,-1.8100672379227647,-0.4198610632270448,-2.4812749361226865,1.570345343864012,0.5242664299127618,-0.29186133057835273,-0.049088052820683126,0.4753892015920228,-2.1852522582353484,-2.2560402166195748,0.0016345135274672801
3.4666666666666703,-2.585451466881278,-1.8100672379227292,-0.4198610632270863,-2.4812749361226905,1.5703453438640191,0.5242664299127847,-0.2918613305783444,-0.04908805282068537,0.47538920159202325,-2.1852522582353573,-2.256040216619579,0.001634513527454885
3.4750000000000036,-2.58545146688126,-1.8100672379226976,-0.4198610632271237,-2.4812749361226945,1.5703453438640256,0.524266429912805,-0.291861330578337,-0.04908805282068728,0.47538920159202336,-2.1852522582353657,-2.256040216619583,0.0016345135274423953
3.483333333333337,-2.5854514668812425,-1.810067237922669,-0.4198610632271573,-2.481274936122698,1.5703453438640316,0.5242664299128232,-0.2918613305783303,-0.04908805282068925,0.4753892015920237,-2.185252258235372,-2.256040216619587,0.001634513527431489
3.4916666666666702,-2.5854514668812274,-1.8100672379226432,-0.4198610632271875,-2.481274936122701,1.570345343864037,0.5242664299128391,-0.29186133057832425,-0.04908805282069086,0.475389201592024,-2.185252258235378,-2.256040216619592,0.0016345135274221847
3.5000000000000036,-2.585451466881214,-1.81006723792262,-0.4198610632272147,-2.481274936122704,1.5703453438640416,0.5242664299128534,-0.29186133057831887,-0.04908805282069224,0.47538920159202425,-2.185252258235383,-2.256040216619595,0.0016345135274139745
3.508333333333337,-2.585451466881202,-1.8100672379225995,-0.4198610632272392,-2.4812749361227064,1.5703453438640458,0.5242664299128661,-0.2918613305783141,-0.049088052820693555,0.47538920159202425,-2.185252258235388,-2.2560402166195983,0.0016345135274053585
3.51666666666667,-2.585451466881191,-1.8100672379225808,-0.4198610632272612,-2.4812749361227087,1.5703453438640498,0.5242664299128773,-0.29186133057830965,-0.04908805282069478,0.47538920159202447,-2.185252258235392,-2.2560402166196027,0.0016345135273984645
3.5250000000000035,-2.585451466881181,-1.810067237922564,-0.419861063227281,-2.481274936122711,1.5703453438640531,0.5242664299128871,-0.2918613305783057,-0.04908805282069581,0.4753892015920246,-2.185252258235395,-2.256040216619606,0.001634513527392008
3.5333333333333368,-2.5854514668811723,-1.8100672379225489,-0.4198610632272989,-2.4812749361227127,1.5703453438640564,0.5242664299128956,-0.29186133057830216,-0.04908805282069682,0.4753892015920248,-2.1852522582353977,-2.256040216619609,0.001634513527386262
3.5416666666666705,-2.5854514668811643,-1.8100672379225349,-0.4198610632273149,-2.4812749361227144,1.570345343864059,0.5242664299129032,-0.2918613305782988,-0.049088052820697586,0.475389201592025,-2.1852522582353995,-2.2560402166196125,0.0016345135273814382
3.550000000000004,-2.585451466881157,-1.8100672379225229,-0.4198610632273293,-2.481274936122716,1.570345343864062,0.5242664299129097,-0.29186133057829605,-0.0490880528206985,0.475389201592025,-2.1852522582354017,-2.2560402166196165,0.0016345135273761909
3.558333333333337,-2.5854514668811506,-1.810067237922512,-0.4198610632273423,-2.481274936122717,1.5703453438640644,0.5242664299129155,-0.29186133057829355,-0.049088052820699175,0.475389201592025,-2.185252258235403,-2.2560402166196183,0.0016345135273724864
3.5666666666666704,-2.585451466881145,-1.8100672379225016,-0.419861063227354,-2.481274936122719,1.5703453438640669,0.5242664299129205,-0.29186133057829106,-0.04908805282069974,0.47538920159202525,-2.1852522582354044,-2.2560402166196223,0.0016345135273689328
3.5750000000000037,-2.5854514668811395,-1.810067237922493,-0.4198610632273645,-2.48127493612272,1.5703453438640684,0.5242664299129245,-0.29186133057828895,-0.04908805282070031,0.47538920159202513,-2.1852522582354044,-2.256040216619625,0.001634513527364519
3.583333333333337,-2.5854514668811346,-1.8100672379224847,-0.419861063227374,-2.481274936122721,1.5703453438640702,0.524266429912928,-0.29186133057828706,-0.049088052820700896,0.47538920159202547,-2.185252258235405,-2.256040216619628,0.0016345135273619993
3.5916666666666703,-2.5854514668811306,-1.8100672379224771,-0.4198610632273826,-2.481274936122722,1.570345343864072,0.5242664299129312,-0.2918613305782853,-0.04908805282070125,0.47538920159202547,-2.1852522582354053,-2.2560402166196307,0.0016345135273597977
3.6000000000000036,-2.5854514668811266,-1.810067237922471,-0.4198610632273902,-2.481274936122723,1.570345343864073,0.5242664299129335,-0.29186133057828384,-0.0490880528207017,0.4753892015920256,-2.185252258235404,-2.2560402166196334,0.0016345135273565753
3.608333333333337,-2.585451466881123,-1.810067237922465,-0.4198610632273972,-2.481274936122724,1.5703453438640746,0.5242664299129356,-0.2918613305782824,-0.04908805282070214,0.4753892015920256,-2.185252258235404,-2.2560402166196365,0.001634513527353798
3.6166666666666702,-2.58545146688112,-1.81006723792246,-0.4198610632274034,-2.4812749361227247,1.5703453438640758,0.524266429912937,-0.2918613305782813,-0.04908805282070254,0.47538920159202536,-2.1852522582354035,-2.2560402166196396,0.0016345135273514346
3.6250000000000036,-2.5854514668811173,-1.810067237922455,-0.419861063227409,-2.481274936122725,1.5703453438640769,0.5242664299129383,-0.29186133057828,-0.04908805282070274,0.4753892015920256,-2.1852522582354026,-2.256040216619642,0.0016345135273505838
3.633333333333337,-2.585451466881115,-1.8100672379224507,-0.419861063227414,-2.481274936122726,1.570345343864078,0.5242664299129393,-0.29186133057827907,-0.04908805282070295,0.4753892015920256,-2.185252258235402,-2.2560402166196445,0.001634513527348255
3.6416666666666706,-2.585451466881113,-1.810067237922447,-0.4198610632274185,-2.4812749361227264,1.5703453438640789,0.5242664299129397,-0.2918613305782781,-0.0490880528207032,0.4753892015920256,-2.185252258235401,-2.2560402166196467,0.0016345135273468795
3.650000000000004,-2.5854514668811106,-1.8100672379224436,-0.4198610632274226,-2.481274936122727,1.5703453438640798,0.5242664299129399,-0.2918613305782774,-0.049088052820703526,0.4753892015920257,-2.185252258235399,-2.2560402166196503,0.0016345135273453692
3.658333333333337,-2.585451466881109,-1.8100672379224405,-0.4198610632274263,-2.4812749361227278,1.5703453438640806,0.5242664299129399,-0.2918613305782766,-0.0490880528207037,0.4753892015920257,-2.185252258235398,-2.2560402166196534,0.0016345135273435998
3.6666666666666705,-2.585451466881107,-1.8100672379224372,-0.4198610632274296,-2.481274936122728,1.570345343864081,0.5242664299129397,-0.2918613305782758,-0.04908805282070379,0.4753892015920257,-2.1852522582353964,-2.2560402166196556,0.0016345135273429477
3.675000000000004,-2.5854514668811057,-1.810067237922435,-0.4198610632274326,-2.481274936122728,1.570345343864082,0.5242664299129393,-0.29186133057827535,-0.049088052820704026,0.4753892015920258,-2.185252258235395,-2.2560402166196583,0.0016345135273421287
3.683333333333337,-2.5854514668811044,-1.8100672379224327,-0.4198610632274352,-2.4812749361227286,1.5703453438640826,0.5242664299129386,-0.29186133057827474,-0.04908805282070417,0.4753892015920258,-2.1852522582353933,-2.2560402166196605,0.0016345135273411159
3.6916666666666704,-2.585451466881103,-1.8100672379224307,-0.4198610632274376,-2.481274936122729,1.5703453438640833,0.5242664299129378,-0.29186133057827424,-0.04908805282070434,0.4753892015920257,-2.1852522582353915,-2.2560402166196636,0.0016345135273400837
3.7000000000000037,-2.585451466881102,-1.810067237922429,-0.4198610632274399,-2.481274936122729,1.570345343864084,0.5242664299129371,-0.2918613305782739,-0.049088052820704456,0.4753892015920258,-2.185252258235391,-2.2560402166196662,0.0016345135273396285
3.708333333333337,-2.5854514668811013,-1.8100672379224272,-0.4198610632274418,-2.48127493612273,1.5703453438640842,0.5242664299129359,-0.2918613305782734,-0.04908805282070448,0.4753892015920257,-2.1852522582353884,-2.256040216619669,0.0016345135273382145
3.7166666666666703,-2.5854514668811004,-1.8100672379224256,-0.4198610632274436,-2.4812749361227304,1.5703453438640846,0.5242664299129348,-0.291861330578273,-0.049088052820704574,0.4753892015920258,-2.1852522582353866,-2.256040216619671,0.0016345135273373866
3.7250000000000036,-2.5854514668810995,-1.8100672379224243,-0.4198610632274452,-2.481274936122731,1.570345343864085,0.5242664299129337,-0.2918613305782727,-0.0490880528207047,0.4753892015920257,-2.185252258235385,-2.2560402166196742,0.001634513527336457
3.733333333333337,-2.5854514668810986,-1.810067237922423,-0.4198610632274466,-2.4812749361227318,1.5703453438640855,0.5242664299129324,-0.29186133057827224,-0.04908805282070473,0.4753892015920257,-2.1852522582353826,-2.2560402166196774,0.0016345135273350703
3.7416666666666707,-2.585451466881098,-1.8100672379224216,-0.4198610632274479,-2.4812749361227318,1.5703453438640858,0.5242664299129309,-0.291861330578272,-0.049088052820704775,0.4753892015920257,-2.185252258235381,-2.256040216619679,0.0016345135273352382
3.750000000000004,-2.5854514668810977,-1.810067237922421,-0.4198610632274491,-2.4812749361227318,1.570345343864086,0.5242664299129294,-0.29186133057827185,-0.049088052820704824,0.4753892015920257,-2.1852522582353786,-2.256040216619682,0.0016345135273344528
3.7583333333333373,-2.5854514668810973,-1.81006723792242,-0.4198610632274501,-2.4812749361227318,1.5703453438640862,0.5242664299129278,-0.2918613305782716,-0.04908805282070489,0.4753892015920258,-2.185252258235377,-2.256040216619684,0.0016345135273342685
3.7666666666666706,-2.585451466881097,-1.8100672379224192,-0.419861063227451,-2.4812749361227318,1.5703453438640864,0.524266429912926,-0.2918613305782714,-0.0490880528207049,0.4753892015920258,-2.185252258235374,-2.2560402166196867,0.001634513527334486
3.775000000000004,-2.5854514668810964,-1.8100672379224183,-0.4198610632274518,-2.4812749361227318,1.5703453438640866,0.5242664299129244,-0.29186133057827124,-0.04908805282070491,0.4753892015920258,-2.1852522582353724,-2.2560402166196893,0.0016345135273345133
3.783333333333337,-2.585451466881096,-1.8100672379224176,-0.4198610632274526,-2.4812749361227318,1.5703453438640869,0.5242664299129226,-0.291861330578271,-0.04908805282070502,0.4753892015920258,-2.185252258235369,-2.2560402166196916,0.001634513527334531
3.7916666666666705,-2.5854514668810955,-1.8100672379224167,-0.4198610632274532,-2.4812749361227318,1.570345343864087,0.5242664299129207,-0.29186133057827085,-0.049088052820705025,0.4753892015920259,-2.1852522582353675,-2.2560402166196942,0.0016345135273349882
3.800000000000004,-2.585451466881095,-1.8100672379224167,-0.4198610632274538,-2.481274936122732,1.5703453438640873,0.5242664299129189,-0.29186133057827085,-0.04908805282070522,0.4753892015920257,-2.1852522582353653,-2.2560402166196973,0.0016345135273336188
3.808333333333337,-2.5854514668810946,-1.8100672379224163,-0.4198610632274544,-2.481274936122732,1.5703453438640875,0.5242664299129169,-0.29186133057827074,-0.04908805282070528,0.4753892015920257,-2.1852522582353626,-2.2560402166197,0.0016345135273334358
3.8166666666666704,-2.5854514668810946,-1.810067237922416,-0.4198610632274549,-2.481274936122732,1.5703453438640878,0.5242664299129149,-0.2918613305782707,-0.049088052820705275,0.4753892015920257,-2.1852522582353604,-2.256040216619702,0.0016345135273331437
3.8250000000000037,-2.5854514668810946,-1.8100672379224156,-0.4198610632274553,-2.481274936122732,1.570345343864088,0.524266429912913,-0.2918613305782706,-0.04908805282070524,0.4753892015920257,-2.1852522582353586,-2.256040216619705,0.0016345135273331663
3.8333333333333375,-2.5854514668810946,-1.810067237922415,-0.4198610632274558,-2.481274936122732,1.5703453438640882,0.5242664299129111,-0.2918613305782704,-0.04908805282070515,0.4753892015920258,-2.1852522582353564,-2.256040216619707,0.0016345135273334549
3.841666666666671,-2.5854514668810946,-1.8100672379224148,-0.4198610632274561,-2.481274936122732,1.5703453438640882,0.524266429912909,-0.2918613305782704,-0.04908805282070513,0.4753892015920258,-2.1852522582353537,-2.256040216619709,0.0016345135273334302
3.850000000000004,-2.5854514668810946,-1.8100672379224143,-0.4198610632274565,-2.481274936122732,1.5703453438640884,0.524266429912907,-0.2918613305782703,-0.049088052820705094,0.4753892015920258,-2.1852522582353515,-2.2560402166197115,0.0016345135273336268
3.8583333333333374,-2.5854514668810946,-1.8100672379224143,-0.4198610632274568,-2.481274936122732,1.5703453438640886,0.524266429912905,-0.29186133057827035,-0.049088052820705115,0.4753892015920258,-2.1852522582353497,-2.2560402166197138,0.0016345135273332354
3.8666666666666707,-2.5854514668810946,-1.810067237922414,-0.4198610632274571,-2.481274936122732,1.5703453438640886,0.5242664299129028,-0.29186133057827024,-0.049088052820705094,0.4753892015920258,-2.1852522582353475,-2.2560402166197164,0.0016345135273330617
3.875000000000004,-2.5854514668810946,-1.8100672379224136,-0.4198610632274573,-2.4812749361227326,1.5703453438640889,0.5242664299129008,-0.29186133057827013,-0.04908805282070502,0.4753892015920259,-2.1852522582353457,-2.256040216619718,0.0016345135273328226
3.8833333333333373,-2.5854514668810946,-1.8100672379224136,-0.4198610632274576,-2.4812749361227326,1.5703453438640889,0.5242664299128986,-0.2918613305782702,-0.04908805282070504,0.4753892015920257,-2.185252258235343,-2.256040216619721,0.0016345135273323995
3.8916666666666706,-2.5854514668810946,-1.8100672379224132,-0.4198610632274577,-2.4812749361227326,1.5703453438640889,0.5242664299128965,-0.29186133057827,-0.049088052820704955,0.4753892015920259,-2.1852522582353404,-2.256040216619723,0.0016345135273329332
3.900000000000004,-2.5854514668810946,-1.8100672379224128,-0.4198610632274579,-2.4812749361227326,1.570345343864089,0.5242664299128944,-0.29186133057826996,-0.049088052820704914,0.4753892015920259,-2.1852522582353378,-2.2560402166197258,0.0016345135273334308
3.908333333333337,-2.5854514668810946,-1.810067237922413,-0.4198610632274581,-2.4812749361227326,1.570345343864089,0.5242664299128922,-0.29186133057827,-0.04908805282070497,0.4753892015920258,-2.1852522582353355,-2.2560402166197284,0.001634513527332819
3.9166666666666705,-2.5854514668810946,-1.8100672379224128,-0.4198610632274582,-2.4812749361227326,1.5703453438640893,0.5242664299128901,-0.29186133057826996,-0.04908805282070494,0.4753892015920259,-2.1852522582353338,-2.2560402166197306,0.0016345135273329859
3.925000000000004,-2.5854514668810946,-1.8100672379224128,-0.4198610632274583,-2.481274936122733,1.5703453438640893,0.524266429912888,-0.2918613305782699,-0.049088052820704935,0.4753892015920258,-2.185252258235331,-2.256040216619733,0.0016345135273322078
3.9333333333333376,-2.5854514668810946,-1.8100672379224128,-0.4198610632274585,-2.481274936122733,1.5703453438640893,0.5242664299128857,-0.29186133057826996,-0.04908805282070494,0.4753892015920258,-2.185252258235329,-2.256040216619735,0.001634513527332002
3.941666666666671,-2.5854514668810946,-1.8100672379224128,-0.4198610632274586,-2.481274936122733,1.5703453438640895,0.5242664299128837,-0.2918613305782699,-0.049088052820704955,0.4753892015920258,-2.185252258235327,-2.2560402166197377,0.0016345135273319437
3.950000000000004,-2.5854514668810946,-1.8100672379224123,-0.4198610632274587,-2.481274936122733,1.5703453438640895,0.5242664299128816,-0.2918613305782698,-0.04908805282070488,0.4753892015920258,-2.185252258235324,-2.25604021661974,0.001634513527332485
3.9583333333333375,-2.5854514668810946,-1.8100672379224123,-0.4198610632274588,-2.481274936122733,1.5703453438640895,0.5242664299128794,-0.2918613305782698,-0.04908805282070487,0.4753892015920258,-2.1852522582353218,-2.2560402166197426,0.0016345135273322505
3.966666666666671,-2.5854514668810946,-1.8100672379224123,-0.4198610632274588,-2.481274936122733,1.5703453438640895,0.5242664299128771,-0.2918613305782698,-0.04908805282070487,0.4753892015920258,-2.1852522582353187,-2.2560402166197453,0.0016345135273322492
3.975000000000004,-2.5854514668810946,-1.8100672379224123,-0.4198610632274589,-2.481274936122733,1.5703453438640895,0.5242664299128749,-0.2918613305782698,-0.04908805282070488,0.4753892015920258,-2.1852522582353173,-2.2560402166197475,0.0016345135273320673
3.9833333333333374,-2.5854514668810946,-1.8100672379224123,-0.419861063227459,-2.481274936122733,1.5703453438640895,0.5242664299128726,-0.2918613305782698,-0.049088052820704886,0.4753892015920258,-2.185252258235314,-2.25604021661975,0.001634513527331817
3.9916666666666707,-2.5854514668810946,-1.8100672379224123,-0.419861063227459,-2.481274936122733,1.57034534386409,0.5242664299128705,-0.2918613305782698,-0.04908805282070492,0.4753892015920258,-2.1852522582353124,-2.2560402166197524,0.0016345135273319856
4.000000000000004,-2.5854514668810946,-1.8100672379224123,-0.4198610632274591,-2.481274936122733,1.57034534386409,0.5242664299128683,-0.2918613305782698,-0.04908805282070493,0.4753892015920258,-2.185252258235309,-2.256040216619755,0.0016345135273318943
4.008333333333337,-2.5854514668810946,-1.8100672379224123,-0.4198610632274591,-2.481274936122733,1.57034534386409,0.5242664299128661,-0.2918613305782698,-0.04908805282070493,0.4753892015920258,-2.185252258235307,-2.2560402166197573,0.0016345135273318932
4.016666666666671,-2.5854514668810946,-1.8100672379224123,-0.4198610632274592,-2.481274936122734,1.57034534386409,0.5242664299128639,-0.29186133057826974,-0.049088052820704886,0.4753892015920257,-2.185252258235305,-2.25604021661976,0.0016345135273303122
4.025000000000004,-2.5854514668810946,-1.8100672379224123,-0.4198610632274592,-2.481274936122734,1.5703453438640902,0.5242664299128617,-0.2918613305782697,-0.0490880528207049,0.4753892015920257,-2.1852522582353027,-2.256040216619763,0.0016345135273303961
4.033333333333338,-2.5854514668810946,-1.8100672379224123,-0.4198610632274593,-2.481274936122734,1.5703453438640902,0.5242664299128594,-0.29186133057826974,-0.049088052820704914,0.4753892015920257,-2.1852522582353004,-2.256040216619765,0.0016345135273303118
4.0416666666666705,-2.5854514668810946,-1.8100672379224123,-0.4198610632274593,-2.481274936122734,1.5703453438640902,0.5242664299128572,-0.29186133057826974,-0.049088052820704914,0.4753892015920257,-2.1852522582352973,-2.256040216619768,0.00163451352733031
4.050000000000004,-2.5854514668810946,-1.8100672379224123,-0.4198610632274593,-2.481274936122734,1.5703453438640902,0.524266429912855,-0.29186133057826974,-0.049088052820704914,0.4753892015920257,-2.1852522582352947,-2.2560402166197697,0.001634513527330309
4.058333333333337,-2.5854514668810946,-1.8100672379224123,-0.4198610632274594,-2.4812749361227344,1.5703453438640902,0.5242664299128528,-0.29186133057826974,-0.0490880528207049,0.4753892015920256,-2.185252258235292,-2.2560402166197724,0.0016345135273293722
4.066666666666671,-2.5854514668810946,-1.8100672379224123,-0.4198610632274594,-2.4812749361227344,1.5703453438640902,0.5242664299128504,-0.29186133057826974,-0.0490880528207049,0.4753892015920256,-2.1852522582352893,-2.2560402166197746,0.0016345135273293711
4.075000000000005,-2.5854514668810946,-1.8100672379224123,-0.4198610632274595,-2.4812749361227344,1.5703453438640904,0.5242664299128483,-0.2918613305782697,-0.049088052820704914,0.4753892015920256,-2.1852522582352876,-2.2560402166197777,0.0016345135273294021
4.0833333333333375,-2.5854514668810946,-1.8100672379224123,-0.4198610632274595,-2.4812749361227344,1.5703453438640904,0.5242664299128462,-0.2918613305782697,-0.049088052820704914,0.4753892015920256,-2.185252258235285,-2.256040216619779,0.0016345135273294008
4.091666666666671,-2.5854514668810946,-1.8100672379224123,-0.4198610632274595,-2.4812749361227344,1.5703453438640904,0.524266429912844,-0.2918613305782697,-0.049088052820704914,0.4753892015920256,-2.1852522582352827,-2.256040216619782,0.0016345135273293993
4.100000000000004,-2.5854514668810946,-1.8100672379224123,-0.4198610632274595,-2.481274936122735,1.5703453438640904,0.5242664299128418,-0.2918613305782697,-0.0490880528207049,0.47538920159202547,-2.1852522582352805,-2.256040216619785,0.0016345135273287301
4.108333333333338,-2.5854514668810946,-1.8100672379224123,-0.4198610632274595,-2.481274936122735,1.5703453438640904,0.5242664299128396,-0.2918613305782697,-0.0490880528207049,0.47538920159202547,-2.185252258235278,-2.256040216619787,0.0016345135273287288
4.116666666666671,-2.5854514668810946,-1.8100672379224123,-0.4198610632274595,-2.481274936122735,1.5703453438640904,0.5242664299128373,-0.2918613305782697,-0.0490880528207049,0.47538920159202547,-2.1852522582352756,-2.2560402166197893,0.0016345135273287278
4.125000000000004,-2.5854514668810946,-1.8100672379224123,-0.4198610632274596,-2.481274936122735,1.5703453438640906,0.5242664299128352,-0.2918613305782697,-0.04908805282070493,0.47538920159202547,-2.185252258235273,-2.256040216619792,0.001634513527328667
4.133333333333337,-2.5854514668810946,-1.8100672379224123,-0.4198610632274596,-2.481274936122735,1.5703453438640906,0.524266429912833,-0.2918613305782697,-0.04908805282070493,0.47538920159202547,-2.1852522582352707,-2.256040216619794,0.0016345135273286662
4.141666666666671,-2.5854514668810946,-1.8100672379224123,-0.4198610632274596,-2.481274936122735,1.5703453438640906,0.5242664299128307,-0.2918613305782697,-0.04908805282070493,0.47538920159202547,-2.185252258235268,-2.256040216619797,0.0016345135273286647
4.150000000000004,-2.5854514668810946,-1.8100672379224123,-0.4198610632274596,-2.4812749361227358,1.5703453438640909,0.5242664299128285,-0.29186133057826963,-0.04908805282070491,0.47538920159202536,-2.1852522582352654,-2.2560402166198,0.001634513527327468
4.158333333333338,-2.5854514668810946,-1.8100672379224123,-0.4198610632274596,-2.4812749361227358,1.5703453438640909,0.5242664299128261,-0.29186133057826963,-0.04908805282070491,0.47538920159202536,-2.1852522582352627,-2.256040216619802,0.0016345135273274664
4.1666666666666705,-2.5854514668810946,-1.8100672379224123,-0.4198610632274596,-2.4812749361227358,1.5703453438640909,0.5242664299128239,-0.29186133057826963,-0.04908805282070491,0.47538920159202536,-2.1852522582352605,-2.256040216619805,0.0016345135273274653
4.175000000000004,-2.5854514668810946,-1.8100672379224123,-0.4198610632274596,-2.4812749361227358,1.570345343864091,0.5242664299128217,-0.29186133057826963,-0.04908805282070492,0.47538920159202536,-2.1852522582352583,-2.2560402166198075,0.001634513527327549
4.183333333333338,-2.5854514668810946,-1.8100672379224123,-0.4198610632274596,-2.4812749361227358,1.570345343864091,0.5242664299128195,-0.29186133057826963,-0.04908805282070492,0.47538920159202536,-2.185252258235256,-2.2560402166198097,0.0016345135273275475
4.191666666666671,-2.5854514668810946,-1.8100672379224123,-0.4198610632274596,-2.4812749361227358,1.570345343864091,0.5242664299128172,-0.29186133057826963,-0.04908805282070492,0.47538920159202536,-2.185252258235253,-2.2560402166198124,0.0016345135273275462
4.200000000000005,-2.5854514668810946,-1.8100672379224123,-0.4198610632274596,-2.4812749361227358,1.570345343864091,0.524266429912815,-0.29186133057826963,-0.04908805282070492,0.47538920159202536,-2.1852522582352507,-2.2560402166198146,0.0016345135273275451
4.2083333333333375,-2.5854514668810946,-1.810067237922412,-0.4198610632274596,-2.481274936122736,1.5703453438640913,0.5242664299128128,-0.2918613305782696,-0.049088052820704886,0.47538920159202547,-2.185252258235248,-2.2560402166198172,0.0016345135273273241
4.216666666666671,-2.5854514668810946,-1.810067237922412,-0.4198610632274596,-2.481274936122736,1.5703453438640913,0.5242664299128106,-0.2918613305782696,-0.049088052820704886,0.47538920159202547,-2.185252258235246,-2.2560402166198195,0.0016345135273273228
4.225000000000004,-2.5854514668810946,-1.810067237922412,-0.4198610632274596,-2.481274936122736,1.5703453438640913,0.5242664299128083,-0.2918613305782696,-0.049088052820704886,0.47538920159202547,-2.185252258235243,-2.256040216619822,0.0016345135273273218
4.233333333333338,-2.5854514668810946,-1.810067237922412,-0.4198610632274596,-2.481274936122736,1.5703453438640913,0.524266429912806,-0.2918613305782696,-0.049088052820704886,0.47538920159202547,-2.1852522582352405,-2.2560402166198243,0.0016345135273273205
4.241666666666671,-2.5854514668810946,-1.810067237922412,-0.4198610632274597,-2.481274936122736,1.5703453438640915,0.5242664299128038,-0.2918613305782695,-0.04908805282070491,0.47538920159202547,-2.1852522582352383,-2.2560402166198275,0.0016345135273272164
4.250000000000004,-2.5854514668810946,-1.810067237922412,-0.4198610632274597,-2.481274936122736,1.5703453438640915,0.5242664299128016,-0.2918613305782695,-0.04908805282070491,0.47538920159202547,-2.1852522582352356,-2.2560402166198297,0.001634513527327215
4.258333333333337,-2.5854514668810946,-1.810067237922412,-0.4198610632274597,-2.481274936122736,1.5703453438640915,0.5242664299127994,-0.2918613305782695,-0.04908805282070491,0.47538920159202547,-2.1852522582352334,-2.256040216619832,0.0016345135273272138
4.266666666666671,-2.5854514668810946,-1.810067237922412,-0.4198610632274597,-2.481274936122736,1.5703453438640915,0.524266429912797,-0.2918613305782695,-0.04908805282070491,0.47538920159202547,-2.1852522582352307,-2.256040216619835,0.0016345135273272127
4.275000000000005,-2.5854514668810946,-1.810067237922412,-0.4198610632274597,-2.481274936122736,1.5703453438640915,0.5242664299127948,-0.2918613305782695,-0.04908805282070491,0.47538920159202547,-2.1852522582352285,-2.256040216619837,0.0016345135273272114
4.283333333333338,-2.5854514668810946,-1.810067237922412,-0.4198610632274597,-2.4812749361227366,1.570345343864092,0.5242664299127927,-0.29186133057826946,-0.049088052820704914,0.47538920159202547,-2.1852522582352263,-2.2560402166198394,0.0016345135273265472
4.291666666666671,-2.5854514668810946,-1.810067237922412,-0.4198610632274597,-2.4812749361227366,1.570345343864092,0.5242664299127905,-0.29186133057826946,-0.049088052820704914,0.47538920159202547,-2.185252258235223,-2.2560402166198417,0.001634513527326546
4.300000000000004,-2.585451466881094,-1.810067237922412,-0.4198610632274597,-2.4812749361227366,1.570345343864092,0.5242664299127882,-0.2918613305782694,-0.04908805282070502,0.47538920159202547,-2.18525225823522,-2.256040216619845,0.0016345135273265856
4.308333333333338,-2.585451466881094,-1.810067237922412,-0.4198610632274597,-2.4812749361227366,1.570345343864092,0.5242664299127858,-0.2918613305782694,-0.04908805282070502,0.47538920159202547,-2.185252258235218,-2.2560402166198474,0.0016345135273265843
4.316666666666671,-2.585451466881094,-1.810067237922412,-0.4198610632274597,-2.4812749361227366,1.5703453438640922,0.5242664299127836,-0.2918613305782694,-0.04908805282070503,0.47538920159202547,-2.1852522582352156,-2.25604021661985,0.001634513527326668
4.325000000000005,-2.585451466881094,-1.810067237922412,-0.4198610632274597,-2.4812749361227366,1.5703453438640922,0.5242664299127814,-0.2918613305782694,-0.04908805282070503,0.47538920159202547,-2.185252258235213,-2.2560402166198528,0.0016345135273266667
4.3333333333333375,-2.585451466881094,-1.810067237922412,-0.4198610632274597,-2.481274936122737,1.5703453438640922,0.5242664299127792,-0.2918613305782694,-0.04908805282070502,0.47538920159202536,-2.1852522582352107,-2.2560402166198554,0.0016345135273260615
4.341666666666671,-2.585451466881094,-1.810067237922412,-0.4198610632274597,-2.481274936122737,1.5703453438640922,0.5242664299127768,-0.2918613305782694,-0.04908805282070502,0.47538920159202536,-2.1852522582352085,-2.2560402166198577,0.0016345135273260602
4.350000000000004,-2.585451466881094,-1.810067237922412,-0.4198610632274597,-2.481274936122737,1.5703453438640924,0.5242664299127747,-0.29186133057826935,-0.04908805282070503,0.47538920159202536,-2.185252258235206,-2.2560402166198603,0.0016345135273261439
4.358333333333338,-2.585451466881094,-1.810067237922412,-0.4198610632274597,-2.481274936122737,1.5703453438640924,0.5242664299127724,-0.29186133057826935,-0.04908805282070503,0.47538920159202536,-2.1852522582352036,-2.256040216619863,0.0016345135273261426
4.366666666666672,-2.585451466881094,-1.810067237922412,-0.4198610632274597,-2.481274936122737,1.5703453438640926,0.5242664299127703,-0.29186133057826935,-0.049088052820705046,0.47538920159202536,-2.185252258235201,-2.2560402166198656,0.0016345135273262259
4.375000000000004,-2.585451466881094,-1.810067237922412,-0.4198610632274597,-2.481274936122737,1.5703453438640926,0.524266429912768,-0.29186133057826935,-0.049088052820705046,0.47538920159202536,-2.1852522582351988,-2.256040216619868,0.0016345135273262248
4.383333333333338,-2.585451466881094,-1.810067237922412,-0.4198610632274597,-2.481274936122737,1.5703453438640926,0.5242664299127657,-0.29186133057826935,-0.049088052820705046,0.47538920159202536,-2.185252258235196,-2.2560402166198705,0.001634513527326224
4.391666666666671,-2.585451466881094,-1.810067237922412,-0.4198610632274597,-2.481274936122737,1.5703453438640929,0.5242664299127635,-0.29186133057826935,-0.04908805282070506,0.47538920159202536,-2.1852522582351934,-2.2560402166198723,0.001634513527326307
4.400000000000005,-2.585451466881094,-1.810067237922412,-0.4198610632274597,-2.481274936122737,1.5703453438640929,0.5242664299127612,-0.29186133057826935,-0.04908805282070506,0.47538920159202536,-2.1852522582351903,-2.2560402166198754,0.0016345135273263056
4.408333333333338,-2.585451466881094,-1.810067237922412,-0.4198610632274597,-2.481274936122737,1.5703453438640929,0.524266429912759,-0.29186133057826935,-0.04908805282070506,0.47538920159202536,-2.185252258235188,-2.2560402166198776,0.0016345135273263041
4.416666666666671,-2.585451466881094,-1.810067237922412,-0.4198610632274597,-2.481274936122737,1.570345343864093,0.5242664299127567,-0.29186133057826935,-0.04908805282070507,0.47538920159202536,-2.1852522582351854,-2.2560402166198803,0.0016345135273263878
4.425000000000004,-2.585451466881094,-1.810067237922412,-0.4198610632274597,-2.481274936122737,1.570345343864093,0.5242664299127545,-0.29186133057826935,-0.04908805282070507,0.47538920159202536,-2.1852522582351837,-2.256040216619883,0.0016345135273263867
4.433333333333338,-2.585451466881094,-1.810067237922412,-0.4198610632274597,-2.481274936122738,1.570345343864093,0.5242664299127523,-0.2918613305782693,-0.04908805282070504,0.47538920159202536,-2.185252258235181,-2.256040216619885,0.0016345135273251048
4.441666666666671,-2.585451466881094,-1.810067237922412,-0.4198610632274597,-2.481274936122738,1.570345343864093,0.5242664299127501,-0.2918613305782693,-0.04908805282070504,0.47538920159202536,-2.1852522582351788,-2.2560402166198874,0.0016345135273251033
4.450000000000005,-2.585451466881094,-1.810067237922412,-0.4198610632274597,-2.481274936122738,1.570345343864093,0.5242664299127479,-0.2918613305782693,-0.04908805282070504,0.47538920159202536,-2.185252258235176,-2.25604021661989,0.0016345135273251024
4.4583333333333375,-2.585451466881094,-1.810067237922412,-0.4198610632274597,-2.481274936122738,1.570345343864093,0.5242664299127455,-0.2918613305782693,-0.04908805282070504,0.47538920159202536,-2.1852522582351734,-2.2560402166198923,0.0016345135273251009
4.466666666666671,-2.585451466881094,-1.810067237922412,-0.4198610632274597,-2.481274936122738,1.570345343864093,0.5242664299127433,-0.2918613305782693,-0.04908805282070504,0.47538920159202536,-2.1852522582351708,-2.256040216619895,0.0016345135273250996
4.475000000000005,-2.585451466881094,-1.810067237922412,-0.4198610632274597,-2.4812749361227384,1.5703453438640933,0.5242664299127411,-0.29186133057826924,-0.049088052820705046,0.47538920159202525,-2.185252258235169,-2.2560402166198976,0.0016345135273244543
4.483333333333338,-2.585451466881094,-1.810067237922412,-0.4198610632274598,-2.4812749361227384,1.5703453438640933,0.5242664299127389,-0.29186133057826924,-0.049088052820705046,0.47538920159202525,-2.1852522582351663,-2.2560402166199003,0.001634513527324333
4.491666666666672,-2.585451466881094,-1.810067237922412,-0.4198610632274598,-2.4812749361227384,1.5703453438640933,0.5242664299127365,-0.29186133057826924,-0.049088052820705046,0.47538920159202525,-2.1852522582351637,-2.256040216619903,0.0016345135273243315
4.500000000000004,-2.585451466881094,-1.810067237922412,-0.4198610632274598,-2.4812749361227384,1.5703453438640935,0.5242664299127344,-0.29186133057826924,-0.04908805282070506,0.47538920159202525,-2.185252258235161,-2.256040216619905,0.001634513527324415
4.508333333333338,-2.585451466881094,-1.810067237922412,-0.4198610632274598,-2.4812749361227384,1.5703453438640935,0.5242664299127322,-0.29186133057826924,-0.04908805282070506,0.47538920159202525,-2.185252258235159,-2.256040216619908,0.001634513527324414
4.516666666666671,-2.585451466881094,-1.810067237922412,-0.4198610632274598,-2.481274936122739,1.5703453438640935,0.52426642991273,-0.2918613305782692,-0.04908805282070504,0.47538920159202525,-2.1852522582351566,-2.2560402166199105,0.0016345135273237478
4.525000000000005,-2.585451466881094,-1.8100672379224116,-0.4198610632274599,-2.481274936122739,1.5703453438640935,0.5242664299127278,-0.29186133057826913,-0.049088052820704976,0.47538920159202525,-2.185252258235154,-2.2560402166199127,0.0016345135273242673
4.533333333333338,-2.585451466881094,-1.8100672379224116,-0.4198610632274599,-2.481274936122739,1.5703453438640935,0.5242664299127254,-0.29186133057826913,-0.049088052820704976,0.47538920159202525,-2.1852522582351512,-2.256040216619915,0.0016345135273242656
4.541666666666671,-2.585451466881094,-1.8100672379224116,-0.4198610632274599,-2.481274936122739,1.5703453438640935,0.5242664299127232,-0.29186133057826913,-0.049088052820704976,0.47538920159202525,-2.1852522582351486,-2.256040216619917,0.0016345135273242645
4.550000000000004,-2.585451466881094,-1.8100672379224116,-0.4198610632274599,-2.481274936122739,1.5703453438640935,0.524266429912721,-0.29186133057826913,-0.049088052820704976,0.47538920159202525,-2.1852522582351463,-2.2560402166199203,0.0016345135273242632
4.558333333333338,-2.585451466881094,-1.8100672379224116,-0.4198610632274599,-2.481274936122739,1.570345343864094,0.5242664299127188,-0.29186133057826913,-0.049088052820705004,0.47538920159202525,-2.185252258235144,-2.2560402166199225,0.0016345135273244317
4.566666666666672,-2.585451466881094,-1.8100672379224116,-0.4198610632274599,-2.481274936122739,1.570345343864094,0.5242664299127165,-0.29186133057826913,-0.049088052820705004,0.47538920159202525,-2.185252258235141,-2.256040216619925,0.0016345135273244302
4.575000000000005,-2.585451466881094,-1.8100672379224116,-0.4198610632274599,-2.481274936122739,1.570345343864094,0.5242664299127142,-0.29186133057826913,-0.049088052820705004,0.47538920159202525,-2.185252258235139,-2.2560402166199274,0.0016345135273244293
4.583333333333338,-2.585451466881094,-1.8100672379224116,-0.4198610632274599,-2.4812749361227397,1.570345343864094,0.524266429912712,-0.291861330578269,-0.04908805282070496,0.47538920159202525,-2.185252258235136,-2.25604021661993,0.0016345135273229917
4.591666666666671,-2.585451466881094,-1.8100672379224116,-0.4198610632274599,-2.4812749361227397,1.570345343864094,0.5242664299127098,-0.291861330578269,-0.04908805282070496,0.47538920159202525,-2.185252258235134,-2.2560402166199323,0.0016345135273229904
4.600000000000005,-2.585451466881094,-1.8100672379224116,-0.4198610632274599,-2.4812749361227397,1.570345343864094,0.5242664299127076,-0.291861330578269,-0.04908805282070496,0.47538920159202525,-2.185252258235132,-2.256040216619935,0.0016345135273229893
4.608333333333338,-2.585451466881094,-1.8100672379224116,-0.4198610632274599,-2.4812749361227397,1.5703453438640942,0.5242664299127053,-0.291861330578269,-0.04908805282070498,0.47538920159202525,-2.185252258235129,-2.2560402166199376,0.0016345135273230728
4.616666666666672,-2.585451466881094,-1.8100672379224116,-0.4198610632274599,-2.4812749361227397,1.5703453438640942,0.524266429912703,-0.291861330578269,-0.04908805282070498,0.47538920159202525,-2.1852522582351264,-2.2560402166199403,0.0016345135273230715
4.625000000000004,-2.585451466881094,-1.8100672379224116,-0.4198610632274599,-2.48127493612274,1.5703453438640944,0.5242664299127009,-0.291861330578269,-0.04908805282070497,0.47538920159202513,-2.1852522582351246,-2.2560402166199425,0.0016345135273224908
4.633333333333338,-2.585451466881094,-1.8100672379224116,-0.4198610632274599,-2.48127493612274,1.5703453438640944,0.5242664299126987,-0.291861330578269,-0.04908805282070497,0.47538920159202513,-2.185252258235122,-2.256040216619945,0.0016345135273224893
4.641666666666671,-2.585451466881094,-1.8100672379224116,-0.4198610632274599,-2.48127493612274,1.5703453438640944,0.5242664299126965,-0.291861330578269,-0.04908805282070497,0.47538920159202513,-2.1852522582351197,-2.256040216619947,0.001634513527322488
4.650000000000005,-2.585451466881094,-1.8100672379224116,-0.4198610632274599,-2.48127493612274,1.5703453438640944,0.5242664299126941,-0.291861330578269,-0.04908805282070497,0.47538920159202513,-2.1852522582351166,-2.2560402166199496,0.0016345135273224867
4.6583333333333385,-2.585451466881094,-1.8100672379224116,-0.4198610632274599,-2.48127493612274,1.5703453438640946,0.5242664299126919,-0.29186133057826896,-0.04908805282070498,0.47538920159202513,-2.1852522582351144,-2.2560402166199527,0.0016345135273225701
4.666666666666671,-2.585451466881094,-1.8100672379224116,-0.4198610632274599,-2.48127493612274,1.5703453438640949,0.5242664299126897,-0.29186133057826896,-0.049088052820705,0.47538920159202513,-2.185252258235112,-2.2560402166199554,0.0016345135273226536
4.675000000000005,-2.585451466881094,-1.8100672379224116,-0.4198610632274599,-2.48127493612274,1.5703453438640949,0.5242664299126875,-0.29186133057826896,-0.049088052820705,0.47538920159202513,-2.1852522582351095,-2.2560402166199576,0.0016345135273226523
4.683333333333338,-2.585451466881094,-1.8100672379224116,-0.4198610632274599,-2.48127493612274,1.5703453438640949,0.5242664299126852,-0.29186133057826896,-0.049088052820705,0.47538920159202513,-2.1852522582351073,-2.25604021661996,0.0016345135273226512
4.691666666666672,-2.585451466881094,-1.8100672379224116,-0.4198610632274599,-2.48127493612274,1.570345343864095,0.524266429912683,-0.29186133057826896,-0.04908805282070502,0.47538920159202513,-2.1852522582351046,-2.2560402166199625,0.0016345135273227345
4.700000000000005,-2.585451466881094,-1.8100672379224116,-0.4198610632274599,-2.48127493612274,1.570345343864095,0.5242664299126808,-0.29186133057826896,-0.04908805282070502,0.47538920159202513,-2.1852522582351024,-2.2560402166199647,0.0016345135273227334
4.708333333333338,-2.585451466881094,-1.8100672379224112,-0.4198610632274599,-2.4812749361227406,1.570345343864095,0.5242664299126786,-0.2918613305782688,-0.04908805282070494,0.47538920159202525,-2.1852522582350997,-2.2560402166199673,0.0016345135273227555
4.716666666666671,-2.585451466881094,-1.8100672379224112,-0.4198610632274599,-2.4812749361227406,1.570345343864095,0.5242664299126764,-0.2918613305782688,-0.04908805282070494,0.47538920159202525,-2.185252258235097,-2.25604021661997,0.0016345135273227542
4.725000000000005,-2.585451466881094,-1.8100672379224112,-0.41986106322746,-2.4812749361227406,1.570345343864095,0.5242664299126741,-0.2918613305782688,-0.049088052820704935,0.47538920159202525,-2.1852522582350944,-2.2560402166199722,0.0016345135273225567
4.733333333333338,-2.585451466881094,-1.8100672379224112,-0.41986106322746,-2.4812749361227406,1.570345343864095,0.5242664299126718,-0.2918613305782688,-0.049088052820704935,0.47538920159202525,-2.185252258235092,-2.2560402166199744,0.0016345135273225556
4.741666666666672,-2.585451466881094,-1.8100672379224112,-0.41986106322746,-2.4812749361227406,1.5703453438640953,0.5242664299126696,-0.2918613305782688,-0.04908805282070495,0.47538920159202525,-2.1852522582350895,-2.256040216619977,0.0016345135273226389
4.750000000000004,-2.585451466881094,-1.8100672379224112,-0.41986106322746,-2.4812749361227406,1.5703453438640953,0.5242664299126673,-0.2918613305782688,-0.04908805282070495,0.47538920159202525,-2.185252258235087,-2.25604021661998,0.001634513527322638
4.758333333333338,-2.585451466881094,-1.8100672379224112,-0.41986106322746,-2.481274936122741,1.5703453438640953,0.524266429912665,-0.29186133057826874,-0.049088052820704935,0.47538920159202525,-2.1852522582350846,-2.2560402166199824,0.0016345135273220322
4.766666666666672,-2.585451466881094,-1.8100672379224112,-0.41986106322746,-2.481274936122741,1.5703453438640953,0.5242664299126627,-0.29186133057826874,-0.049088052820704935,0.47538920159202525,-2.185252258235082,-2.256040216619985,0.001634513527322031
4.775000000000005,-2.585451466881094,-1.8100672379224112,-0.41986106322746,-2.481274936122741,1.5703453438640955,0.5242664299126605,-0.29186133057826874,-0.04908805282070495,0.47538920159202525,-2.18525225823508,-2.2560402166199878,0.0016345135273221148
4.7833333333333385,-2.585451466881094,-1.8100672379224112,-0.41986106322746,-2.481274936122741,1.5703453438640955,0.5242664299126583,-0.29186133057826874,-0.04908805282070495,0.47538920159202525,-2.185252258235077,-2.25604021661999,0.0016345135273221135
4.791666666666671,-2.585451466881094,-1.8100672379224112,-0.41986106322746,-2.481274936122741,1.5703453438640955,0.524266429912656,-0.29186133057826874,-0.04908805282070495,0.47538920159202525,-2.1852522582350753,-2.2560402166199927,0.0016345135273221126
4.800000000000005,-2.585451466881094,-1.8100672379224112,-0.41986106322746,-2.481274936122741,1.5703453438640955,0.5242664299126537,-0.29186133057826874,-0.04908805282070495,0.47538920159202525,-2.185252258235072,-2.256040216619995,0.001634513527322111
4.808333333333338,-2.585451466881094,-1.8100672379224112,-0.41986106322746,-2.481274936122741,1.5703453438640955,0.5242664299126515,-0.29186133057826874,-0.04908805282070495,0.47538920159202525,-2.1852522582350695,-2.2560402166199975,0.0016345135273221096
4.816666666666672,-2.585451466881094,-1.810067237922411,-0.4198610632274601,-2.481274936122741,1.5703453438640955,0.5242664299126495,-0.2918613305782687,-0.049088052820704914,0.47538920159202525,-2.1852522582350673,-2.2560402166199998,0.0016345135273223334
4.825000000000005,-2.585451466881094,-1.810067237922411,-0.4198610632274601,-2.481274936122741,1.5703453438640955,0.5242664299126472,-0.2918613305782687,-0.049088052820704914,0.47538920159202525,-2.1852522582350646,-2.2560402166200024,0.0016345135273223323
4.833333333333338,-2.585451466881094,-1.810067237922411,-0.4198610632274601,-2.481274936122741,1.5703453438640955,0.5242664299126449,-0.2918613305782687,-0.049088052820704914,0.47538920159202525,-2.1852522582350624,-2.2560402166200046,0.001634513527322331
4.841666666666671,-2.585451466881094,-1.810067237922411,-0.4198610632274601,-2.481274936122742,1.570345343864096,0.5242664299126427,-0.29186133057826863,-0.04908805282070491,0.47538920159202513,-2.18525225823506,-2.2560402166200078,0.0016345135273211663
4.850000000000005,-2.585451466881094,-1.810067237922411,-0.4198610632274601,-2.481274936122742,1.570345343864096,0.5242664299126404,-0.29186133057826863,-0.04908805282070491,0.47538920159202513,-2.1852522582350575,-2.25604021662001,0.0016345135273211652
4.858333333333339,-2.585451466881094,-1.810067237922411,-0.4198610632274601,-2.481274936122742,1.570345343864096,0.524266429912638,-0.29186133057826863,-0.04908805282070491,0.47538920159202513,-2.185252258235055,-2.2560402166200126,0.001634513527321164
4.866666666666672,-2.585451466881094,-1.810067237922411,-0.4198610632274601,-2.481274936122742,1.5703453438640962,0.5242664299126358,-0.29186133057826863,-0.04908805282070492,0.47538920159202513,-2.185252258235052,-2.2560402166200153,0.0016345135273212474
4.875000000000005,-2.585451466881094,-1.810067237922411,-0.4198610632274601,-2.481274936122742,1.5703453438640964,0.5242664299126336,-0.2918613305782686,-0.049088052820704935,0.47538920159202513,-2.1852522582350504,-2.256040216620018,0.001634513527321331
4.883333333333338,-2.585451466881094,-1.810067237922411,-0.4198610632274601,-2.481274936122742,1.5703453438640964,0.5242664299126313,-0.2918613305782686,-0.049088052820704935,0.47538920159202513,-2.1852522582350473,-2.25604021662002,0.0016345135273213292
4.891666666666672,-2.585451466881094,-1.810067237922411,-0.4198610632274601,-2.481274936122742,1.5703453438640964,0.524266429912629,-0.2918613305782686,-0.049088052820704935,0.47538920159202513,-2.185252258235045,-2.2560402166200233,0.0016345135273213283
4.900000000000005,-2.585451466881094,-1.810067237922411,-0.4198610632274601,-2.4812749361227424,1.5703453438640966,0.5242664299126268,-0.2918613305782685,-0.04908805282070493,0.47538920159202513,-2.1852522582350424,-2.2560402166200255,0.0016345135273205795
4.9083333333333385,-2.585451466881094,-1.810067237922411,-0.4198610632274601,-2.4812749361227424,1.5703453438640966,0.5242664299126245,-0.2918613305782685,-0.04908805282070493,0.47538920159202513,-2.1852522582350398,-2.256040216620028,0.0016345135273205782
4.916666666666671,-2.585451466881094,-1.810067237922411,-0.4198610632274601,-2.4812749361227424,1.5703453438640966,0.5242664299126222,-0.2918613305782685,-0.04908805282070493,0.47538920159202513,-2.1852522582350375,-2.2560402166200304,0.001634513527320577
4.925000000000005,-2.585451466881094,-1.810067237922411,-0.4198610632274601,-2.4812749361227424,1.5703453438640966,0.52426642991262,-0.2918613305782685,-0.04908805282070493,0.47538920159202513,-2.1852522582350344,-2.256040216620033,0.0016345135273205759
4.933333333333338,-2.585451466881094,-1.810067237922411,-0.4198610632274601,-2.481274936122743,1.5703453438640969,0.5242664299126177,-0.2918613305782685,-0.04908805282070493,0.47538920159202513,-2.185252258235032,-2.2560402166200353,0.0016345135273200552
4.941666666666672,-2.585451466881094,-1.810067237922411,-0.4198610632274601,-2.481274936122743,1.5703453438640969,0.5242664299126155,-0.2918613305782685,-0.04908805282070493,0.47538920159202513,-2.1852522582350296,-2.256040216620038,0.001634513527320054
4.9500000000000055,-2.5854514668810937,-1.810067237922411,-0.4198610632274601,-2.481274936122743,1.5703453438640969,0.5242664299126132,-0.2918613305782685,-0.04908805282070508,0.47538920159202513,-2.1852522582350264,-2.256040216620041,0.0016345135273200327
4.958333333333338,-2.5854514668810937,-1.8100672379224108,-0.4198610632274601,-2.481274936122743,1.570345343864097,0.524266429912611,-0.29186133057826846,-0.04908805282070505,0.47538920159202513,-2.1852522582350247,-2.2560402166200437,0.0016345135273204935
4.966666666666672,-2.5854514668810937,-1.8100672379224108,-0.4198610632274601,-2.481274936122743,1.570345343864097,0.5242664299126086,-0.29186133057826846,-0.04908805282070505,0.47538920159202513,-2.185252258235022,-2.2560402166200464,0.0016345135273204924
4.975000000000005,-2.5854514668810937,-1.8100672379224108,-0.4198610632274601,-2.481274936122743,1.5703453438640973,0.5242664299126064,-0.29186133057826846,-0.049088052820705066,0.47538920159202513,-2.1852522582350193,-2.256040216620049,0.0016345135273205759
4.983333333333339,-2.5854514668810937,-1.8100672379224108,-0.4198610632274601,-2.481274936122743,1.5703453438640973,0.5242664299126042,-0.29186133057826846,-0.049088052820705066,0.47538920159202513,-2.185252258235017,-2.256040216620051,0.0016345135273205743
4.991666666666672,-2.5854514668810937,-1.8100672379224108,-0.4198610632274602,-2.4812749361227437,1.5703453438640975,0.5242664299126021,-0.29186133057826835,-0.04908805282070505,0.475389201592025,-2.1852522582350145,-2.256040216620054,0.001634513527319144
5.000000000000005,-2.5854514668810937,-1.8100672379224108,-0.4198610632274602,-2.4812749361227437,1.5703453438640975,0.5242664299125998,-0.29186133057826835,-0.04908805282070505,0.475389201592025,-2.1852522582350122,-2.2560402166200566,0.0016345135273191428
5.008333333333338,-2.5854514668810937,-1.8100672379224108,-0.4198610632274602,-2.4812749361227437,1.5703453438640975,0.5242664299125975,-0.29186133057826835,-0.04908805282070505,0.475389201592025,-2.1852522582350096,-2.256040216620059,0.001634513527319141
5.016666666666672,-2.5854514668810937,-1.8100672379224108,-0.4198610632274602,-2.4812749361227437,1.5703453438640975,0.5242664299125953,-0.29186133057826835,-0.04908805282070505,0.475389201592025,-2.185252258235007,-2.2560402166200615,0.00163451352731914
5.025000000000005,-2.5854514668810937,-1.8100672379224108,-0.4198610632274602,-2.4812749361227437,1.5703453438640975,0.524266429912593,-0.29186133057826835,-0.04908805282070505,0.475389201592025,-2.1852522582350042,-2.2560402166200637,0.0016345135273191389
5.0333333333333385,-2.5854514668810937,-1.8100672379224108,-0.4198610632274602,-2.481274936122744,1.5703453438640975,0.5242664299125908,-0.29186133057826835,-0.04908805282070503,0.475389201592025,-2.185252258235003,-2.2560402166200664,0.0016345135273184734
5.041666666666671,-2.5854514668810937,-1.8100672379224108,-0.4198610632274602,-2.481274936122744,1.5703453438640975,0.5242664299125885,-0.29186133057826835,-0.04908805282070503,0.475389201592025,-2.185252258235,-2.2560402166200686,0.001634513527318472
5.050000000000005,-2.5854514668810937,-1.8100672379224108,-0.4198610632274602,-2.481274936122744,1.5703453438640975,0.5242664299125862,-0.29186133057826835,-0.04908805282070503,0.475389201592025,-2.185252258234997,-2.2560402166200717,0.0016345135273184703
5.058333333333339,-2.5854514668810937,-1.8100672379224108,-0.4198610632274602,-2.481274936122744,1.5703453438640975,0.524266429912584,-0.29186133057826835,-0.04908805282070503,0.475389201592025,-2.185252258234995,-2.2560402166200735,0.0016345135273184695
5.066666666666672,-2.5854514668810937,-1.8100672379224103,-0.4198610632274602,-2.481274936122744,1.570345343864098,0.5242664299125819,-0.2918613305782682,-0.04908805282070497,0.47538920159202513,-2.1852522582349923,-2.2560402166200757,0.001634513527319248
5.0750000000000055,-2.5854514668810937,-1.8100672379224103,-0.4198610632274602,-2.481274936122744,1.570345343864098,0.5242664299125797,-0.2918613305782682,-0.04908805282070497,0.47538920159202513,-2.18525225823499,-2.2560402166200784,0.0016345135273192468
5.083333333333338,-2.5854514668810937,-1.8100672379224103,-0.4198610632274602,-2.481274936122744,1.570345343864098,0.5242664299125774,-0.2918613305782682,-0.04908805282070497,0.47538920159202513,-2.1852522582349874,-2.256040216620081,0.0016345135273192455
5.091666666666672,-2.5854514668810937,-1.8100672379224103,-0.4198610632274602,-2.481274936122744,1.570345343864098,0.5242664299125751,-0.2918613305782682,-0.04908805282070497,0.47538920159202513,-2.185252258234985,-2.2560402166200832,0.001634513527319244
5.100000000000005,-2.5854514668810937,-1.8100672379224103,-0.4198610632274602,-2.481274936122744,1.5703453438640982,0.5242664299125729,-0.2918613305782682,-0.04908805282070498,0.47538920159202513,-2.185252258234982,-2.2560402166200864,0.0016345135273193275
5.108333333333339,-2.5854514668810937,-1.8100672379224103,-0.4198610632274602,-2.481274936122744,1.5703453438640982,0.5242664299125707,-0.2918613305782682,-0.04908805282070498,0.47538920159202513,-2.18525225823498,-2.2560402166200886,0.001634513527319326
5.116666666666672,-2.5854514668810937,-1.8100672379224103,-0.4198610632274602,-2.481274936122744,1.5703453438640984,0.5242664299125684,-0.2918613305782682,-0.049088052820705004,0.47538920159202513,-2.185252258234978,-2.2560402166200912,0.00163451352731941
5.125000000000005,-2.5854514668810937,-1.8100672379224103,-0.4198610632274602,-2.481274936122744,1.5703453438640984,0.5242664299125662,-0.2918613305782682,-0.049088052820705004,0.47538920159202513,-2.185252258234975,-2.256040216620094,0.0016345135273194084
5.133333333333338,-2.5854514668810937,-1.8100672379224103,-0.4198610632274602,-2.4812749361227446,1.5703453438640984,0.524266429912564,-0.29186133057826813,-0.049088052820705,0.47538920159202513,-2.185252258234973,-2.2560402166200957,0.001634513527318731
5.141666666666672,-2.5854514668810937,-1.8100672379224103,-0.4198610632274602,-2.4812749361227446,1.5703453438640984,0.5242664299125618,-0.29186133057826813,-0.049088052820705,0.47538920159202513,-2.1852522582349705,-2.2560402166200983,0.0016345135273187297
5.150000000000006,-2.5854514668810937,-1.8100672379224103,-0.4198610632274602,-2.4812749361227446,1.5703453438640984,0.5242664299125596,-0.29186133057826813,-0.049088052820705,0.47538920159202513,-2.185252258234968,-2.2560402166201006,0.0016345135273187284
5.1583333333333385,-2.5854514668810937,-1.8100672379224103,-0.4198610632274602,-2.4812749361227446,1.5703453438640984,0.5242664299125573,-0.29186133057826813,-0.049088052820705,0.47538920159202513,-2.185252258234965,-2.2560402166201032,0.0016345135273187269
5.166666666666672,-2.5854514668810937,-1.8100672379224103,-0.4198610632274602,-2.4812749361227446,1.5703453438640986,0.5242664299125551,-0.29186133057826813,-0.04908805282070501,0.47538920159202513,-2.1852522582349625,-2.2560402166201055,0.0016345135273188108
5.175000000000005,-2.5854514668810937,-1.8100672379224103,-0.4198610632274602,-2.4812749361227446,1.5703453438640986,0.5242664299125528,-0.29186133057826813,-0.04908805282070501,0.47538920159202513,-2.1852522582349603,-2.2560402166201086,0.0016345135273188093
5.183333333333339,-2.5854514668810937,-1.8100672379224103,-0.4198610632274602,-2.481274936122745,1.5703453438640986,0.5242664299125505,-0.2918613305782681,-0.049088052820704976,0.475389201592025,-2.1852522582349576,-2.256040216620111,0.0016345135273180481
5.191666666666672,-2.5854514668810937,-1.8100672379224103,-0.4198610632274603,-2.481274936122745,1.5703453438640989,0.5242664299125483,-0.29186133057826813,-0.049088052820705,0.475389201592025,-2.1852522582349554,-2.2560402166201134,0.001634513527317951
5.2000000000000055,-2.5854514668810937,-1.8100672379224103,-0.4198610632274603,-2.481274936122745,1.5703453438640989,0.5242664299125461,-0.29186133057826813,-0.049088052820705,0.475389201592025,-2.185252258234953,-2.256040216620116,0.0016345135273179497
5.208333333333338,-2.5854514668810937,-1.8100672379224103,-0.4198610632274603,-2.481274936122745,1.5703453438640989,0.5242664299125439,-0.29186133057826813,-0.049088052820705,0.475389201592025,-2.1852522582349505,-2.2560402166201183,0.0016345135273179484
5.216666666666672,-2.5854514668810937,-1.8100672379224103,-0.4198610632274603,-2.481274936122745,1.570345343864099,0.5242664299125417,-0.29186133057826813,-0.04908805282070501,0.475389201592025,-2.185252258234948,-2.256040216620121,0.0016345135273180319
5.225000000000005,-2.5854514668810937,-1.8100672379224103,-0.4198610632274603,-2.481274936122745,1.570345343864099,0.5242664299125395,-0.29186133057826813,-0.04908805282070501,0.475389201592025,-2.185252258234945,-2.256040216620123,0.0016345135273180308
5.233333333333339,-2.5854514668810937,-1.8100672379224103,-0.4198610632274603,-2.481274936122745,1.5703453438640993,0.5242664299125372,-0.29186133057826813,-0.04908805282070503,0.475389201592025,-2.1852522582349434,-2.2560402166201263,0.0016345135273181145
5.2416666666666725,-2.5854514668810937,-1.8100672379224103,-0.4198610632274603,-2.481274936122745,1.5703453438640993,0.524266429912535,-0.29186133057826813,-0.04908805282070503,0.475389201592025,-2.1852522582349407,-2.2560402166201285,0.001634513527318113
5.250000000000005,-2.5854514668810937,-1.8100672379224103,-0.4198610632274603,-2.481274936122745,1.5703453438640993,0.5242664299125328,-0.29186133057826813,-0.04908805282070503,0.475389201592025,-2.185252258234938,-2.256040216620131,0.0016345135273181117
5.258333333333339,-2.5854514668810937,-1.8100672379224103,-0.4198610632274603,-2.481274936122746,1.5703453438640995,0.5242664299125306,-0.291861330578268,-0.04908805282070501,0.475389201592025,-2.185252258234936,-2.256040216620134,0.0016345135273169147
5.266666666666672,-2.5854514668810937,-1.8100672379224103,-0.4198610632274603,-2.481274936122746,1.5703453438640995,0.5242664299125283,-0.291861330578268,-0.04908805282070501,0.475389201592025,-2.1852522582349336,-2.2560402166201365,0.0016345135273169136
5.275000000000006,-2.5854514668810937,-1.8100672379224103,-0.4198610632274603,-2.481274936122746,1.5703453438640995,0.524266429912526,-0.291861330578268,-0.04908805282070501,0.475389201592025,-2.1852522582349305,-2.2560402166201383,0.001634513527316912
5.2833333333333385,-2.5854514668810937,-1.8100672379224103,-0.4198610632274603,-2.481274936122746,1.5703453438640995,0.5242664299125238,-0.291861330578268,-0.04908805282070501,0.475389201592025,-2.1852522582349287,-2.256040216620141,0.0016345135273169108
5.291666666666672,-2.5854514668810937,-1.8100672379224103,-0.4198610632274603,-2.481274936122746,1.5703453438640995,0.5242664299125215,-0.291861330578268,-0.04908805282070501,0.475389201592025,-2.1852522582349256,-2.256040216620143,0.0016345135273169095
5.300000000000005,-2.5854514668810937,-1.8100672379224103,-0.4198610632274603,-2.4812749361227464,1.5703453438640995,0.5242664299125194,-0.291861330578268,-0.04908805282070499,0.4753892015920249,-2.1852522582349234,-2.2560402166201463,0.001634513527316179
5.308333333333339,-2.5854514668810937,-1.8100672379224103,-0.4198610632274603,-2.4812749361227464,1.5703453438640995,0.524266429912517,-0.291861330578268,-0.04908805282070499,0.4753892015920249,-2.1852522582349208,-2.256040216620149,0.0016345135273161781
5.316666666666672,-2.5854514668810937,-1.8100672379224103,-0.4198610632274603,-2.4812749361227464,1.5703453438640995,0.5242664299125148,-0.291861330578268,-0.04908805282070499,0.4753892015920249,-2.1852522582349185,-2.2560402166201508,0.0016345135273161766
5.3250000000000055,-2.5854514668810937,-1.8100672379224103,-0.4198610632274603,-2.4812749361227464,1.5703453438640995,0.5242664299125126,-0.291861330578268,-0.04908805282070499,0.4753892015920249,-2.185252258234916,-2.2560402166201534,0.0016345135273161753
5.333333333333339,-2.5854514668810937,-1.8100672379224103,-0.4198610632274603,-2.4812749361227464,1.5703453438640995,0.5242664299125103,-0.291861330578268,-0.04908805282070499,0.4753892015920249,-2.1852522582349128,-2.256040216620156,0.001634513527316174
5.341666666666672,-2.5854514668810937,-1.8100672379224103,-0.4198610632274603,-2.4812749361227464,1.5703453438641,0.524266429912508,-0.29186133057826796,-0.04908805282070502,0.4753892015920249,-2.185252258234911,-2.2560402166201587,0.0016345135273163425
5.350000000000006,-2.5854514668810937,-1.8100672379224103,-0.4198610632274603,-2.4812749361227464,1.5703453438641,0.5242664299125058,-0.29186133057826796,-0.04908805282070502,0.4753892015920249,-2.1852522582349083,-2.2560402166201614,0.001634513527316341
5.358333333333339,-2.5854514668810937,-1.8100672379224103,-0.4198610632274603,-2.4812749361227464,1.5703453438641,0.5242664299125035,-0.29186133057826796,-0.04908805282070502,0.4753892015920249,-2.1852522582349057,-2.2560402166201636,0.0016345135273163397
5.3666666666666725,-2.5854514668810937,-1.81006723792241,-0.4198610632274604,-2.481274936122747,1.5703453438641002,0.5242664299125013,-0.29186133057826785,-0.049088052820705,0.4753892015920249,-2.1852522582349034,-2.2560402166201663,0.001634513527316172
5.375000000000005,-2.5854514668810937,-1.81006723792241,-0.4198610632274604,-2.481274936122747,1.5703453438641002,0.524266429912499,-0.29186133057826785,-0.049088052820705,0.4753892015920249,-2.1852522582349008,-2.2560402166201685,0.0016345135273161707
5.383333333333339,-2.5854514668810937,-1.81006723792241,-0.4198610632274604,-2.481274936122747,1.5703453438641002,0.5242664299124968,-0.29186133057826785,-0.049088052820705,0.4753892015920249,-2.185252258234898,-2.256040216620171,0.0016345135273161692
5.391666666666672,-2.5854514668810937,-1.81006723792241,-0.4198610632274604,-2.481274936122747,1.5703453438641002,0.5242664299124946,-0.29186133057826785,-0.049088052820705,0.4753892015920249,-2.185252258234896,-2.2560402166201734,0.001634513527316168
5.400000000000006,-2.5854514668810937,-1.81006723792241,-0.4198610632274604,-2.481274936122747,1.5703453438641002,0.5242664299124924,-0.29186133057826785,-0.049088052820705,0.4753892015920249,-2.1852522582348937,-2.256040216620176,0.0016345135273161666
5.4083333333333385,-2.5854514668810937,-1.81006723792241,-0.4198610632274605,-2.4812749361227477,1.5703453438641004,0.5242664299124903,-0.29186133057826774,-0.04908805282070497,0.4753892015920248,-2.185252258234891,-2.2560402166201787,0.001634513527314672
5.416666666666672,-2.5854514668810937,-1.81006723792241,-0.4198610632274605,-2.4812749361227477,1.5703453438641004,0.5242664299124881,-0.29186133057826774,-0.04908805282070497,0.4753892015920248,-2.1852522582348892,-2.2560402166201814,0.0016345135273146709
5.425000000000005,-2.5854514668810937,-1.81006723792241,-0.4198610632274605,-2.4812749361227477,1.5703453438641004,0.5242664299124857,-0.29186133057826774,-0.04908805282070497,0.4753892015920248,-2.185252258234886,-2.256040216620184,0.0016345135273146696
5.433333333333339,-2.5854514668810937,-1.81006723792241,-0.4198610632274605,-2.4812749361227477,1.5703453438641004,0.5242664299124835,-0.29186133057826774,-0.04908805282070497,0.4753892015920248,-2.185252258234884,-2.2560402166201863,0.001634513527314668
5.441666666666673,-2.5854514668810937,-1.81006723792241,-0.4198610632274605,-2.4812749361227477,1.5703453438641004,0.5242664299124812,-0.29186133057826774,-0.04908805282070497,0.4753892015920248,-2.1852522582348812,-2.256040216620189,0.0016345135273146672
5.4500000000000055,-2.5854514668810937,-1.8100672379224096,-0.4198610632274605,-2.481274936122748,1.5703453438641006,0.524266429912479,-0.29186133057826763,-0.04908805282070487,0.4753892015920249,-2.1852522582348786,-2.256040216620191,0.0016345135273146468
5.458333333333339,-2.5854514668810937,-1.8100672379224096,-0.4198610632274605,-2.481274936122748,1.5703453438641006,0.5242664299124767,-0.29186133057826763,-0.04908805282070487,0.4753892015920249,-2.1852522582348763,-2.256040216620194,0.0016345135273146457
5.466666666666672,-2.5854514668810937,-1.8100672379224096,-0.4198610632274605,-2.481274936122748,1.5703453438641006,0.5242664299124745,-0.29186133057826763,-0.04908805282070487,0.4753892015920249,-2.1852522582348737,-2.2560402166201956,0.0016345135273146444
5.475000000000006,-2.5854514668810937,-1.8100672379224096,-0.4198610632274605,-2.481274936122748,1.5703453438641006,0.5242664299124723,-0.29186133057826763,-0.04908805282070487,0.4753892015920249,-2.185252258234871,-2.2560402166201987,0.0016345135273146429
5.483333333333339,-2.5854514668810937,-1.8100672379224096,-0.4198610632274605,-2.481274936122748,1.5703453438641009,0.5242664299124701,-0.29186133057826763,-0.049088052820704886,0.4753892015920249,-2.185252258234869,-2.2560402166202005,0.0016345135273147268
5.4916666666666725,-2.5854514668810937,-1.8100672379224096,-0.4198610632274605,-2.481274936122748,1.5703453438641009,0.5242664299124679,-0.29186133057826763,-0.049088052820704886,0.4753892015920249,-2.185252258234866,-2.2560402166202036,0.001634513527314725
5.500000000000005,-2.5854514668810937,-1.8100672379224096,-0.4198610632274605,-2.481274936122748,1.5703453438641009,0.5242664299124656,-0.29186133057826763,-0.049088052820704886,0.4753892015920249,-2.1852522582348635,-2.2560402166202054,0.001634513527314724
5.508333333333339,-2.5854514668810937,-1.8100672379224096,-0.4198610632274606,-2.481274936122748,1.570345343864101,0.5242664299124634,-0.29186133057826763,-0.04908805282070493,0.4753892015920249,-2.1852522582348617,-2.2560402166202085,0.001634513527314664
5.516666666666672,-2.5854514668810937,-1.8100672379224096,-0.4198610632274606,-2.481274936122748,1.570345343864101,0.5242664299124612,-0.29186133057826763,-0.04908805282070493,0.4753892015920249,-2.185252258234859,-2.2560402166202107,0.0016345135273146628
5.525000000000006,-2.5854514668810937,-1.8100672379224096,-0.4198610632274606,-2.481274936122748,1.5703453438641013,0.524266429912459,-0.29186133057826763,-0.04908805282070494,0.4753892015920249,-2.1852522582348564,-2.2560402166202134,0.0016345135273147459
5.533333333333339,-2.5854514668810937,-1.8100672379224096,-0.4198610632274606,-2.481274936122748,1.5703453438641013,0.5242664299124568,-0.29186133057826763,-0.04908805282070494,0.4753892015920249,-2.1852522582348546,-2.256040216620216,0.0016345135273147452
5.541666666666672,-2.5854514668810937,-1.8100672379224096,-0.4198610632274606,-2.481274936122748,1.5703453438641013,0.5242664299124544,-0.29186133057826763,-0.04908805282070494,0.4753892015920249,-2.1852522582348515,-2.2560402166202183,0.0016345135273147435
5.550000000000006,-2.5854514668810937,-1.8100672379224096,-0.4198610632274606,-2.4812749361227486,1.5703453438641015,0.5242664299124522,-0.2918613305782676,-0.04908805282070494,0.4753892015920249,-2.185252258234849,-2.256040216620221,0.0016345135273142229
5.558333333333339,-2.5854514668810937,-1.8100672379224096,-0.4198610632274606,-2.4812749361227486,1.5703453438641015,0.5242664299124499,-0.2918613305782676,-0.04908805282070494,0.4753892015920249,-2.1852522582348466,-2.2560402166202236,0.0016345135273142218
5.566666666666673,-2.5854514668810937,-1.8100672379224096,-0.4198610632274606,-2.4812749361227486,1.5703453438641015,0.5242664299124477,-0.2918613305782676,-0.04908805282070494,0.4753892015920249,-2.185252258234844,-2.2560402166202262,0.0016345135273142205
5.5750000000000055,-2.5854514668810937,-1.8100672379224096,-0.4198610632274606,-2.4812749361227486,1.5703453438641015,0.5242664299124455,-0.2918613305782676,-0.04908805282070494,0.4753892015920249,-2.1852522582348417,-2.2560402166202285,0.0016345135273142192
5.583333333333339,-2.5854514668810937,-1.8100672379224096,-0.4198610632274606,-2.4812749361227486,1.5703453438641015,0.5242664299124433,-0.2918613305782676,-0.04908805282070494,0.4753892015920249,-2.185252258234839,-2.256040216620231,0.001634513527314218
5.591666666666672,-2.5854514668810933,-1.8100672379224096,-0.4198610632274606,-2.4812749361227486,1.5703453438641015,0.524266429912441,-0.29186133057826746,-0.04908805282070508,0.4753892015920249,-2.1852522582348355,-2.2560402166202342,0.0016345135273142207
5.600000000000006,-2.5854514668810933,-1.8100672379224096,-0.4198610632274606,-2.481274936122749,1.5703453438641015,0.5242664299124388,-0.2918613305782674,-0.04908805282070506,0.4753892015920249,-2.1852522582348333,-2.256040216620236,0.0016345135273136075
5.608333333333339,-2.5854514668810933,-1.8100672379224096,-0.4198610632274606,-2.481274936122749,1.5703453438641015,0.5242664299124365,-0.2918613305782674,-0.04908805282070506,0.4753892015920249,-2.1852522582348306,-2.256040216620239,0.0016345135273136062
5.6166666666666725,-2.5854514668810933,-1.8100672379224096,-0.4198610632274606,-2.481274936122749,1.5703453438641015,0.5242664299124343,-0.2918613305782674,-0.04908805282070506,0.4753892015920249,-2.1852522582348284,-2.256040216620241,0.001634513527313605
5.625000000000006,-2.5854514668810933,-1.8100672379224096,-0.4198610632274607,-2.481274936122749,1.570345343864102,0.5242664299124321,-0.29186133057826746,-0.0490880528207051,0.4753892015920248,-2.1852522582348266,-2.256040216620244,0.0016345135273136903
5.633333333333339,-2.5854514668810933,-1.8100672379224096,-0.4198610632274607,-2.481274936122749,1.570345343864102,0.5242664299124297,-0.29186133057826746,-0.0490880528207051,0.4753892015920248,-2.1852522582348235,-2.2560402166202467,0.0016345135273136886
5.641666666666673,-2.5854514668810933,-1.8100672379224096,-0.4198610632274607,-2.481274936122749,1.5703453438641022,0.5242664299124276,-0.29186133057826746,-0.04908805282070512,0.4753892015920248,-2.1852522582348213,-2.256040216620249,0.001634513527313772
5.650000000000006,-2.5854514668810933,-1.8100672379224096,-0.4198610632274607,-2.481274936122749,1.5703453438641022,0.5242664299124253,-0.29186133057826746,-0.04908805282070512,0.4753892015920248,-2.1852522582348186,-2.2560402166202516,0.001634513527313771
5.658333333333339,-2.5854514668810933,-1.8100672379224096,-0.4198610632274607,-2.481274936122749,1.5703453438641022,0.5242664299124231,-0.29186133057826746,-0.04908805282070512,0.4753892015920248,-2.1852522582348164,-2.256040216620254,0.0016345135273137697
5.666666666666672,-2.5854514668810933,-1.8100672379224096,-0.4198610632274607,-2.481274936122749,1.5703453438641022,0.5242664299124209,-0.29186133057826746,-0.04908805282070512,0.4753892015920248,-2.1852522582348137,-2.2560402166202564,0.0016345135273137684
5.675000000000006,-2.5854514668810933,-1.8100672379224096,-0.4198610632274607,-2.481274936122749,1.5703453438641022,0.5242664299124187,-0.29186133057826746,-0.04908805282070512,0.4753892015920248,-2.1852522582348115,-2.2560402166202587,0.001634513527313767
5.683333333333339,-2.5854514668810933,-1.8100672379224092,-0.4198610632274607,-2.48127493612275,1.5703453438641024,0.5242664299124165,-0.29186133057826724,-0.04908805282070503,0.4753892015920249,-2.1852522582348093,-2.2560402166202618,0.0016345135273131573
5.691666666666673,-2.5854514668810933,-1.8100672379224092,-0.4198610632274607,-2.48127493612275,1.5703453438641024,0.5242664299124141,-0.29186133057826724,-0.04908805282070503,0.4753892015920249,-2.1852522582348066,-2.2560402166202644,0.0016345135273131562
5.7000000000000055,-2.5854514668810933,-1.8100672379224092,-0.4198610632274607,-2.48127493612275,1.5703453438641024,0.5242664299124119,-0.29186133057826724,-0.04908805282070503,0.4753892015920249,-2.185252258234804,-2.2560402166202667,0.001634513527313155
5.708333333333339,-2.5854514668810933,-1.8100672379224092,-0.4198610632274607,-2.48127493612275,1.5703453438641026,0.5242664299124098,-0.29186133057826724,-0.049088052820705046,0.4753892015920249,-2.1852522582348013,-2.256040216620269,0.0016345135273132384
5.716666666666672,-2.5854514668810933,-1.8100672379224092,-0.4198610632274607,-2.48127493612275,1.5703453438641026,0.5242664299124075,-0.29186133057826724,-0.049088052820705046,0.4753892015920249,-2.185252258234799,-2.2560402166202715,0.0016345135273132371
5.725000000000006,-2.5854514668810933,-1.8100672379224092,-0.4198610632274607,-2.48127493612275,1.5703453438641026,0.5242664299124051,-0.29186133057826724,-0.049088052820705046,0.4753892015920249,-2.185252258234796,-2.2560402166202738,0.0016345135273132354
5.73333333333334,-2.5854514668810933,-1.8100672379224092,-0.4198610632274607,-2.4812749361227504,1.5703453438641026,0.5242664299124029,-0.2918613305782672,-0.04908805282070503,0.4753892015920249,-2.1852522582347937,-2.2560402166202764,0.0016345135273125048
5.7416666666666725,-2.5854514668810933,-1.8100672379224092,-0.4198610632274607,-2.4812749361227504,1.5703453438641026,0.5242664299124007,-0.2918613305782672,-0.04908805282070503,0.4753892015920249,-2.1852522582347915,-2.2560402166202786,0.0016345135273125038
5.750000000000006,-2.5854514668810933,-1.8100672379224092,-0.4198610632274608,-2.4812749361227504,1.5703453438641028,0.5242664299123986,-0.29186133057826724,-0.04908805282070505,0.4753892015920248,-2.1852522582347893,-2.256040216620281,0.0016345135273124374
5.758333333333339,-2.5854514668810933,-1.8100672379224092,-0.4198610632274608,-2.4812749361227504,1.5703453438641028,0.5242664299123964,-0.29186133057826724,-0.04908805282070505,0.4753892015920248,-2.1852522582347866,-2.256040216620284,0.0016345135273124359
5.766666666666673,-2.5854514668810933,-1.8100672379224092,-0.4198610632274608,-2.4812749361227504,1.5703453438641028,0.5242664299123941,-0.29186133057826724,-0.04908805282070505,0.4753892015920248,-2.1852522582347844,-2.2560402166202858,0.0016345135273124346
5.775000000000006,-2.5854514668810933,-1.8100672379224092,-0.4198610632274608,-2.481274936122751,1.5703453438641028,0.5242664299123919,-0.2918613305782672,-0.04908805282070503,0.4753892015920247,-2.1852522582347813,-2.2560402166202884,0.0016345135273116735
5.783333333333339,-2.5854514668810933,-1.8100672379224092,-0.4198610632274608,-2.481274936122751,1.570345343864103,0.5242664299123897,-0.2918613305782672,-0.049088052820705046,0.4753892015920247,-2.185252258234779,-2.256040216620291,0.0016345135273117572
5.791666666666672,-2.5854514668810933,-1.8100672379224092,-0.4198610632274608,-2.481274936122751,1.570345343864103,0.5242664299123874,-0.2918613305782672,-0.049088052820705046,0.4753892015920247,-2.1852522582347773,-2.2560402166202937,0.001634513527311756
5.800000000000006,-2.5854514668810933,-1.8100672379224092,-0.4198610632274608,-2.481274936122751,1.570345343864103,0.5242664299123851,-0.2918613305782672,-0.049088052820705046,0.4753892015920247,-2.1852522582347746,-2.2560402166202964,0.0016345135273117552
5.808333333333339,-2.5854514668810933,-1.8100672379224092,-0.4198610632274608,-2.481274936122751,1.570345343864103,0.5242664299123829,-0.2918613305782672,-0.049088052820705046,0.4753892015920247,-2.1852522582347724,-2.256040216620299,0.0016345135273117537
5.816666666666673,-2.5854514668810933,-1.8100672379224092,-0.4198610632274608,-2.481274936122751,1.5703453438641033,0.5242664299123807,-0.2918613305782672,-0.04908805282070506,0.4753892015920247,-2.1852522582347693,-2.2560402166203017,0.0016345135273118372
5.825000000000006,-2.5854514668810933,-1.8100672379224092,-0.4198610632274608,-2.481274936122751,1.5703453438641033,0.5242664299123784,-0.2918613305782672,-0.04908805282070506,0.4753892015920247,-2.1852522582347667,-2.2560402166203035,0.0016345135273118359
5.833333333333339,-2.5854514668810933,-1.8100672379224088,-0.4198610632274608,-2.4812749361227517,1.5703453438641035,0.5242664299123763,-0.29186133057826696,-0.04908805282070495,0.4753892015920248,-2.1852522582347644,-2.2560402166203066,0.0016345135273111292
5.841666666666673,-2.5854514668810933,-1.8100672379224088,-0.4198610632274608,-2.4812749361227517,1.5703453438641035,0.5242664299123739,-0.29186133057826696,-0.04908805282070495,0.4753892015920248,-2.1852522582347613,-2.256040216620309,0.0016345135273111275
5.850000000000006,-2.5854514668810933,-1.8100672379224088,-0.4198610632274608,-2.4812749361227517,1.5703453438641035,0.5242664299123716,-0.29186133057826696,-0.04908805282070495,0.4753892015920248,-2.1852522582347595,-2.2560402166203115,0.001634513527311126
5.85833333333334,-2.5854514668810933,-1.8100672379224088,-0.4198610632274608,-2.481274936122752,1.5703453438641035,0.5242664299123695,-0.29186133057826696,-0.04908805282070494,0.4753892015920248,-2.185252258234757,-2.256040216620314,0.0016345135273104488
5.8666666666666725,-2.5854514668810933,-1.8100672379224088,-0.4198610632274608,-2.481274936122752,1.5703453438641035,0.5242664299123672,-0.29186133057826696,-0.04908805282070494,0.4753892015920248,-2.185252258234754,-2.2560402166203164,0.001634513527310447
5.875000000000006,-2.5854514668810933,-1.8100672379224088,-0.4198610632274608,-2.481274936122752,1.570345343864104,0.524266429912365,-0.2918613305782669,-0.04908805282070497,0.4753892015920248,-2.185252258234753,-2.2560402166203195,0.0016345135273106157
5.883333333333339,-2.5854514668810933,-1.8100672379224088,-0.4198610632274608,-2.481274936122752,1.570345343864104,0.5242664299123627,-0.2918613305782669,-0.04908805282070497,0.4753892015920248,-2.18525225823475,-2.2560402166203217,0.0016345135273106144
5.891666666666673,-2.5854514668810933,-1.8100672379224088,-0.4198610632274608,-2.481274936122752,1.570345343864104,0.5242664299123605,-0.2918613305782669,-0.04908805282070497,0.4753892015920248,-2.185252258234747,-2.2560402166203244,0.0016345135273106131
5.900000000000006,-2.5854514668810933,-1.8100672379224088,-0.4198610632274608,-2.481274936122752,1.570345343864104,0.5242664299123583,-0.2918613305782669,-0.04908805282070497,0.4753892015920248,-2.185252258234745,-2.2560402166203266,0.0016345135273106118
5.908333333333339,-2.5854514668810933,-1.8100672379224088,-0.4198610632274608,-2.481274936122752,1.5703453438641042,0.5242664299123561,-0.2918613305782669,-0.04908805282070498,0.4753892015920248,-2.1852522582347422,-2.2560402166203293,0.001634513527310695
5.916666666666673,-2.5854514668810933,-1.8100672379224088,-0.4198610632274608,-2.481274936122752,1.5703453438641042,0.5242664299123538,-0.2918613305782669,-0.04908805282070498,0.4753892015920248,-2.1852522582347396,-2.2560402166203315,0.0016345135273106938
5.925000000000006,-2.5854514668810933,-1.8100672379224088,-0.4198610632274608,-2.481274936122752,1.5703453438641042,0.5242664299123516,-0.2918613305782669,-0.04908805282070498,0.4753892015920248,-2.185252258234737,-2.256040216620334,0.0016345135273106925
5.93333333333334,-2.5854514668810933,-1.810067237922409,-0.4198610632274608,-2.481274936122752,1.5703453438641044,0.5242664299123494,-0.29186133057826696,-0.04908805282070503,0.4753892015920246,-2.1852522582347347,-2.2560402166203364,0.001634513527310467
5.941666666666673,-2.5854514668810933,-1.810067237922409,-0.4198610632274608,-2.481274936122752,1.5703453438641044,0.5242664299123472,-0.29186133057826696,-0.04908805282070503,0.4753892015920246,-2.185252258234732,-2.256040216620339,0.0016345135273104655
5.950000000000006,-2.5854514668810933,-1.810067237922409,-0.4198610632274608,-2.481274936122752,1.5703453438641044,0.5242664299123448,-0.29186133057826696,-0.04908805282070503,0.4753892015920246,-2.18525225823473,-2.256040216620342,0.0016345135273104642
5.958333333333339,-2.5854514668810933,-1.810067237922409,-0.4198610632274608,-2.4812749361227526,1.5703453438641046,0.5242664299123426,-0.2918613305782669,-0.04908805282070503,0.4753892015920246,-2.1852522582347276,-2.256040216620345,0.0016345135273099964
5.966666666666673,-2.5854514668810933,-1.810067237922409,-0.4198610632274608,-2.4812749361227526,1.5703453438641046,0.5242664299123402,-0.2918613305782669,-0.04908805282070503,0.4753892015920246,-2.185252258234725,-2.256040216620347,0.001634513527309995
5.975000000000006,-2.5854514668810933,-1.810067237922409,-0.4198610632274608,-2.4812749361227526,1.5703453438641046,0.524266429912338,-0.2918613305782669,-0.04908805282070503,0.4753892015920246,-2.1852522582347222,-2.2560402166203493,0.0016345135273099938
5.98333333333334,-2.5854514668810933,-1.810067237922409,-0.4198610632274609,-2.4812749361227526,1.5703453438641048,0.5242664299123359,-0.29186133057826696,-0.049088052820705046,0.4753892015920246,-2.18525225823472,-2.2560402166203515,0.0016345135273099331
5.9916666666666725,-2.5854514668810933,-1.810067237922409,-0.4198610632274609,-2.4812749361227526,1.5703453438641048,0.5242664299123335,-0.29186133057826696,-0.049088052820705046,0.4753892015920246,-2.1852522582347174,-2.2560402166203546,0.0016345135273099325
6.000000000000006,-2.5854514668810933,-1.810067237922409,-0.4198610632274609,-2.4812749361227526,1.5703453438641048,0.5242664299123313,-0.29186133057826696,-0.049088052820705046,0.4753892015920246,-2.1852522582347147,-2.256040216620357,0.0016345135273099312
6.008333333333339,-2.5854514668810933,-1.810067237922409,-0.4198610632274609,-2.481274936122753,1.570345343864105,0.5242664299123291,-0.2918613305782669,-0.049088052820705046,0.4753892015920246,-2.1852522582347125,-2.2560402166203595,0.0016345135273092854
6.016666666666673,-2.5854514668810933,-1.810067237922409,-0.4198610632274609,-2.481274936122753,1.570345343864105,0.5242664299123267,-0.2918613305782669,-0.049088052820705046,0.4753892015920246,-2.1852522582347103,-2.2560402166203617,0.0016345135273092841
6.025000000000007,-2.5854514668810933,-1.810067237922409,-0.4198610632274609,-2.481274936122753,1.570345343864105,0.5242664299123245,-0.2918613305782669,-0.049088052820705046,0.4753892015920246,-2.185252258234707,-2.2560402166203644,0.0016345135273092826
6.033333333333339,-2.5854514668810933,-1.810067237922409,-0.4198610632274609,-2.481274936122753,1.570345343864105,0.5242664299123223,-0.2918613305782669,-0.049088052820705046,0.4753892015920246,-2.1852522582347054,-2.2560402166203666,0.0016345135273092817
6.041666666666673,-2.5854514668810933,-1.810067237922409,-0.4198610632274609,-2.481274936122753,1.5703453438641053,0.5242664299123201,-0.2918613305782669,-0.04908805282070506,0.4753892015920246,-2.1852522582347027,-2.2560402166203692,0.0016345135273093652
6.050000000000006,-2.5854514668810933,-1.810067237922409,-0.4198610632274609,-2.481274936122753,1.5703453438641053,0.5242664299123179,-0.2918613305782669,-0.04908805282070506,0.4753892015920246,-2.1852522582347,-2.256040216620372,0.001634513527309364
6.05833333333334,-2.5854514668810933,-1.810067237922409,-0.4198610632274609,-2.481274936122753,1.5703453438641053,0.5242664299123155,-0.2918613305782669,-0.04908805282070506,0.4753892015920246,-2.1852522582346974,-2.256040216620374,0.0016345135273093626
6.066666666666673,-2.5854514668810933,-1.810067237922409,-0.4198610632274609,-2.481274936122753,1.5703453438641053,0.5242664299123133,-0.2918613305782669,-0.04908805282070506,0.4753892015920246,-2.185252258234695,-2.256040216620377,0.0016345135273093613
6.075000000000006,-2.5854514668810933,-1.810067237922409,-0.4198610632274609,-2.481274936122753,1.5703453438641055,0.5242664299123111,-0.2918613305782669,-0.04908805282070507,0.4753892015920246,-2.1852522582346925,-2.256040216620379,0.0016345135273094446
6.083333333333339,-2.5854514668810933,-1.810067237922409,-0.4198610632274609,-2.481274936122753,1.5703453438641055,0.5242664299123088,-0.2918613305782669,-0.04908805282070507,0.4753892015920246,-2.18525225823469,-2.2560402166203817,0.0016345135273094433
6.091666666666673,-2.5854514668810933,-1.810067237922409,-0.4198610632274609,-2.481274936122753,1.5703453438641055,0.5242664299123064,-0.2918613305782669,-0.04908805282070507,0.4753892015920246,-2.185252258234687,-2.256040216620385,0.001634513527309442
6.100000000000006,-2.5854514668810933,-1.810067237922409,-0.4198610632274609,-2.481274936122753,1.5703453438641055,0.5242664299123042,-0.2918613305782669,-0.04908805282070507,0.4753892015920246,-2.1852522582346845,-2.256040216620387,0.0016345135273094409
6.10833333333334,-2.5854514668810933,-1.8100672379224088,-0.4198610632274609,-2.481274936122754,1.5703453438641055,0.524266429912302,-0.29186133057826674,-0.049088052820705,0.4753892015920246,-2.1852522582346823,-2.2560402166203892,0.0016345135273082721
6.116666666666673,-2.5854514668810933,-1.8100672379224088,-0.4198610632274609,-2.481274936122754,1.570345343864106,0.5242664299122999,-0.29186133057826674,-0.049088052820705025,0.4753892015920246,-2.1852522582346805,-2.256040216620392,0.0016345135273084404
6.125000000000006,-2.5854514668810933,-1.8100672379224088,-0.4198610632274609,-2.481274936122754,1.570345343864106,0.5242664299122975,-0.29186133057826674,-0.049088052820705025,0.4753892015920246,-2.185252258234678,-2.2560402166203946,0.0016345135273084393
6.13333333333334,-2.5854514668810933,-1.8100672379224088,-0.4198610632274609,-2.481274936122754,1.570345343864106,0.5242664299122953,-0.29186133057826674,-0.049088052820705025,0.4753892015920246,-2.1852522582346756,-2.2560402166203968,0.001634513527308438
6.141666666666673,-2.5854514668810933,-1.8100672379224088,-0.4198610632274609,-2.481274936122754,1.570345343864106,0.524266429912293,-0.29186133057826674,-0.049088052820705025,0.4753892015920246,-2.1852522582346725,-2.2560402166203994,0.0016345135273084363
6.150000000000007,-2.5854514668810933,-1.8100672379224088,-0.4198610632274609,-2.481274936122754,1.570345343864106,0.5242664299122907,-0.29186133057826674,-0.049088052820705025,0.4753892015920246,-2.18525225823467,-2.2560402166204017,0.0016345135273084352
6.158333333333339,-2.5854514668810933,-1.8100672379224088,-0.4198610632274609,-2.4812749361227544,1.570345343864106,0.5242664299122884,-0.2918613305782667,-0.049088052820705004,0.4753892015920246,-2.1852522582346676,-2.2560402166204043,0.001634513527307705
6.166666666666673,-2.5854514668810933,-1.8100672379224088,-0.419861063227461,-2.4812749361227544,1.5703453438641062,0.5242664299122863,-0.29186133057826674,-0.04908805282070503,0.4753892015920246,-2.1852522582346654,-2.256040216620407,0.0016345135273077278
6.175000000000006,-2.5854514668810933,-1.8100672379224088,-0.419861063227461,-2.4812749361227544,1.5703453438641062,0.5242664299122839,-0.29186133057826674,-0.04908805282070503,0.4753892015920246,-2.1852522582346623,-2.2560402166204097,0.0016345135273077263
6.18333333333334,-2.5854514668810933,-1.8100672379224088,-0.419861063227461,-2.4812749361227544,1.5703453438641062,0.5242664299122817,-0.29186133057826674,-0.04908805282070503,0.4753892015920246,-2.18525225823466,-2.256040216620412,0.0016345135273077255
6.191666666666673,-2.5854514668810933,-1.8100672379224088,-0.419861063227461,-2.481274936122755,1.5703453438641064,0.5242664299122796,-0.2918613305782667,-0.04908805282070503,0.47538920159202447,-2.1852522582346583,-2.2560402166204145,0.001634513527307205
6.200000000000006,-2.5854514668810933,-1.8100672379224083,-0.419861063227461,-2.481274936122755,1.5703453438641064,0.5242664299122773,-0.2918613305782666,-0.04908805282070496,0.4753892015920247,-2.1852522582346556,-2.2560402166204168,0.0016345135273080156
6.20833333333334,-2.5854514668810933,-1.8100672379224083,-0.419861063227461,-2.481274936122755,1.5703453438641064,0.5242664299122751,-0.2918613305782666,-0.04908805282070496,0.4753892015920247,-2.185252258234653,-2.256040216620419,0.001634513527308014
6.216666666666673,-2.5854514668810933,-1.8100672379224083,-0.419861063227461,-2.481274936122755,1.5703453438641064,0.5242664299122729,-0.2918613305782666,-0.04908805282070496,0.4753892015920247,-2.1852522582346503,-2.256040216620421,0.0016345135273080128
6.225000000000007,-2.5854514668810933,-1.8100672379224083,-0.419861063227461,-2.481274936122755,1.5703453438641064,0.5242664299122707,-0.2918613305782666,-0.04908805282070496,0.4753892015920247,-2.185252258234648,-2.256040216620424,0.0016345135273080117
6.23333333333334,-2.585451466881093,-1.8100672379224083,-0.419861063227461,-2.481274936122755,1.5703453438641064,0.5242664299122684,-0.2918613305782666,-0.0490880528207051,0.4753892015920247,-2.185252258234645,-2.2560402166204274,0.0016345135273079913
6.241666666666673,-2.585451466881093,-1.8100672379224083,-0.419861063227461,-2.4812749361227557,1.5703453438641066,0.5242664299122661,-0.29186133057826646,-0.04908805282070508,0.4753892015920246,-2.1852522582346428,-2.25604021662043,0.0016345135273067414
6.250000000000006,-2.585451466881093,-1.8100672379224083,-0.419861063227461,-2.4812749361227557,1.5703453438641066,0.5242664299122638,-0.29186133057826646,-0.04908805282070508,0.4753892015920246,-2.1852522582346396,-2.2560402166204327,0.00163451352730674
6.25833333333334,-2.585451466881093,-1.8100672379224083,-0.419861063227461,-2.4812749361227557,1.5703453438641066,0.5242664299122616,-0.29186133057826646,-0.04908805282070508,0.4753892015920246,-2.185252258234638,-2.256040216620435,0.001634513527306739
6.266666666666673,-2.585451466881093,-1.8100672379224083,-0.419861063227461,-2.4812749361227557,1.5703453438641068,0.5242664299122594,-0.29186133057826646,-0.049088052820705094,0.4753892015920246,-2.1852522582346348,-2.256040216620437,0.001634513527306822
6.275000000000007,-2.585451466881093,-1.8100672379224083,-0.419861063227461,-2.4812749361227557,1.5703453438641068,0.524266429912257,-0.29186133057826646,-0.049088052820705094,0.4753892015920246,-2.185252258234633,-2.25604021662044,0.001634513527306821
6.283333333333339,-2.585451466881093,-1.8100672379224083,-0.419861063227461,-2.4812749361227557,1.5703453438641068,0.5242664299122547,-0.29186133057826646,-0.049088052820705094,0.4753892015920246,-2.18525225823463,-2.2560402166204425,0.00163451352730682
6.291666666666673,-2.585451466881093,-1.8100672379224083,-0.419861063227461,-2.4812749361227557,1.5703453438641068,0.5242664299122524,-0.29186133057826646,-0.049088052820705094,0.4753892015920246,-2.185252258234627,-2.256040216620445,0.0016345135273068184
6.300000000000006,-2.585451466881093,-1.8100672379224083,-0.419861063227461,-2.481274936122756,1.570345343864107,0.5242664299122503,-0.2918613305782664,-0.04908805282070509,0.4753892015920246,-2.1852522582346254,-2.256040216620448,0.00163451352730607
6.30833333333334,-2.585451466881093,-1.8100672379224083,-0.419861063227461,-2.481274936122756,1.570345343864107,0.5242664299122479,-0.2918613305782664,-0.04908805282070509,0.4753892015920246,-2.1852522582346223,-2.25604021662045,0.0016345135273060688
6.3166666666666735,-2.585451466881093,-1.8100672379224083,-0.419861063227461,-2.481274936122756,1.570345343864107,0.5242664299122456,-0.2918613305782664,-0.04908805282070509,0.4753892015920246,-2.1852522582346197,-2.2560402166204527,0.0016345135273060673
6.325000000000006,-2.585451466881093,-1.8100672379224083,-0.419861063227461,-2.481274936122756,1.570345343864107,0.5242664299122434,-0.2918613305782664,-0.04908805282070509,0.4753892015920246,-2.1852522582346174,-2.256040216620455,0.001634513527306066
6.33333333333334,-2.585451466881093,-1.8100672379224083,-0.419861063227461,-2.481274936122756,1.5703453438641073,0.5242664299122411,-0.2918613305782664,-0.0490880528207051,0.4753892015920246,-2.1852522582346148,-2.2560402166204576,0.0016345135273061495
6.341666666666673,-2.585451466881093,-1.8100672379224083,-0.4198610632274611,-2.481274936122756,1.5703453438641073,0.524266429912239,-0.2918613305782664,-0.04908805282070508,0.47538920159202447,-2.1852522582346126,-2.25604021662046,0.0016345135273059753
6.350000000000007,-2.585451466881093,-1.8100672379224083,-0.4198610632274611,-2.481274936122756,1.5703453438641073,0.5242664299122367,-0.2918613305782664,-0.04908805282070508,0.47538920159202447,-2.18525225823461,-2.2560402166204625,0.001634513527305974
6.35833333333334,-2.585451466881093,-1.8100672379224083,-0.4198610632274611,-2.481274936122756,1.5703453438641073,0.5242664299122345,-0.2918613305782664,-0.04908805282070508,0.47538920159202447,-2.185252258234607,-2.2560402166204647,0.001634513527305973
6.366666666666673,-2.585451466881093,-1.8100672379224083,-0.4198610632274611,-2.481274936122756,1.5703453438641073,0.5242664299122323,-0.2918613305782664,-0.04908805282070508,0.47538920159202447,-2.185252258234605,-2.2560402166204674,0.0016345135273059717
6.375000000000006,-2.585451466881093,-1.8100672379224083,-0.4198610632274611,-2.4812749361227566,1.5703453438641075,0.52426642991223,-0.29186133057826635,-0.04908805282070508,0.47538920159202436,-2.185252258234603,-2.2560402166204705,0.0016345135273054515
6.38333333333334,-2.585451466881093,-1.8100672379224083,-0.4198610632274611,-2.4812749361227566,1.5703453438641075,0.5242664299122278,-0.29186133057826635,-0.04908805282070508,0.47538920159202436,-2.1852522582346,-2.2560402166204727,0.0016345135273054502
6.391666666666673,-2.585451466881093,-1.8100672379224083,-0.4198610632274611,-2.4812749361227566,1.5703453438641075,0.5242664299122256,-0.29186133057826635,-0.04908805282070508,0.47538920159202436,-2.185252258234598,-2.2560402166204745,0.0016345135273054489
6.400000000000007,-2.585451466881093,-1.8100672379224083,-0.4198610632274611,-2.4812749361227566,1.5703453438641075,0.5242664299122234,-0.29186133057826635,-0.04908805282070508,0.47538920159202436,-2.1852522582345952,-2.2560402166204776,0.0016345135273054476
6.40833333333334,-2.585451466881093,-1.8100672379224083,-0.4198610632274611,-2.4812749361227566,1.5703453438641075,0.524266429912221,-0.29186133057826635,-0.04908805282070508,0.47538920159202436,-2.1852522582345926,-2.2560402166204803,0.0016345135273054465
6.416666666666673,-2.585451466881093,-1.8100672379224083,-0.4198610632274611,-2.4812749361227566,1.570345343864108,0.5242664299122188,-0.29186133057826635,-0.049088052820705115,0.47538920159202436,-2.1852522582345904,-2.256040216620483,0.0016345135273056143
6.425000000000007,-2.585451466881093,-1.8100672379224083,-0.4198610632274611,-2.4812749361227566,1.570345343864108,0.5242664299122166,-0.29186133057826635,-0.049088052820705115,0.47538920159202436,-2.1852522582345877,-2.256040216620485,0.0016345135273056132
6.43333333333334,-2.585451466881093,-1.8100672379224083,-0.4198610632274611,-2.481274936122757,1.570345343864108,0.5242664299122144,-0.2918613305782663,-0.049088052820705094,0.47538920159202436,-2.1852522582345855,-2.256040216620488,0.0016345135273048827
6.4416666666666735,-2.585451466881093,-1.8100672379224083,-0.4198610632274611,-2.481274936122757,1.570345343864108,0.5242664299122122,-0.2918613305782663,-0.049088052820705094,0.47538920159202436,-2.1852522582345824,-2.25604021662049,0.0016345135273048818
6.450000000000006,-2.585451466881093,-1.8100672379224083,-0.4198610632274611,-2.481274936122757,1.570345343864108,0.52426642991221,-0.2918613305782663,-0.049088052820705094,0.47538920159202436,-2.18525225823458,-2.2560402166204927,0.00163451352730488
6.45833333333334,-2.585451466881093,-1.8100672379224083,-0.4198610632274611,-2.481274936122757,1.5703453438641082,0.5242664299122077,-0.2918613305782663,-0.04908805282070511,0.47538920159202436,-2.185252258234578,-2.256040216620495,0.0016345135273049638
6.466666666666673,-2.585451466881093,-1.8100672379224083,-0.4198610632274611,-2.481274936122757,1.5703453438641082,0.5242664299122055,-0.2918613305782663,-0.04908805282070511,0.47538920159202436,-2.1852522582345753,-2.2560402166204976,0.0016345135273049627
6.475000000000007,-2.585451466881093,-1.8100672379224083,-0.4198610632274611,-2.481274936122757,1.5703453438641082,0.5242664299122033,-0.2918613305782663,-0.04908805282070511,0.47538920159202436,-2.185252258234573,-2.2560402166205,0.0016345135273049614
6.48333333333334,-2.585451466881093,-1.810067237922408,-0.4198610632274611,-2.481274936122757,1.5703453438641084,0.5242664299122011,-0.2918613305782662,-0.04908805282070511,0.47538920159202436,-2.1852522582345704,-2.2560402166205025,0.0016345135273053693
6.491666666666673,-2.585451466881093,-1.810067237922408,-0.4198610632274611,-2.481274936122757,1.5703453438641084,0.5242664299121989,-0.2918613305782662,-0.04908805282070511,0.47538920159202436,-2.185252258234568,-2.2560402166205047,0.001634513527305368
6.500000000000007,-2.585451466881093,-1.810067237922408,-0.4198610632274611,-2.481274936122757,1.5703453438641084,0.5242664299121965,-0.2918613305782662,-0.04908805282070511,0.47538920159202436,-2.1852522582345655,-2.2560402166205074,0.0016345135273053665
6.50833333333334,-2.585451466881093,-1.810067237922408,-0.4198610632274611,-2.481274936122757,1.5703453438641086,0.5242664299121943,-0.2918613305782662,-0.04908805282070512,0.47538920159202436,-2.185252258234563,-2.25604021662051,0.00163451352730545
6.516666666666674,-2.585451466881093,-1.810067237922408,-0.4198610632274611,-2.481274936122758,1.5703453438641086,0.5242664299121921,-0.29186133057826613,-0.04908805282070508,0.47538920159202425,-2.1852522582345606,-2.2560402166205127,0.001634513527304108
6.525000000000007,-2.585451466881093,-1.810067237922408,-0.4198610632274611,-2.481274936122758,1.5703453438641086,0.5242664299121899,-0.29186133057826613,-0.04908805282070508,0.47538920159202425,-2.1852522582345584,-2.2560402166205153,0.0016345135273041064
6.53333333333334,-2.585451466881093,-1.810067237922408,-0.4198610632274611,-2.481274936122758,1.5703453438641086,0.5242664299121876,-0.29186133057826613,-0.04908805282070508,0.47538920159202425,-2.1852522582345557,-2.2560402166205176,0.001634513527304105
6.541666666666673,-2.585451466881093,-1.810067237922408,-0.4198610632274611,-2.481274936122758,1.5703453438641088,0.5242664299121854,-0.29186133057826613,-0.0490880528207051,0.47538920159202425,-2.185252258234553,-2.2560402166205202,0.0016345135273041888
6.550000000000007,-2.585451466881093,-1.810067237922408,-0.4198610632274611,-2.481274936122758,1.5703453438641088,0.5242664299121831,-0.29186133057826613,-0.0490880528207051,0.47538920159202425,-2.185252258234551,-2.2560402166205225,0.0016345135273041875
6.55833333333334,-2.585451466881093,-1.810067237922408,-0.4198610632274611,-2.481274936122758,1.5703453438641088,0.5242664299121809,-0.29186133057826613,-0.0490880528207051,0.47538920159202425,-2.1852522582345486,-2.256040216620525,0.0016345135273041864
6.5666666666666735,-2.585451466881093,-1.810067237922408,-0.4198610632274611,-2.481274936122758,1.5703453438641088,0.5242664299121785,-0.29186133057826613,-0.0490880528207051,0.47538920159202425,-2.1852522582345455,-2.2560402166205273,0.0016345135273041849
6.575000000000006,-2.585451466881093,-1.810067237922408,-0.4198610632274612,-2.4812749361227584,1.5703453438641088,0.5242664299121763,-0.29186133057826613,-0.04908805282070508,0.47538920159202425,-2.1852522582345433,-2.2560402166205304,0.0016345135273034361
6.58333333333334,-2.585451466881093,-1.810067237922408,-0.4198610632274612,-2.4812749361227584,1.5703453438641088,0.5242664299121741,-0.29186133057826613,-0.04908805282070508,0.47538920159202425,-2.185252258234541,-2.2560402166205327,0.0016345135273034355
6.591666666666673,-2.585451466881093,-1.810067237922408,-0.4198610632274612,-2.4812749361227584,1.570345343864109,0.524266429912172,-0.29186133057826613,-0.049088052820705094,0.47538920159202425,-2.1852522582345384,-2.256040216620535,0.0016345135273035185
6.600000000000007,-2.585451466881093,-1.810067237922408,-0.4198610632274612,-2.4812749361227584,1.5703453438641093,0.5242664299121698,-0.29186133057826613,-0.04908805282070511,0.47538920159202425,-2.185252258234536,-2.2560402166205376,0.001634513527303602
6.6083333333333405,-2.585451466881093,-1.810067237922408,-0.4198610632274612,-2.4812749361227584,1.5703453438641093,0.5242664299121674,-0.29186133057826613,-0.04908805282070511,0.47538920159202425,-2.185252258234534,-2.2560402166205398,0.001634513527303601
6.616666666666673,-2.585451466881093,-1.810067237922408,-0.4198610632274612,-2.481274936122759,1.5703453438641095,0.5242664299121652,-0.2918613305782661,-0.04908805282070511,0.47538920159202425,-2.185252258234531,-2.2560402166205424,0.0016345135273030803
6.625000000000007,-2.585451466881093,-1.810067237922408,-0.4198610632274612,-2.481274936122759,1.5703453438641093,0.5242664299121628,-0.2918613305782661,-0.049088052820705094,0.47538920159202425,-2.185252258234528,-2.2560402166205455,0.001634513527302994
6.63333333333334,-2.585451466881093,-1.810067237922408,-0.4198610632274612,-2.481274936122759,1.5703453438641095,0.5242664299121605,-0.2918613305782661,-0.04908805282070511,0.47538920159202425,-2.1852522582345255,-2.2560402166205478,0.0016345135273030775
6.641666666666674,-2.585451466881093,-1.810067237922408,-0.4198610632274612,-2.481274936122759,1.5703453438641095,0.5242664299121583,-0.2918613305782661,-0.04908805282070511,0.47538920159202425,-2.185252258234523,-2.2560402166205504,0.0016345135273030762
6.650000000000007,-2.585451466881093,-1.810067237922408,-0.4198610632274612,-2.481274936122759,1.5703453438641095,0.5242664299121561,-0.2918613305782661,-0.04908805282070511,0.47538920159202425,-2.185252258234521,-2.256040216620552,0.0016345135273030747
6.65833333333334,-2.585451466881093,-1.810067237922408,-0.4198610632274612,-2.4812749361227597,1.5703453438641095,0.5242664299121539,-0.291861330578266,-0.049088052820705066,0.47538920159202414,-2.1852522582345184,-2.2560402166205553,0.0016345135273016377
6.666666666666673,-2.585451466881093,-1.810067237922408,-0.4198610632274612,-2.4812749361227597,1.5703453438641095,0.5242664299121517,-0.291861330578266,-0.049088052820705066,0.47538920159202414,-2.185252258234516,-2.2560402166205575,0.0016345135273016366
6.675000000000007,-2.585451466881093,-1.810067237922408,-0.4198610632274612,-2.4812749361227597,1.5703453438641095,0.5242664299121494,-0.291861330578266,-0.049088052820705066,0.47538920159202414,-2.185252258234514,-2.25604021662056,0.0016345135273016353
6.68333333333334,-2.585451466881093,-1.810067237922408,-0.4198610632274612,-2.4812749361227597,1.57034534386411,0.5242664299121472,-0.291861330578266,-0.0490880528207051,0.47538920159202414,-2.1852522582345113,-2.2560402166205633,0.0016345135273018038
6.6916666666666735,-2.585451466881093,-1.810067237922408,-0.4198610632274613,-2.4812749361227597,1.57034534386411,0.524266429912145,-0.29186133057826597,-0.04908805282070509,0.47538920159202414,-2.1852522582345086,-2.2560402166205655,0.0016345135273015316
6.700000000000007,-2.585451466881093,-1.810067237922408,-0.4198610632274613,-2.4812749361227597,1.57034534386411,0.5242664299121427,-0.29186133057826597,-0.04908805282070509,0.47538920159202414,-2.1852522582345064,-2.2560402166205678,0.0016345135273015303
6.70833333333334,-2.585451466881093,-1.810067237922408,-0.4198610632274613,-2.48127493612276,1.57034534386411,0.5242664299121405,-0.29186133057826597,-0.049088052820705066,0.475389201592024,-2.1852522582345038,-2.2560402166205704,0.0016345135273007998
6.716666666666674,-2.585451466881093,-1.810067237922408,-0.4198610632274613,-2.48127493612276,1.57034534386411,0.5242664299121381,-0.29186133057826597,-0.049088052820705066,0.475389201592024,-2.1852522582345015,-2.2560402166205726,0.0016345135273007985
6.725000000000007,-2.585451466881093,-1.810067237922408,-0.4198610632274613,-2.48127493612276,1.5703453438641102,0.524266429912136,-0.29186133057826597,-0.04908805282070508,0.475389201592024,-2.185252258234499,-2.2560402166205753,0.0016345135273008822
6.7333333333333405,-2.585451466881093,-1.810067237922408,-0.4198610632274613,-2.48127493612276,1.5703453438641102,0.5242664299121338,-0.29186133057826597,-0.04908805282070508,0.475389201592024,-2.1852522582344966,-2.256040216620578,0.0016345135273008811
6.741666666666673,-2.585451466881093,-1.810067237922408,-0.4198610632274613,-2.48127493612276,1.5703453438641104,0.5242664299121316,-0.29186133057826597,-0.0490880528207051,0.475389201592024,-2.185252258234494,-2.2560402166205806,0.0016345135273009648
6.750000000000007,-2.585451466881093,-1.810067237922408,-0.4198610632274613,-2.48127493612276,1.5703453438641104,0.5242664299121294,-0.29186133057826597,-0.0490880528207051,0.475389201592024,-2.1852522582344913,-2.256040216620583,0.001634513527300963
6.75833333333334,-2.585451466881093,-1.810067237922408,-0.4198610632274613,-2.48127493612276,1.5703453438641104,0.5242664299121271,-0.29186133057826597,-0.0490880528207051,0.475389201592024,-2.185252258234489,-2.256040216620585,0.0016345135273009618
6.766666666666674,-2.585451466881093,-1.810067237922408,-0.4198610632274613,-2.48127493612276,1.5703453438641104,0.5242664299121248,-0.29186133057826597,-0.0490880528207051,0.475389201592024,-2.1852522582344864,-2.2560402166205873,0.0016345135273009607
6.775000000000007,-2.585451466881093,-1.810067237922408,-0.4198610632274613,-2.48127493612276,1.5703453438641106,0.5242664299121226,-0.2918613305782659,-0.049088052820705115,0.475389201592024,-2.1852522582344838,-2.2560402166205904,0.0016345135273010437
6.78333333333334,-2.585451466881093,-1.810067237922408,-0.4198610632274613,-2.48127493612276,1.5703453438641106,0.5242664299121204,-0.2918613305782659,-0.049088052820705115,0.475389201592024,-2.1852522582344815,-2.256040216620593,0.0016345135273010424
6.791666666666674,-2.585451466881093,-1.810067237922408,-0.4198610632274613,-2.48127493612276,1.5703453438641108,0.5242664299121181,-0.2918613305782659,-0.04908805282070513,0.475389201592024,-2.1852522582344793,-2.2560402166205957,0.0016345135273011261
6.800000000000007,-2.585451466881093,-1.810067237922408,-0.4198610632274613,-2.48127493612276,1.5703453438641108,0.5242664299121159,-0.2918613305782659,-0.04908805282070513,0.475389201592024,-2.1852522582344767,-2.256040216620598,0.0016345135273011248
6.808333333333341,-2.585451466881093,-1.810067237922408,-0.4198610632274613,-2.4812749361227606,1.5703453438641108,0.5242664299121137,-0.2918613305782659,-0.049088052820705115,0.475389201592024,-2.185252258234474,-2.2560402166206,0.0016345135273005721
6.8166666666666735,-2.585451466881093,-1.810067237922408,-0.4198610632274613,-2.4812749361227606,1.5703453438641108,0.5242664299121115,-0.2918613305782659,-0.049088052820705115,0.475389201592024,-2.1852522582344722,-2.2560402166206024,0.001634513527300571
6.825000000000007,-2.585451466881093,-1.810067237922408,-0.4198610632274613,-2.4812749361227606,1.5703453438641108,0.5242664299121093,-0.2918613305782659,-0.049088052820705115,0.475389201592024,-2.1852522582344687,-2.256040216620605,0.0016345135273005697
6.83333333333334,-2.585451466881093,-1.810067237922408,-0.4198610632274613,-2.4812749361227606,1.5703453438641108,0.524266429912107,-0.2918613305782659,-0.049088052820705115,0.475389201592024,-2.185252258234467,-2.2560402166206073,0.0016345135273005686
6.841666666666674,-2.585451466881093,-1.810067237922408,-0.4198610632274613,-2.4812749361227606,1.5703453438641108,0.5242664299121048,-0.2918613305782659,-0.049088052820705115,0.475389201592024,-2.1852522582344647,-2.25604021662061,0.0016345135273005676
6.850000000000007,-2.585451466881093,-1.8100672379224076,-0.4198610632274613,-2.481274936122761,1.570345343864111,0.5242664299121026,-0.29186133057826574,-0.049088052820705046,0.47538920159202425,-2.185252258234462,-2.2560402166206126,0.001634513527300637
6.8583333333333405,-2.585451466881093,-1.8100672379224076,-0.4198610632274613,-2.481274936122761,1.570345343864111,0.5242664299121003,-0.29186133057826574,-0.049088052820705046,0.47538920159202425,-2.1852522582344593,-2.2560402166206153,0.0016345135273006356
6.866666666666673,-2.585451466881093,-1.8100672379224076,-0.4198610632274613,-2.481274936122761,1.570345343864111,0.524266429912098,-0.29186133057826574,-0.049088052820705046,0.47538920159202425,-2.185252258234457,-2.2560402166206175,0.0016345135273006346
6.875000000000007,-2.585451466881093,-1.8100672379224076,-0.4198610632274613,-2.481274936122761,1.570345343864111,0.5242664299120958,-0.29186133057826574,-0.049088052820705046,0.47538920159202425,-2.185252258234454,-2.25604021662062,0.0016345135273006333
6.88333333333334,-2.585451466881093,-1.8100672379224076,-0.4198610632274614,-2.481274936122761,1.5703453438641113,0.5242664299120936,-0.2918613305782657,-0.04908805282070505,0.47538920159202425,-2.185252258234452,-2.2560402166206224,0.0016345135273004678
6.891666666666674,-2.585451466881093,-1.8100672379224076,-0.4198610632274614,-2.481274936122761,1.5703453438641113,0.5242664299120913,-0.2918613305782657,-0.04908805282070505,0.47538920159202425,-2.185252258234449,-2.256040216620625,0.0016345135273004667
6.9000000000000075,-2.585451466881093,-1.8100672379224076,-0.4198610632274614,-2.481274936122761,1.5703453438641113,0.524266429912089,-0.2918613305782657,-0.04908805282070505,0.47538920159202425,-2.185252258234447,-2.2560402166206273,0.0016345135273004654
6.90833333333334,-2.585451466881093,-1.8100672379224076,-0.4198610632274614,-2.481274936122761,1.5703453438641115,0.5242664299120868,-0.2918613305782657,-0.04908805282070507,0.47538920159202425,-2.1852522582344447,-2.2560402166206304,0.0016345135273005491
6.916666666666674,-2.5854514668810924,-1.8100672379224076,-0.4198610632274614,-2.481274936122761,1.5703453438641115,0.5242664299120845,-0.2918613305782657,-0.0490880528207052,0.47538920159202425,-2.185252258234441,-2.256040216620633,0.0016345135273005515
6.925000000000007,-2.5854514668810924,-1.8100672379224072,-0.4198610632274615,-2.481274936122762,1.5703453438641115,0.5242664299120824,-0.2918613305782655,-0.04908805282070507,0.47538920159202425,-2.185252258234439,-2.2560402166206353,0.001634513527299806
6.933333333333341,-2.5854514668810924,-1.8100672379224072,-0.4198610632274615,-2.481274936122762,1.5703453438641115,0.5242664299120802,-0.2918613305782655,-0.04908805282070507,0.47538920159202425,-2.1852522582344363,-2.256040216620638,0.001634513527299805
6.9416666666666735,-2.5854514668810924,-1.8100672379224072,-0.4198610632274615,-2.481274936122762,1.5703453438641115,0.5242664299120778,-0.2918613305782655,-0.04908805282070507,0.47538920159202425,-2.185252258234434,-2.2560402166206406,0.001634513527299804
6.950000000000007,-2.5854514668810924,-1.8100672379224072,-0.4198610632274615,-2.481274936122762,1.5703453438641115,0.5242664299120756,-0.2918613305782655,-0.04908805282070507,0.47538920159202425,-2.185252258234431,-2.256040216620643,0.0016345135272998023
6.95833333333334,-2.5854514668810924,-1.8100672379224072,-0.4198610632274615,-2.481274936122762,1.5703453438641115,0.5242664299120733,-0.2918613305782655,-0.04908805282070507,0.47538920159202425,-2.1852522582344287,-2.256040216620646,0.0016345135272998012
6.966666666666674,-2.5854514668810924,-1.8100672379224072,-0.4198610632274616,-2.4812749361227624,1.570345343864112,0.5242664299120712,-0.29186133057826547,-0.0490880528207051,0.47538920159202414,-2.1852522582344265,-2.256040216620648,0.0016345135272991323
6.975000000000007,-2.5854514668810924,-1.8100672379224072,-0.4198610632274616,-2.4812749361227624,1.570345343864112,0.524266429912069,-0.29186133057826547,-0.0490880528207051,0.47538920159202414,-2.1852522582344243,-2.256040216620651,0.001634513527299131
6.9833333333333405,-2.5854514668810924,-1.8100672379224072,-0.4198610632274616,-2.4812749361227624,1.570345343864112,0.5242664299120667,-0.29186133057826547,-0.0490880528207051,0.47538920159202414,-2.1852522582344216,-2.256040216620653,0.0016345135272991297
6.991666666666674,-2.5854514668810924,-1.8100672379224072,-0.4198610632274616,-2.4812749361227624,1.570345343864112,0.5242664299120644,-0.29186133057826547,-0.0490880528207051,0.47538920159202414,-2.1852522582344194,-2.2560402166206557,0.0016345135272991282
7.000000000000007,-2.5854514668810924,-1.8100672379224072,-0.4198610632274616,-2.4812749361227624,1.5703453438641122,0.5242664299120623,-0.29186133057826547,-0.049088052820705115,0.47538920159202414,-2.1852522582344167,-2.2560402166206583,0.0016345135272992119
7.008333333333341,-2.5854514668810924,-1.8100672379224072,-0.4198610632274616,-2.4812749361227624,1.5703453438641122,0.52426642991206,-0.29186133057826547,-0.049088052820705115,0.47538920159202414,-2.185252258234414,-2.2560402166206606,0.0016345135272992106
7.016666666666674,-2.5854514668810924,-1.8100672379224072,-0.4198610632274616,-2.4812749361227624,1.5703453438641122,0.5242664299120576,-0.29186133057826547,-0.049088052820705115,0.47538920159202414,-2.1852522582344114,-2.2560402166206632,0.0016345135272992093
7.0250000000000075,-2.5854514668810924,-1.8100672379224072,-0.4198610632274616,-2.4812749361227624,1.5703453438641124,0.5242664299120554,-0.29186133057826547,-0.04908805282070513,0.47538920159202414,-2.185252258234409,-2.256040216620666,0.001634513527299293
7.03333333333334,-2.5854514668810924,-1.8100672379224072,-0.4198610632274617,-2.481274936122763,1.5703453438641126,0.5242664299120533,-0.2918613305782654,-0.04908805282070515,0.47538920159202414,-2.1852522582344074,-2.2560402166206686,0.001634513527298451
7.041666666666674,-2.5854514668810924,-1.8100672379224072,-0.4198610632274617,-2.481274936122763,1.5703453438641126,0.5242664299120511,-0.2918613305782654,-0.04908805282070515,0.47538920159202414,-2.1852522582344047,-2.2560402166206703,0.0016345135272984501
7.050000000000007,-2.5854514668810924,-1.8100672379224072,-0.4198610632274617,-2.481274936122763,1.5703453438641126,0.5242664299120489,-0.2918613305782654,-0.04908805282070515,0.47538920159202414,-2.185252258234402,-2.2560402166206734,0.0016345135272984486
7.058333333333341,-2.5854514668810924,-1.8100672379224072,-0.4198610632274617,-2.481274936122763,1.5703453438641126,0.5242664299120466,-0.2918613305782654,-0.04908805282070515,0.47538920159202414,-2.1852522582343994,-2.2560402166206757,0.0016345135272984469
7.0666666666666735,-2.5854514668810924,-1.8100672379224072,-0.4198610632274617,-2.481274936122763,1.5703453438641126,0.5242664299120444,-0.2918613305782654,-0.04908805282070515,0.47538920159202414,-2.1852522582343967,-2.2560402166206783,0.001634513527298446
7.075000000000007,-2.5854514668810924,-1.8100672379224072,-0.4198610632274617,-2.481274936122763,1.5703453438641126,0.5242664299120421,-0.2918613305782654,-0.04908805282070515,0.47538920159202414,-2.1852522582343945,-2.25604021662068,0.0016345135272984445
7.083333333333341,-2.5854514668810924,-1.8100672379224072,-0.4198610632274617,-2.4812749361227637,1.5703453438641126,0.5242664299120399,-0.29186133057826535,-0.0490880528207051,0.475389201592024,-2.1852522582343914,-2.2560402166206828,0.0016345135272972878
7.091666666666674,-2.5854514668810924,-1.810067237922407,-0.4198610632274617,-2.4812749361227637,1.5703453438641128,0.5242664299120378,-0.29186133057826535,-0.049088052820705066,0.475389201592024,-2.18525225823439,-2.2560402166206854,0.0016345135272976207
7.100000000000008,-2.5854514668810924,-1.810067237922407,-0.4198610632274617,-2.4812749361227637,1.5703453438641128,0.5242664299120354,-0.29186133057826535,-0.049088052820705066,0.475389201592024,-2.1852522582343874,-2.2560402166206877,0.001634513527297619
7.1083333333333405,-2.5854514668810924,-1.810067237922407,-0.4198610632274617,-2.4812749361227637,1.5703453438641128,0.5242664299120331,-0.29186133057826535,-0.049088052820705066,0.475389201592024,-2.1852522582343847,-2.256040216620691,0.0016345135272976177
7.116666666666674,-2.5854514668810924,-1.810067237922407,-0.4198610632274617,-2.481274936122764,1.570345343864113,0.524266429912031,-0.2918613305782653,-0.04908805282070506,0.475389201592024,-2.1852522582343825,-2.2560402166206925,0.001634513527296972
7.125000000000007,-2.5854514668810924,-1.810067237922407,-0.4198610632274617,-2.481274936122764,1.570345343864113,0.5242664299120288,-0.2918613305782653,-0.04908805282070506,0.475389201592024,-2.18525225823438,-2.256040216620695,0.001634513527296971
7.133333333333341,-2.5854514668810924,-1.810067237922407,-0.4198610632274617,-2.481274936122764,1.570345343864113,0.5242664299120264,-0.2918613305782653,-0.04908805282070506,0.475389201592024,-2.185252258234377,-2.256040216620698,0.0016345135272969695
7.141666666666674,-2.5854514668810924,-1.810067237922407,-0.4198610632274617,-2.481274936122764,1.5703453438641133,0.5242664299120243,-0.2918613305782653,-0.04908805282070507,0.475389201592024,-2.1852522582343754,-2.2560402166207005,0.0016345135272970532
7.1500000000000075,-2.5854514668810924,-1.810067237922407,-0.4198610632274617,-2.481274936122764,1.5703453438641133,0.5242664299120221,-0.2918613305782653,-0.04908805282070507,0.475389201592024,-2.1852522582343727,-2.256040216620703,0.001634513527297052
7.15833333333334,-2.5854514668810924,-1.810067237922407,-0.4198610632274617,-2.481274936122764,1.5703453438641135,0.5242664299120199,-0.2918613305782653,-0.049088052820705094,0.475389201592024,-2.1852522582343696,-2.2560402166207054,0.001634513527297135
7.166666666666674,-2.5854514668810924,-1.810067237922407,-0.4198610632274617,-2.481274936122764,1.5703453438641135,0.5242664299120199,-0.2918613305782653,-0.049088052820705094,0.475389201592024,-2.1852522582343696,-2.2560402166207054,0.001634513527297135
7.175000000000007,-2.5854514668810924,-1.810067237922407,-0.4198610632274617,-2.481274936122764,1.5703453438641135,0.5242664299120199,-0.2918613305782653,-0.049088052820705094,0.475389201592024,-2.1852522582343696,-2.2560402166207054,0.001634513527297135
7.183333333333341,-2.5854514668810924,-1.810067237922407,-0.4198610632274617,-2.481274936122764,1.5703453438641135,0.5242664299120199,-0.2918613305782653,-0.049088052820705094,0.475389201592024,-2.1852522582343696,-2.2560402166207054,0.001634513527297135
7.191666666666674,-2.5854514668810924,-1.810067237922407,-0.4198610632274617,-2.481274936122764,1.5703453438641135,0.5242664299120199,-0.2918613305782653,-0.049088052820705094,0.475389201592024,-2.1852522582343696,-2.2560402166207054,0.001634513527297135
7.200000000000007,-2.5854514668810924,-1.810067237922407,-0.4198610632274617,-2.481274936122764,1.5703453438641135,0.5242664299120199,-0.2918613305782653,-0.049088052820705094,0.475389201592024,-2.1852522582343696,-2.2560402166207054,0.001634513527297135
7.208333333333341,-2.5854514668810924,-1.810067237922407,-0.4198610632274617,-2.481274936122764,1.5703453438641135,0.5242664299120199,-0.2918613305782653,-0.049088052820705094,0.475389201592024,-2.1852522582343696,-2.2560402166207054,0.001634513527297135
7.216666666666674,-2.5854514668810924,-1.810067237922407,-0.4198610632274617,-2.481274936122764,1.5703453438641135,0.5242664299120199,-0.2918613305782653,-0.049088052820705094,0.475389201592024,-2.1852522582343696,-2.2560402166207054,0.001634513527297135
7.225000000000008,-2.5854514668810924,-1.810067237922407,-0.4198610632274617,-2.481274936122764,1.5703453438641135,0.5242664299120199,-0.2918613305782653,-0.049088052820705094,0.475389201592024,-2.1852522582343696,-2.2560402166207054,0.001634513527297135
7.2333333333333405,-2.5854514668810924,-1.810067237922407,-0.4198610632274617,-2.481274936122764,1.5703453438641135,0.5242664299120199,-0.2918613305782653,-0.049088052820705094,0.475389201592024,-2.1852522582343696,-2.2560402166207054,0.001634513527297135
7.241666666666674,-2.5854514668810924,-1.810067237922407,-0.4198610632274617,-2.481274936122764,1.5703453438641135,0.5242664299120199,-0.2918613305782653,-0.049088052820705094,0.475389201592024,-2.1852522582343696,-2.2560402166207054,0.001634513527297135
7.250000000000007,-2.5854514668810924,-1.810067237922407,-0.4198610632274617,-2.481274936122764,1.5703453438641135,0.5242664299120199,-0.2918613305782653,-0.049088052820705094,0.475389201592024,-2.1852522582343696,-2.2560402166207054,0.001634513527297135
7.258333333333341,-2.5854514668810924,-1.810067237922407,-0.4198610632274617,-2.481274936122764,1.5703453438641135,0.5242664299120199,-0.2918613305782653,-0.049088052820705094,0.475389201592024,-2.1852522582343696,-2.2560402166207054,0.001634513527297135
7.266666666666674,-2.5854514668810924,-1.810067237922407,-0.4198610632274617,-2.481274936122764,1.5703453438641135,0.5242664299120199,-0.2918613305782653,-0.049088052820705094,0.475389201592024,-2.1852522582343696,-2.2560402166207054,0.001634513527297135
7.2750000000000075,-2.5854514668810924,-1.810067237922407,-0.4198610632274617,-2.481274936122764,1.5703453438641135,0.5242664299120199,-0.2918613305782653,-0.049088052820705094,0.475389201592024,-2.1852522582343696,-2.2560402166207054,0.001634513527297135
7.283333333333341,-2.5854514668810924,-1.810067237922407,-0.4198610632274617,-2.481274936122764,1.5703453438641135,0.5242664299120199,-0.2918613305782653,-0.049088052820705094,0.475389201592024,-2.1852522582343696,-2.2560402166207054,0.001634513527297135
7.291666666666674,-2.5854514668810924,-1.810067237922407,-0.4198610632274617,-2.481274936122764,1.5703453438641135,0.5242664299120199,-0.2918613305782653,-0.049088052820705094,0.475389201592024,-2.1852522582343696,-2.2560402166207054,0.001634513527297135
7.300000000000008,-2.5854514668810924,-1.810067237922407,-0.4198610632274617,-2.481274936122764,1.5703453438641135,0.5242664299120199,-0.2918613305782653,-0.049088052820705094,0.475389201592024,-2.1852522582343696,-2.2560402166207054,0.001634513527297135
7.308333333333341,-2.5854514668810924,-1.810067237922407,-0.4198610632274617,-2.481274936122764,1.5703453438641135,0.5242664299120199,-0.2918613305782653,-0.049088052820705094,0.475389201592024,-2.1852522582343696,-2.2560402166207054,0.001634513527297135
7.316666666666674,-2.5854514668810924,-1.810067237922407,-0.4198610632274617,-2.481274936122764,1.5703453438641135,0.5242664299120199,-0.2918613305782653,-0.049088052820705094,0.475389201592024,-2.1852522582343696,-2.2560402166207054,0.001634513527297135
7.325000000000007,-2.5854514668810924,-1.810067237922407,-0.4198610632274617,-2.481274936122764,1.5703453438641135,0.5242664299120199,-0.2918613305782653,-0.049088052820705094,0.475389201592024,-2.1852522582343696,-2.2560402166207054,0.001634513527297135
7.333333333333341,-2.5854514668810924,-1.810067237922407,-0.4198610632274617,-2.481274936122764,1.5703453438641135,0.5242664299120199,-0.2918613305782653,-0.049088052820705094,0.475389201592024,-2.1852522582343696,-2.2560402166207054,0.001634513527297135
7.341666666666674,-2.5854514668810924,-1.810067237922407,-0.4198610632274617,-2.481274936122764,1.5703453438641135,0.5242664299120199,-0.2918613305782653,-0.049088052820705094,0.475389201592024,-2.1852522582343696,-2.2560402166207054,0.001634513527297135
7.350000000000008,-2.5854514668810924,-1.810067237922407,-0.4198610632274617,-2.481274936122764,1.5703453438641135,0.5242664299120199,-0.2918613305782653,-0.049088052820705094,0.475389201592024,-2.1852522582343696,-2.2560402166207054,0.001634513527297135
7.3583333333333405,-2.5854514668810924,-1.810067237922407,-0.4198610632274617,-2.481274936122764,1.5703453438641135,0.5242664299120199,-0.2918613305782653,-0.049088052820705094,0.475389201592024,-2.1852522582343696,-2.2560402166207054,0.001634513527297135
7.366666666666674,-2.5854514668810924,-1.810067237922407,-0.4198610632274617,-2.481274936122764,1.5703453438641135,0.5242664299120199,-0.2918613305782653,-0.049088052820705094,0.475389201592024,-2.1852522582343696,-2.2560402166207054,0.001634513527297135
7.375000000000008,-2.5854514668810924,-1.810067237922407,-0.4198610632274617,-2.481274936122764,1.5703453438641135,0.5242664299120199,-0.2918613305782653,-0.049088052820705094,0.475389201592024,-2.1852522582343696,-2.2560402166207054,0.001634513527297135
7.383333333333341,-2.5854514668810924,-1.810067237922407,-0.4198610632274617,-2.481274936122764,1.5703453438641135,0.5242664299120199,-0.2918613305782653,-0.049088052820705094,0.475389201592024,-2.1852522582343696,-2.2560402166207054,0.001634513527297135
7.391666666666675,-2.5854514668810924,-1.810067237922407,-0.4198610632274617,-2.481274936122764,1.5703453438641135,0.5242664299120199,-0.2918613305782653,-0.049088052820705094,0.475389201592024,-2.1852522582343696,-2.2560402166207054,0.001634513527297135
7.4000000000000075,-2.5854514668810924,-1.810067237922407,-0.4198610632274617,-2.481274936122764,1.5703453438641135,0.5242664299120199,-0.2918613305782653,-0.049088052820705094,0.475389201592024,-2.1852522582343696,-2.2560402166207054,0.001634513527297135
7.408333333333341,-2.5854514668810924,-1.810067237922407,-0.4198610632274617,-2.481274936122764,1.5703453438641135,0.5242664299120199,-0.2918613305782653,-0.049088052820705094,0.475389201592024,-2.1852522582343696,-2.2560402166207054,0.001634513527297135
7.416666666666674,-2.5854514668810924,-1.810067237922407,-0.4198610632274617,-2.481274936122764,1.5703453438641135,0.5242664299120199,-0.2918613305782653,-0.049088052820705094,0.475389201592024,-2.1852522582343696,-2.2560402166207054,0.001634513527297135
7.425000000000008,-2.5854514668810924,-1.810067237922407,-0.4198610632274617,-2.481274936122764,1.5703453438641135,0.5242664299120199,-0.2918613305782653,-0.049088052820705094,0.475389201592024,-2.1852522582343696,-2.2560402166207054,0.001634513527297135
7.433333333333341,-2.5854514668810924,-1.810067237922407,-0.4198610632274617,-2.481274936122764,1.5703453438641135,0.5242664299120199,-0.2918613305782653,-0.049088052820705094,0.475389201592024,-2.1852522582343696,-2.2560402166207054,0.001634513527297135
7.441666666666674,-2.5854514668810924,-1.810067237922407,-0.4198610632274617,-2.481274936122764,1.5703453438641135,0.5242664299120199,-0.2918613305782653,-0.049088052820705094,0.475389201592024,-2.1852522582343696,-2.2560402166207054,0.001634513527297135
7.450000000000007,-2.5854514668810924,-1.810067237922407,-0.4198610632274617,-2.481274936122764,1.5703453438641135,0.5242664299120199,-0.2918613305782653,-0.049088052820705094,0.475389201592024,-2.1852522582343696,-2.2560402166207054,0.001634513527297135
7.458333333333341,-2.5854514668810924,-1.810067237922407,-0.4198610632274617,-2.481274936122764,1.5703453438641135,0.5242664299120199,-0.2918613305782653,-0.049088052820705094,0.475389201592024,-2.1852522582343696,-2.2560402166207054,0.001634513527297135
7.466666666666674,-2.5854514668810924,-1.810067237922407,-0.4198610632274617,-2.481274936122764,1.5703453438641135,0.5242664299120199,-0.2918613305782653,-0.049088052820705094,0.475389201592024,-2.1852522582343696,-2.2560402166207054,0.001634513527297135
7.475000000000008,-2.5854514668810924,-1.810067237922407,-0.4198610632274617,-2.481274936122764,1.5703453438641135,0.5242664299120199,-0.2918613305782653,-0.049088052820705094,0.475389201592024,-2.1852522582343696,-2.2560402166207054,0.001634513527297135
7.483333333333341,-2.5854514668810924,-1.810067237922407,-0.4198610632274617,-2.481274936122764,1.5703453438641135,0.5242664299120199,-0.2918613305782653,-0.049088052820705094,0.475389201592024,-2.1852522582343696,-2.2560402166207054,0.001634513527297135
7.491666666666674,-2.5854514668810924,-1.810067237922407,-0.4198610632274617,-2.481274936122764,1.5703453438641135,0.5242664299120199,-0.2918613305782653,-0.049088052820705094,0.475389201592024,-2.1852522582343696,-2.2560402166207054,0.001634513527297135
7.500000000000008,-2.5854514668810924,-1.810067237922407,-0.4198610632274617,-2.481274936122764,1.5703453438641135,0.5242664299120199,-0.2918613305782653,-0.049088052820705094,0.475389201592024,-2.1852522582343696,-2.2560402166207054,0.001634513527297135
7.508333333333341,-2.5854514668810924,-1.810067237922407,-0.4198610632274617,-2.481274936122764,1.5703453438641135,0.5242664299120199,-0.2918613305782653,-0.049088052820705094,0.475389201592024,-2.1852522582343696,-2.2560402166207054,0.001634513527297135
7.516666666666675,-2.5854514668810924,-1.810067237922407,-0.4198610632274617,-2.481274936122764,1.5703453438641135,0.5242664299120199,-0.2918613305782653,-0.049088052820705094,0.475389201592024,-2.1852522582343696,-2.2560402166207054,0.001634513527297135
7.5250000000000075,-2.5854514668810924,-1.810067237922407,-0.4198610632274617,-2.481274936122764,1.5703453438641135,0.5242664299120199,-0.2918613305782653,-0.049088052820705094,0.475389201592024,-2.1852522582343696,-2.2560402166207054,0.001634513527297135
7.533333333333341,-2.5854514668810924,-1.810067237922407,-0.4198610632274617,-2.481274936122764,1.5703453438641135,0.5242664299120199,-0.2918613305782653,-0.049088052820705094,0.475389201592024,-2.1852522582343696,-2.2560402166207054,0.001634513527297135
7.541666666666674,-2.5854514668810924,-1.810067237922407,-0.4198610632274617,-2.481274936122764,1.5703453438641135,0.5242664299120199,-0.2918613305782653,-0.049088052820705094,0.475389201592024,-2.1852522582343696,-2.2560402166207054,0.001634513527297135
7.550000000000008,-2.5854514668810924,-1.810067237922407,-0.4198610632274617,-2.481274936122764,1.5703453438641135,0.5242664299120199,-0.2918613305782653,-0.049088052820705094,0.475389201592024,-2.1852522582343696,-2.2560402166207054,0.001634513527297135
7.558333333333341,-2.5854514668810924,-1.810067237922407,-0.4198610632274617,-2.481274936122764,1.5703453438641135,0.5242664299120199,-0.2918613305782653,-0.049088052820705094,0.475389201592024,-2.1852522582343696,-2.2560402166207054,0.001634513527297135
7.566666666666674,-2.5854514668810924,-1.810067237922407,-0.4198610632274617,-2.481274936122764,1.5703453438641135,0.5242664299120199,-0.2918613305782653,-0.049088052820705094,0.475389201592024,-2.1852522582343696,-2.2560402166207054,0.001634513527297135
7.575000000000008,-2.5854514668810924,-1.810067237922407,-0.4198610632274617,-2.481274936122764,1.5703453438641135,0.5242664299120199,-0.2918613305782653,-0.049088052820705094,0.475389201592024,-2.1852522582343696,-2.2560402166207054,0.001634513527297135
