timestamp,actual_q_0,actual_q_1,actual_q_2,actual_q_3,actual_q_4,actual_q_5,actual_TCP_pose_0,actual_TCP_pose_1,actual_TCP_pose_2,actual_TCP_pose_3,actual_TCP_pose_4,actual_TCP_pose_5
0.0,-3.1276940137273885,-1.5955282435439648,-1.475816116103772,-1.6617839628240147,1.5700312890567625,-0.0168811461788336,-0.3039157007502723,0.1081992280764648,0.3267912789267224,2.1770723791396995,2.2451528722612712,0.023744979587488637
0.008333333333333305,-3.1276940137273885,-1.5955282435439648,-1.475816116103772,-1.6617839628240147,1.5700312890567625,-0.0168811461788336,-0.3039157007502723,0.1081992280764648,0.3267912789267224,2.1770723791396995,2.2451528722612712,0.023744979587488637
0.01666666666666661,-3.1276940137273885,-1.5955282435439648,-1.475816116103772,-1.6617839628240147,1.5700312890567625,-0.0168811461788336,-0.3039157007502723,0.1081992280764648,0.3267912789267224,2.1770723791396995,2.2451528722612712,0.023744979587488637
0.024999999999999918,-3.1276940137273885,-1.5955282435439648,-1.475816116103772,-1.6617839628240147,1.5700312890567625,-0.0168811461788336,-0.3039157007502723,0.1081992280764648,0.3267912789267224,2.1770723791396995,2.2451528722612712,0.023744979587488637
0.03333333333333322,-3.1276940137273885,-1.5955282435439648,-1.475816116103772,-1.6617839628240147,1.5700312890567625,-0.0168811461788336,-0.3039157007502723,0.1081992280764648,0.3267912789267224,2.1770723791396995,2.2451528722612712,0.023744979587488637
0.041666666666666526,-3.1276940137273885,-1.5955282435439648,-1.475816116103772,-1.6617839628240147,1.5700312890567625,-0.0168811461788336,-0.3039157007502723,0.1081992280764648,0.3267912789267224,2.1770723791396995,2.2451528722612712,0.023744979587488637
0.049999999999999836,-3.1276940137273885,-1.5955282435439648,-1.475816116103772,-1.6617839628240147,1.5700312890567625,-0.0168811461788336,-0.3039157007502723,0.1081992280764648,0.3267912789267224,2.1770723791396995,2.2451528722612712,0.023744979587488637
0.05833333333333314,-3.1276940137273885,-1.5955282435439648,-1.475816116103772,-1.6617839628240147,1.5700312890567625,-0.0168811461788336,-0.3039157007502723,0.1081992280764648,0.3267912789267224,2.1770723791396995,2.2451528722612712,0.023744979587488637
0.06666666666666644,-3.1276940137273885,-1.5955282435439648,-1.475816116103772,-1.6617839628240147,1.5700312890567625,-0.0168811461788336,-0.3039157007502723,0.1081992280764648,0.3267912789267224,2.1770723791396995,2.2451528722612712,0.023744979587488637
0.07499999999999975,-3.1276940137273885,-1.5955282435439648,-1.475816116103772,-1.6617839628240147,1.5700312890567625,-0.0168811461788336,-0.3039157007502723,0.1081992280764648,0.3267912789267224,2.1770723791396995,2.2451528722612712,0.023744979587488637
0.08333333333333305,-3.1276940137273885,-1.5955282435439648,-1.475816116103772,-1.6617839628240147,1.5700312890567625,-0.0168811461788336,-0.3039157007502723,0.1081992280764648,0.3267912789267224,2.1770723791396995,2.2451528722612712,0.023744979587488637
0.09166666666666635,-3.1276940137273885,-1.5955282435439648,-1.475816116103772,-1.6617839628240147,1.5700312890567625,-0.0168811461788336,-0.3039157007502723,0.1081992280764648,0.3267912789267224,2.1770723791396995,2.2451528722612712,0.023744979587488637
0.09999999999999967,-3.1276940137273885,-1.5955282435439648,-1.475816116103772,-1.6617839628240147,1.5700312890567625,-0.0168811461788336,-0.3039157007502723,0.1081992280764648,0.3267912789267224,2.1770723791396995,2.2451528722612712,0.023744979587488637
0.10833333333333298,-3.1276940137273885,-1.5955282435439648,-1.475816116103772,-1.6617839628240147,1.5700312890567625,-0.0168811461788336,-0.3039157007502723,0.1081992280764648,0.3267912789267224,2.1770723791396995,2.2451528722612712,0.023744979587488637
0.11666666666666628,-3.1276940137273885,-1.5955282435439648,-1.475816116103772,-1.6617839628240147,1.5700312890567625,-0.0168811461788336,-0.3039157007502723,0.1081992280764648,0.3267912789267224,2.1770723791396995,2.2451528722612712,0.023744979587488637
0.12499999999999958,-3.1276940137273885,-1.5955282435439648,-1.475816116103772,-1.6617839628240147,1.5700312890567625,-0.0168811461788336,-0.3039157007502723,0.1081992280764648,0.3267912789267224,2.1770723791396995,2.2451528722612712,0.023744979587488637
0.1333333333333329,-3.1276940137273885,-1.5955282435439648,-1.475816116103772,-1.6617839628240147,1.5700312890567625,-0.0168811461788336,-0.3039157007502723,0.1081992280764648,0.3267912789267224,2.1770723791396995,2.2451528722612712,0.023744979587488637
0.1416666666666662,-3.1276940137273885,-1.5955282435439648,-1.475816116103772,-1.6617839628240147,1.5700312890567625,-0.0168811461788336,-0.3039157007502723,0.1081992280764648,0.3267912789267224,2.1770723791396995,2.2451528722612712,0.023744979587488637
0.1499999999999995,-3.1276940137273885,-1.5955282435439648,-1.475816116103772,-1.6617839628240147,1.5700312890567625,-0.0168811461788336,-0.3039157007502723,0.1081992280764648,0.3267912789267224,2.1770723791396995,2.2451528722612712,0.023744979587488637
0.1583333333333328,-3.1276940137273885,-1.5955282435439648,-1.475816116103772,-1.6617839628240147,1.5700312890567625,-0.0168811461788336,-0.3039157007502723,0.1081992280764648,0.3267912789267224,2.1770723791396995,2.2451528722612712,0.023744979587488637
0.1666666666666661,-3.1276940137273885,-1.5955282435439648,-1.475816116103772,-1.6617839628240147,1.5700312890567625,-0.0168811461788336,-0.3039157007502723,0.1081992280764648,0.3267912789267224,2.1770723791396995,2.2451528722612712,0.023744979587488637
0.1749999999999994,-3.1276940137273885,-1.5955282435439648,-1.475816116103772,-1.6617839628240147,1.5700312890567625,-0.0168811461788336,-0.3039157007502723,0.1081992280764648,0.3267912789267224,2.1770723791396995,2.2451528722612712,0.023744979587488637
0.1833333333333327,-3.1276940137273885,-1.5955282435439648,-1.475816116103772,-1.6617839628240147,1.5700312890567625,-0.0168811461788336,-0.3039157007502723,0.1081992280764648,0.3267912789267224,2.1770723791396995,2.2451528722612712,0.023744979587488637
0.191666666666666,-3.1276940137273885,-1.5955282435439648,-1.475816116103772,-1.6617839628240147,1.5700312890567625,-0.0168811461788336,-0.3039157007502723,0.1081992280764648,0.3267912789267224,2.1770723791396995,2.2451528722612712,0.023744979587488637
0.19999999999999934,-3.1276940137273885,-1.5955282435439648,-1.475816116103772,-1.6617839628240147,1.5700312890567625,-0.0168811461788336,-0.3039157007502723,0.1081992280764648,0.3267912789267224,2.1770723791396995,2.2451528722612712,0.023744979587488637
0.20833333333333265,-3.1276940137273885,-1.5955282435439648,-1.475816116103772,-1.6617839628240147,1.5700312890567625,-0.0168811461788336,-0.3039157007502723,0.1081992280764648,0.3267912789267224,2.1770723791396995,2.2451528722612712,0.023744979587488637
0.21666666666666595,-3.1276940137273885,-1.5955282435439648,-1.475816116103772,-1.6617839628240147,1.5700312890567625,-0.0168811461788336,-0.3039157007502723,0.1081992280764648,0.3267912789267224,2.1770723791396995,2.2451528722612712,0.023744979587488637
0.22499999999999926,-3.1276940137273885,-1.5955282435439648,-1.475816116103772,-1.6617839628240147,1.5700312890567625,-0.0168811461788336,-0.3039157007502723,0.1081992280764648,0.3267912789267224,2.1770723791396995,2.2451528722612712,0.023744979587488637
0.23333333333333256,-3.1276940137273885,-1.5955282435439648,-1.475816116103772,-1.6617839628240147,1.5700312890567625,-0.0168811461788336,-0.3039157007502723,0.1081992280764648,0.3267912789267224,2.1770723791396995,2.2451528722612712,0.023744979587488637
0.24166666666666586,-3.1276940137273885,-1.5955282435439648,-1.475816116103772,-1.6617839628240147,1.5700312890567625,-0.0168811461788336,-0.3039157007502723,0.1081992280764648,0.3267912789267224,2.1770723791396995,2.2451528722612712,0.023744979587488637
0.24999999999999917,-3.1276940137273885,-1.5955282435439648,-1.475816116103772,-1.6617839628240147,1.5700312890567625,-0.0168811461788336,-0.3039157007502723,0.1081992280764648,0.3267912789267224,2.1770723791396995,2.2451528722612712,0.023744979587488637
0.25833333333333247,-3.1276940137273885,-1.5955282435439648,-1.475816116103772,-1.6617839628240147,1.5700312890567625,-0.0168811461788336,-0.3039157007502723,0.1081992280764648,0.3267912789267224,2.1770723791396995,2.2451528722612712,0.023744979587488637
0.2666666666666658,-3.1276940137273885,-1.5955282435439648,-1.475816116103772,-1.6617839628240147,1.5700312890567625,-0.0168811461788336,-0.3039157007502723,0.1081992280764648,0.3267912789267224,2.1770723791396995,2.2451528722612712,0.023744979587488637
0.2749999999999991,-3.1276940137273885,-1.5955282435439648,-1.475816116103772,-1.6617839628240147,1.5700312890567625,-0.0168811461788336,-0.3039157007502723,0.1081992280764648,0.3267912789267224,2.1770723791396995,2.2451528722612712,0.023744979587488637
0.2833333333333324,-3.1276940137273885,-1.5955282435439648,-1.475816116103772,-1.6617839628240147,1.5700312890567625,-0.0168811461788336,-0.3039157007502723,0.1081992280764648,0.3267912789267224,2.1770723791396995,2.2451528722612712,0.023744979587488637
0.2916666666666657,-3.1276940137273885,-1.5955282435439648,-1.475816116103772,-1.6617839628240147,1.5700312890567625,-0.0168811461788336,-0.3039157007502723,0.1081992280764648,0.3267912789267224,2.1770723791396995,2.2451528722612712,0.023744979587488637
0.299999999999999,-3.1276940137273885,-1.5955282435439648,-1.475816116103772,-1.6617839628240147,1.5700312890567625,-0.0168811461788336,-0.3039157007502723,0.1081992280764648,0.3267912789267224,2.1770723791396995,2.2451528722612712,0.023744979587488637
0.3083333333333323,-3.1276940137273885,-1.5955282435439648,-1.475816116103772,-1.6617839628240147,1.5700312890567625,-0.0168811461788336,-0.3039157007502723,0.1081992280764648,0.3267912789267224,2.1770723791396995,2.2451528722612712,0.023744979587488637
0.3166666666666656,-3.1276940137273885,-1.5955282435439648,-1.475816116103772,-1.6617839628240147,1.5700312890567625,-0.0168811461788336,-0.3039157007502723,0.1081992280764648,0.3267912789267224,2.1770723791396995,2.2451528722612712,0.023744979587488637
0.3249999999999989,-3.1276940137273885,-1.5955282435439648,-1.475816116103772,-1.6617839628240147,1.5700312890567625,-0.0168811461788336,-0.3039157007502723,0.1081992280764648,0.3267912789267224,2.1770723791396995,2.2451528722612712,0.023744979587488637
0.3333333333333322,-3.1276940137273885,-1.5955282435439648,-1.475816116103772,-1.6617839628240147,1.5700312890567625,-0.0168811461788336,-0.3039157007502723,0.1081992280764648,0.3267912789267224,2.1770723791396995,2.2451528722612712,0.023744979587488637
0.3416666666666655,-3.1276940137273885,-1.5955282435439648,-1.475816116103772,-1.6617839628240147,1.5700312890567625,-0.0168811461788336,-0.3039157007502723,0.1081992280764648,0.3267912789267224,2.1770723791396995,2.2451528722612712,0.023744979587488637
0.3499999999999988,-3.1276940137273885,-1.5955282435439648,-1.475816116103772,-1.6617839628240147,1.5700312890567625,-0.0168811461788336,-0.3039157007502723,0.1081992280764648,0.3267912789267224,2.1770723791396995,2.2451528722612712,0.023744979587488637
0.3583333333333321,-3.1276940137273885,-1.5955282435439648,-1.475816116103772,-1.6617839628240147,1.5700312890567625,-0.0168811461788336,-0.3039157007502723,0.1081992280764648,0.3267912789267224,2.1770723791396995,2.2451528722612712,0.023744979587488637
0.3666666666666654,-3.1276940137273885,-1.5955282435439648,-1.475816116103772,-1.6617839628240147,1.5700312890567625,-0.0168811461788336,-0.3039157007502723,0.1081992280764648,0.3267912789267224,2.1770723791396995,2.2451528722612712,0.023744979587488637
0.3749999999999987,-3.1276940137273885,-1.5955282435439648,-1.475816116103772,-1.6617839628240147,1.5700312890567625,-0.0168811461788336,-0.3039157007502723,0.1081992280764648,0.3267912789267224,2.1770723791396995,2.2451528722612712,0.023744979587488637
0.383333333333332,-3.1276940137273885,-1.5955282435439648,-1.475816116103772,-1.6617839628240147,1.5700312890567625,-0.0168811461788336,-0.3039157007502723,0.1081992280764648,0.3267912789267224,2.1770723791396995,2.2451528722612712,0.023744979587488637
0.39166666666666533,-3.1276940137273885,-1.5955282435439648,-1.475816116103772,-1.6617839628240147,1.5700312890567625,-0.0168811461788336,-0.3039157007502723,0.1081992280764648,0.3267912789267224,2.1770723791396995,2.2451528722612712,0.023744979587488637
0.3999999999999987,-3.1276940137273885,-1.5955282435439648,-1.475816116103772,-1.6617839628240147,1.5700312890567625,-0.0168811461788336,-0.3039157007502723,0.1081992280764648,0.3267912789267224,2.1770723791396995,2.2451528722612712,0.023744979587488637
0.408333333333332,-3.1276940137273885,-1.5955282435439648,-1.475816116103772,-1.6617839628240147,1.5700312890567625,-0.0168811461788336,-0.3039157007502723,0.1081992280764648,0.3267912789267224,2.1770723791396995,2.2451528722612712,0.023744979587488637
0.4166666666666653,-3.1276940137273885,-1.5955282435439648,-1.475816116103772,-1.6617839628240147,1.5700312890567625,-0.0168811461788336,-0.3039157007502723,0.1081992280764648,0.3267912789267224,2.1770723791396995,2.2451528722612712,0.023744979587488637
0.4249999999999986,-3.1272523305015723,-1.6235813344685817,-1.3627995976123854,-1.7457222789033813,1.5703102112673275,-0.0165530563944087,-0.30884056199893706,0.10797219298595451,0.34461023063582674,2.177327774827725,2.2456643966074146,0.022316324954925176
0.4333333333333319,-3.127006700203173,-1.6486265979009591,-1.2604964114546835,-1.8202627773191709,1.570114747081402,-0.0164835499379142,-0.3120100371435036,0.10786649298089944,0.3606024936625362,2.1785781677467324,2.2473522507613626,0.0195465013600747
0.4416666666666652,-3.127065721011311,-1.6711880345012813,-1.1678417721067058,-1.887746453238784,1.5699404147311382,-0.0166262874159412,-0.3137457161109671,0.10787387883613257,0.3747454063545816,2.179865003314236,2.2488688813001683,0.016863595580549687
0.4499999999999985,-3.127406919135778,-1.691528976792324,-1.0838881918801917,-1.948982685501625,1.569753408853382,-0.0169613500491949,-0.3143810035147869,0.10798670427805306,0.38721078110920726,2.1811407405726606,2.2501714282053924,0.014446392300490754
0.4583333333333318,-3.128007849576104,-1.7098747733621706,-1.0077745600527748,-2.00461402374873,1.56958847019292,-0.0175565752656498,-0.31418497704450804,0.1081908963656929,0.3981807125973895,2.182284712094116,2.2513380792413615,0.012266086347648288
0.4666666666666651,-3.128846254507877,-1.7264261905995115,-0.9387303028827994,-2.055215679961201,1.5694508499553508,-0.0183894729507654,-0.31336928865090335,0.10847478453334483,0.4078262741976671,2.1832928138334524,2.252364333721527,0.01032518453349155
0.4749999999999984,-3.129901111885659,-1.7413625321770805,-0.8760620330834925,-2.101294407653559,1.569341731738216,-0.0194389399935571,-0.31209995759738707,0.10882772261528649,0.4163059397986075,2.1841687948807245,2.2532541472339926,0.008615928700219665
0.4833333333333317,-3.1311528859249846,-1.7548442398309163,-0.8191458634065281,-2.143298914176618,1.569259744475578,-0.0206854068544058,-0.3105062990824152,0.10924024422917125,0.42376362056108635,2.1849210544428024,2.2540163401353737,0.007124596922444025
0.49166666666666503,-3.132583248726779,-1.7670135405524194,-0.767420476972803,-2.1816231107577613,1.5692009258006154,-0.0221105938617738,-0.3086883690189607,0.1097040546909075,0.4303290525521067,2.1855641874969756,2.2546662444251493,0.005828355780298391
0.49999999999999833,-3.1341757794839604,-1.7779983473810113,-0.7203808780237595,-2.2166215150570427,1.569161742504387,-0.0236980927866393,-0.30672277126887854,0.11021200043945904,0.43611680396442776,2.186111210188821,2.2552174232886255,0.0047064357732826976
0.5083333333333316,-3.135915681459197,-1.787913473980445,-0.6775727497605271,-2.248612359854269,1.5691388573095524,-0.0254331203754212,-0.30466769856120446,0.11075795069458447,0.4412275049067723,2.186574320956073,2.2556825534122837,0.003739049377570362
0.5166666666666649,-3.137789639583094,-1.7968619350935522,-0.6385873615855593,-2.2778815299774045,1.5691291971896946,-0.0273023734495152,-0.3025669054443051,0.11133667957123922,0.44574910716322097,-2.186281132421282,-2.255368056211356,-0.002906653530292131
0.5249999999999982,-3.1397856941607496,-1.8049361729990612,-0.6030569721139187,-2.3046861497130173,1.5691300172826534,-0.0292939013052714,-0.3004528712634337,0.11194374758647535,0.4497581882729804,-2.1859651822274255,-2.255030683506992,-0.0021933954000003123
0.5333333333333315,-3.1418931251848825,-1.812219176462426,-0.5706506809214807,-2.329257761726673,1.5691389414334074,-0.0313969884882892,-0.2983493077093432,0.11257539037182575,0.4533212337669455,-2.1857014375413204,-2.2547477725623115,-0.0015834974736822782
0.5416666666666649,-3.1441022912678496,-1.818785409056965,-0.5410706875591735,-2.3518046446552563,1.569153616440602,-0.0336019483525108,-0.29627316025362277,0.11322843199504505,0.4564959155727545,-2.185481511937045,-2.2545105512955748,-0.0010625403173535857
0.5499999999999982,-3.1464043547767724,-1.824702042385388,-0.5140498890725494,-2.3725149253123194,1.5691701366055206,-0.0358902152644482,-0.2942363026228346,0.11390027515498677,0.4593318305327954,-2.1853087854982545,-2.2543005435542716,-0.0006214975866474866
0.5583333333333315,-3.1487921086806376,-1.8300297988527343,-0.4893456476950972,-2.391560226312063,1.5691907460861505,-0.0382693357812384,-0.2922463279529047,0.11458846281180073,0.4618721264353397,-2.185162747280391,-2.2541298510215366,-0.00024615509261112777
0.5666666666666648,-3.151258760541624,-1.834823349274174,-0.4667404709373872,-2.409094521516421,1.5692147247995305,-0.0407328394980472,-0.2903080167615984,0.11529102377763505,0.46415395062993287,-2.1850384124170685,-2.2539940373439022,7.273293253232895e-05
0.5749999999999981,-3.153798186000687,-1.8391317361593025,-0.4460384323014782,-2.425256239114455,1.5692412266256892,-0.0432740456603211,-0.2884238717741421,0.11600628307237958,0.46620954160159456,-2.1849318965412032,-2.2538878205195845,0.00034377165861087237
0.5833333333333314,-3.156404923973575,-1.8429992721727677,-0.4270629533085719,-2.440170565881048,1.5692695649421258,-0.0458865782993341,-0.28659472691390414,0.11673281065322247,0.4680667610746964,-2.1848404636673204,-2.2538062977948656,0.000574185547562629
0.5916666666666647,-3.159074135758116,-1.8464660590396968,-0.4096547284997273,-2.4539508065886326,1.5692994671157146,-0.0485651695127006,-0.2848201908148674,0.1174693672423162,0.46974971378103725,-2.184761600435183,-2.2537458948156464,0.0007703335609662589
0.599999999999998,-3.1618014226767643,-1.8495682312802264,-0.3936702308740886,-2.466698981977245,1.5693301098700012,-0.0513034504504172,-0.28309901475600774,0.11821491466938126,0.471279317857224,-2.184694514571267,-2.25370133808662,0.0009373212495471038
0.6083333333333313,-3.1645830501218897,-1.8523395492741583,-0.3789783855535992,-2.478510500118397,1.5693598008791445,-0.0540896353909503,-0.2814292648390708,0.11896869142615801,0.47267348431044687,-2.1846466067173482,-2.253662098510149,0.0010755065525058735
0.6166666666666646,-3.1674151197026634,-1.8548086686480227,-0.3654635423216564,-2.48946388778053,1.569387941781561,-0.056936348378462,-0.2798089284526708,0.11972981600461419,0.4739483857805938,-2.184594742413806,-2.2536415470985496,0.0011933949756851468
0.6249999999999979,-3.1702945016176742,-1.8570020766871305,-0.3530203624081087,-2.4996349110153213,1.5694131512308844,-0.0598372099930591,-0.27823537904250084,0.1204976845512416,0.47511774650312033,-2.184540425502921,-2.253633896347629,0.0012928125762786172
0.6333333333333312,-3.173218680812249,-1.8589445397259745,-0.3415528841683633,-2.509092782467694,1.5694369054095847,-0.0627808361553932,-0.2767059559858204,0.12127163115580325,0.4761934207215669,-2.184493387253768,-2.25362918769513,0.0013776967869172005
0.6416666666666645,-3.176185145070176,-1.8606581652936116,-0.3309748013091336,-2.517898479653641,1.5694583966541285,-0.0657651116354959,-0.27521803598961586,0.12205117376481449,0.47718589762105557,-2.184451196292174,-2.2536257996049285,0.0014506039512519392
0.6499999999999978,-3.17919193189277,-1.862163459638196,-0.3212079108880058,-2.5261105556448995,1.5694794796534373,-0.068788932739683,-0.27376882995198937,0.12283575159113529,0.4781039677239108,-2.1844142309875716,-2.2536260653707334,0.0015128664463177517
0.6583333333333311,-3.1822370202508177,-1.863478680698704,-0.3121815453280274,-2.533779236403647,1.5694993704414943,-0.0718499053530429,-0.2723557609049482,0.12362499855689885,0.4789556391825488,-2.1843814574461917,-2.253628070864301,0.00156594684310978
0.6666666666666644,-3.1853195336132694,-1.8646211449324503,-0.3038305149568384,-2.5409480916782066,1.569528844961764,-0.0749294245242566,-0.2709765403135338,0.12441791688347031,0.47974814859974585,-2.184375611663408,-2.253615329978696,0.0016270822575410277
0.6749999999999977,-3.188436263264729,-1.8656045851208856,-0.2960989470810322,-2.5476582002694657,1.569546455104841,-0.0780573540733255,-0.26962866968425897,0.12521548247564102,0.4804876273413444,-2.184348996374429,-2.253613129209409,0.0016721823420463085
0.683333333333331,-3.1915869089246875,-1.8664448393692965,-0.288932159336296,-2.5539551656569364,1.5695622197736718,-0.0812273098189566,-0.2683095881395876,0.126016876341477,0.48117866227677947,-2.184316644340529,-2.2536233024368038,0.0017059972392510694
0.6916666666666643,-3.1947707303052457,-1.8671538146915916,-0.2822829311634655,-2.5598647282903286,1.569587472420933,-0.0844070327779268,-0.2670176420496777,0.1268210751786958,0.4818268169996136,-2.1843142636735644,-2.2536116506567567,0.0017519582047245336
0.6999999999999976,-3.1979843120819686,-1.867740556037844,-0.2761119714052407,-2.5654201392706857,1.569593148741785,-0.0876410737618057,-0.265750385598203,0.12762958231302204,0.48243595662029465,-2.1842761429720285,-2.253618430537307,0.0017724601911496695
0.7083333333333309,-3.20122885542911,-1.8682181197119223,-0.2703765931870015,-2.5706529320053764,1.5696038098566425,-0.0909003751451779,-0.26450601248082223,0.12844078330346897,0.483009478281863,-2.1842485902277415,-2.253623281975644,0.0017946830626228512
0.7166666666666642,-3.2045029660382376,-1.8685957822374624,-0.2650418617829129,-2.575586220022684,1.5696134978991638,-0.0941870640843737,-0.2632829892653468,0.1292548576574609,0.48355080057341676,-2.1842236020375547,-2.2536258632597406,0.0018141964452301476
0.7249999999999975,-3.207805900091321,-1.868882249422258,-0.2600755258274124,-2.580243089687632,1.5696221241069943,-0.0975009482207607,-0.26207970362303534,0.13007166359599254,0.4840628169379113,-2.1842002842892896,-2.2536264942810598,0.0018313641459471233
0.7333333333333308,-3.21113700049018,-1.8690855802429,-0.2554483165499249,-2.5846445975961303,1.5696296586295948,-0.1008422270550785,-0.26089469459941383,0.13089107396668795,0.4845480514794629,-2.1841775859624954,-2.253626021635058,0.00184630190921222
0.7416666666666641,-3.21449568597014,-1.8692131449992275,-0.2511336474893838,-2.588809805547354,1.569636154912269,-0.104210453367799,-0.25972662201955327,0.13171297067019438,0.4850087471962108,-2.184155306310053,-2.253624540338373,0.001859225583733104
0.7499999999999974,-3.2178814508945357,-1.869271681758752,-0.2471073652443881,-2.592755918135937,1.569641829547229,-0.1076051078399823,-0.2585742615120477,0.13253723888986832,0.4854469051992312,-2.184133451928148,-2.2536220267940803,0.0018706027745834424
0.7583333333333308,-3.221293811984274,-1.8692673639888648,-0.2433475294530828,-2.5964988230572685,1.569646332312819,-0.1110265830512107,-0.2574364732916808,0.1333638115152308,0.4858642780628235,-2.184110952056845,-2.253619349800263,0.0018798810652433837
0.766666666666664,-3.2247323837796267,-1.8692058399816247,-0.2398341717323302,-2.6000526427264403,1.5696500561331634,-0.1144736313205624,-0.25631223385085106,0.134192585321502,0.4862624570087367,-2.1840888532831126,-2.25361564628594,0.001887728026693377
0.7749999999999974,-3.2281968102414176,-1.869092288067316,-0.2365491442348575,-2.6034303241944663,1.5696530605315362,-0.1179459654083475,-0.25520060032614655,0.135023489370796,0.48664284667127267,-2.1840670975619227,-2.2536110116335766,0.001894231474610261
0.7833333333333307,-3.231686775541746,-1.8689314499119916,-0.2334759384759983,-2.6066436188390925,1.5696554063649015,-0.1214433089086952,-0.2541007112667551,0.1358564614539099,0.4870067020649044,-2.184045663833636,-2.253605513170173,0.0018994742506395614
0.791666666666664,-3.235202000080262,-1.8687276715291403,-0.2305995326960642,-2.609703201874899,1.5696571548155562,-0.1249654083732576,-0.2530117804455521,0.13669144755198703,0.48735514458194906,-2.184024553739541,-2.2535992117532646,0.0019035254008622643
0.7999999999999974,-3.238742236121918,-1.868484937283656,-0.2279062540121835,-2.612618773088631,1.569658364588364,-0.128512036935976,-0.25193309060743174,0.1375284012690173,0.48768917742910217,-2.184003779820685,-2.2535921675880832,0.0019064401033716536
0.8083333333333307,-3.24230726392626,-1.8682069009373437,-0.2253836538378496,-2.6153991479145,1.5696590908419008,-0.1320829940460745,-0.25086398765009915,0.13836728321859854,0.48800969911916514,-2.1839833597609513,-2.2535844424050304,0.001908260976531863
0.816666666666664,-3.245896888281791,-1.8678969139003156,-0.2230203952405521,-2.6180523396223463,1.569659384763432,-0.1356781032525139,-0.24980387521064787,0.13920806043161613,0.4883175153215932,-2.1839633136898424,-2.2535760994901266,0.001909019856522184
0.8249999999999973,-3.249510935412838,-1.867558050906557,-0.2208061511453757,-2.620585633642277,1.5696592935849931,-0.1392972095650842,-0.24875220963179184,0.14005070579334147,0.48861334926837297,-2.183943662778949,-2.253567203258031,0.001908739666521193
0.8333333333333306,-3.2531492502157167,-1.867193133356557,-0.218731512284802,-2.623005654762567,1.5696588607582826,-0.1429401767710533,-0.24770849529680658,0.14089519752405455,0.48889785091023436,-2.183924428468876,-2.2535578186339396,0.0019074361630533894
0.8416666666666639,-3.2568116937856675,-1.866804750538408,-0.2167879039544539,-2.6253184278545767,1.5696581261847304,-0.1466068848864408,-0.24667228032215452,0.14174151870434745,0.48917160498524237,-2.183905631996959,-2.2535480103942724,0.0019051195133494418
0.8499999999999972,-3.260498324940834,-1.8663955354322692,-0.2149671334236895,-2.6275293183193167,1.5696589646643782,-0.1502949117388632,-0.24564320036161064,0.14258955919426058,0.4894351524894426,-2.1838907519083333,-2.253535781401201,0.001904320368346584
0.8583333333333305,-3.264208805135657,-1.8659674084465925,-0.2132624728022261,-2.629643286044809,1.5696589537197103,-0.1540069806610124,-0.24462084397862988,0.1434394497802274,0.4896889633166579,-2.183875402839123,-2.253523500667099,0.0019018703022135861
0.8666666666666638,-3.267943062172749,-1.865522357023824,-0.2116674066454666,-2.631664977418463,1.5696585317137233,-0.1577428870176731,-0.2436048512042969,0.14429115814565957,0.4899334640650492,-2.183859989033734,-2.2535112885670854,0.0018982014202918581
0.8749999999999971,-3.2717010117179046,-1.8650622363575409,-0.2101760119661355,-2.633598563228676,1.5696578752148989,-0.161502364370235,-0.24259491060790137,0.14514467339731907,0.49016903360776465,-2.1838448512175233,-2.253499086931346,0.0018934392398806698
0.8833333333333304,-3.2754826535862183,-1.8645886858095224,-0.2087829273136002,-2.635447115248817,1.5696584171284709,-0.1652831597927555,-0.24159078149101793,0.14599990966454376,0.4903960853269388,-2.183832757579238,-2.253484678143512,0.001890007130271825
0.8916666666666637,-3.2792878305113944,-1.864103328262904,-0.2074832030998016,-2.637214971097601,1.5696584351575067,-0.1690886454652123,-0.2405921419849152,0.14685698774741973,0.4906148427451805,-2.1838195858723806,-2.253471760405984,0.0018847866258779752
0.899999999999997,-3.2831164519481444,-1.863607555757192,-0.2062723566261162,-2.638905070485538,1.5696581535528868,-0.1729177743319424,-0.23959876066706015,0.14771589513272868,0.4908256133733026,-2.183806428530397,-2.253459305116974,0.0018782091668789638
0.9083333333333303,-3.286968444002961,-1.863102663852063,-0.2051463051128536,-2.6405201905558697,1.5696576853296142,-0.1767701859625689,-0.23861042093950904,0.1485766333843169,0.4910286617788997,-2.1837936545098273,-2.2534470474119517,0.00187043390989197
0.9166666666666636,-3.2908437369537737,-1.8625898390537896,-0.2041013325643794,-2.6420628774454173,1.5696570866584945,-0.1806457081850042,-0.23762692162242047,0.14943921071882177,0.4912242257127388,-2.183781416532739,-2.2534349141523027,0.0018615241135276305
0.9249999999999969,-3.2947422635160826,-1.862070167636828,-0.2031340587652547,-2.643535450756545,1.569656384896376,-0.1845442562672677,-0.23664807719687087,0.15030363953400114,0.4914125199354291,-2.18376976474894,-2.2534229178990435,0.0018514990283095166
0.9333333333333302,-3.2986639579240635,-1.8615446423507984,-0.2022414112339765,-2.64494001782733,1.5696555957316267,-0.1884657787475894,-0.23567371659506353,0.15116993482982896,0.4915937391010481,-2.1837587099350046,-2.2534111021257943,0.0018403621637972875
0.9416666666666635,-3.3026087552369328,-1.8610141689933264,-0.2014206000929128,-2.646278489786824,1.5696547305394553,-0.1924102346021153,-0.23470368193151778,0.15203811346522342,0.4917680598943991,-2.183748250069173,-2.2533995187537603,0.0018281129232017824
0.9499999999999968,-3.30657659642932,-1.8604795710120277,-0.2006691098355782,-2.6475526548520887,1.5696538769879875,-0.1963774791341456,-0.23373782381823272,0.15290818823777474,0.4919356355458633,-2.1837385762663364,-2.2533881723400175,0.001814788797872355
0.9583333333333302,-3.3105674494922384,-1.8599415842911995,-0.1999847428551293,-2.648764429803786,1.56965350296366,-0.20036682367577,-0.23277598523198204,0.15378014546135402,0.49209656790418244,-2.1837308775012176,-2.2533768118976565,0.0018006063320522715
0.9666666666666635,-3.31458119822918,-1.859400867031922,-0.1993653662450291,-2.6499148240062538,1.5696529921968465,-0.2043789011959539,-0.23181805878274378,0.15465404761806065,0.4922510411870351,-2.183723806155553,-2.2533657326728336,0.0017851984746682092
0.9749999999999968,-3.3186177775037047,-1.858858048319456,-0.1988090874992381,-2.651005074391015,1.5696523313112278,-0.208413818674093,-0.23086393214506495,0.15552991960528378,0.49239917977067793,-2.1837171537246403,-2.253355107449949,0.0017685817748350698
0.9833333333333301,-3.322677124762284,-1.8583136931376407,-0.1983142251468981,-2.65203634562112,1.5696515964092934,-0.2124714772765174,-0.22991349829022292,0.15640778048614398,0.49254108860983425,-2.1837110240989155,-2.2533449620169685,0.0017508246438495579
0.9916666666666634,-3.3267591717111595,-1.857768300090684,-0.1978792804533024,-2.653009669357357,1.569650833748048,-0.2165517666038486,-0.22896665638567998,0.1572876515142272,0.4926768644999032,-2.183705506303119,-2.2533352935460793,0.001731973228163017
0.9999999999999967,-3.330863845614483,-1.857222309353444,-0.1975029199856025,-2.6539259550242056,1.5696500631081682,-0.2206546013904456,-0.22802331167196524,0.1581695562919356,0.4928065965393952,-2.1837006368275595,-2.2533261115480836,0.0017120536631811515
1.00833333333333,-3.334991070572683,-1.856676108575427,-0.1971839637654863,-2.6547860055063364,1.569649293709303,-0.224779910956404,-0.22708337503039316,0.15905351981341165,0.49293036563124387,-2.183696424826044,-2.253317437289408,0.001691083836942917
1.0166666666666633,-3.3391407678141976,-1.8561300364339877,-0.196921375650246,-2.65559052749838,1.5696485321611438,-0.2289276274544145,-0.22614676246874685,0.15993956788595107,0.4930482446070085,-2.1836928712496917,-2.2533092964198023,0.0016690799441541923
1.0249999999999966,-3.343312855548446,-1.8555843851066047,-0.196714254792582,-2.656340138499316,1.569647784835683,-0.2330976802990021,-0.22521339460974943,0.1608277268906576,0.4931602986938254,-2.1836899764023974,-2.2533017145523018,0.0016460587823045924
1.0333333333333299,-3.347507248725577,-1.8550394023484085,-0.1965618279289236,-2.6570353724056024,1.569647058215753,-0.2372899943620923,-0.22428319622371792,0.1617180236852362,0.49326658603004847,-2.1836877418045524,-2.2532947156614465,0.0016220382437151107
1.0416666666666632,-3.351723858819146,-1.8544952933079772,-0.1964634424578832,-2.657676684453841,1.569646358797334,-0.2415044895839299,-0.22335609579081148,0.1626104855456703,0.4933671581403783,-2.183686170246183,-2.2532883217503,0.0015970373170967349
1.0499999999999965,-3.355962593635475,-1.8539522221731672,-0.1964185603136441,-2.6582644556965707,1.5696456929943927,-0.2457410809512037,-0.22243202511641014,0.16350514011604406,0.4934620603324086,-2.1836852655504995,-2.253282552986529,0.0015710759525663048
1.0583333333333298,-3.3602233571421896,-1.853410313605741,-0.1964267525269111,-2.6587989969778323,1.569645067061416,-0.2499996785233508,-0.22151091897939942,0.1644020153601346,0.49355133204923607,-2.1836850322983317,-2.253277427863529,0.0015441749669485264
1.066666666666663,-3.3645060493137087,-1.8528696539719227,-0.1964876944174799,-2.6592805524422887,1.5696444870261688,-0.2542801874478964,-0.2205927148080518,0.16530113951435987,0.49363500718499675,-2.183685475565481,-2.253272963311925,0.0015163559912703616
1.0749999999999964,-3.3688105659914984,-1.8523302924124203,-0.1966011614935723,-2.659709302748854,1.569643958711525,-0.2585825079675555,-0.21967735239467007,0.1662025410380716,0.4937131143249811,-2.18368660086751,-2.253269174973962,0.001487641330571826
1.0833333333333297,-3.373136798748066,-1.8517922417306796,-0.1967670258009127,-2.6600853677370124,1.5696434876744934,-0.2629065354057331,-0.21876477363417607,0.16710624857025574,0.49378567698545595,-2.1836884139383446,-2.253266077248565,0.0014580539429040027
1.091666666666663,-3.377484634764058,-1.851255479097962,-0.1969852528400584,-2.6604088088157924,1.5696430791958795,-0.2672521601466535,-0.2178549222783363,0.16801229088241276,0.49385271380930584,-2.183690920612078,-2.2532636834015856,0.0014276173955438233
1.0999999999999963,-3.3818539567090355,-1.850719946638424,-0.1972558989707261,-2.66067963103035,1.5696427382818534,-0.271619267605967,-0.21694774372294912,0.16892069683296418,0.4939142387210079,-2.1836941267508907,-2.253262005693998,0.0013963558016029934
1.1083333333333296,-3.38624464263039,-1.8501855518495145,-0.1975791092406481,-2.6608977848000728,1.5696424696499367,-0.2760077381941625,-0.21604318480601561,0.1698314953220376,0.49397026106464226,-2.18369803814411,-2.2532610554455683,0.0013642937908625627
1.116666666666663,-3.3906565658463856,-1.8496521678939084,-0.1979551156607014,-2.6610631674164185,1.569642277749091,-0.280417447274153,-0.2151411936260543,0.1707447152439169,0.4940207857046165,-2.1837026604771457,-2.2532608431484573,0.0013314564652330682
1.1249999999999962,-3.395089594840416,-1.84911963375123,-0.1983842358095969,-2.6611756242013005,1.5696421667275504,-0.2848482651076602,-0.2142417193712406,0.17166038544176646,0.4940658131222199,-2.183707999206166,-2.253261378455144,0.0012978694013169236
1.1333333333333295,-3.3995435931598976,-1.848587754261648,-0.1988668718760093,-2.6612349495105128,1.5696421404674592,-0.2893000568008586,-0.21334471216858203,0.1725785346580925,0.4941053394644901,-2.1837140595669484,-2.2532626702931924,0.001263558606157305
1.1416666666666628,-3.4040184193159178,-1.8480563000370729,-0.1994035099851725,-2.6612408874552345,1.5696422025718024,-0.2937726822416575,-0.21245012293757579,0.1734991914859387,0.49413935659048724,-2.1837208464994142,-2.2532647268720956,0.0012285505099088583
1.1499999999999961,-3.4085139266832742,-1.847525007285312,-0.1999947198950916,-2.661193132475287,1.5696423563986688,-0.2982659960342885,-0.2115579032637356,0.1744223843168969,0.4941678520765033,-2.183728364673161,-2.2532675557877577,0.0011928719197840337
1.1583333333333294,-3.4130299634018515,-1.846993577475927,-0.2006411549092563,-2.661091329611027,1.5696426050289602,-0.3027798474245161,-0.21066800526198706,0.17534814128800305,0.4941908092391441,-2.1837366183549425,-2.253271163939142,0.0011565500681699381
1.1666666666666627,-3.417566372272704,-1.8464616769613,-0.2013435521898936,-2.660935074707752,1.569642951308553,-0.3073140802224604,-0.2097803814723059,0.17627649022536143,0.4942082070938857,-2.183745611473037,-2.2532755576553227,0.0011196125426279153
1.174999999999996,-3.42212299065705,-1.8459289364583795,-0.202102733235525,-2.660723914367097,1.5696433978341855,-0.3118685327189464,-0.20889498474210763,0.17720745858556236,0.49422002033175194,-2.1837553475346025,-2.2532807426491512,0.0010820873115114072
1.1833333333333294,-3.4266996503702822,-1.845394950456898,-0.2029196046821544,-2.660457345792672,1.5696439469812415,-0.3164430375977428,-0.2080117681255308,0.17814107339275456,0.4942262192554703,-2.183765829643881,-2.253286724077328,0.0010440026981330633
1.1916666666666627,-3.4312961775715247,-1.8448592765319176,-0.2037951593126348,-2.660134816429266,1.569644600896691,-0.3210374218385203,-0.20713068478631919,0.17907736117450992,0.4942267697100729,-2.183777060456926,-2.2532935065238204,0.001005387376610126
1.199999999999996,-3.4359123926521358,-1.8443214345632195,-0.2047304772907615,-2.659755723520761,1.5696453615154606,-0.3256515066173627,-0.20625168789762818,0.18001634789036933,0.4942216329930925,-2.183789042176274,-2.2533010940215306,0.0009662703621534866
1.2083333333333293,-3.44054811011716,-1.8437809058817447,-0.2057267276033409,-2.6593194134897447,1.569646230565287,-0.3302851071983432,-0.20537473055140257,0.18095805885812732,0.49421076575017553,-2.1838017765172526,-2.253309490040345,0.0009266810162928364
1.2166666666666626,-3.4452031384614195,-1.8432371323345051,-0.2067851697183355,-2.6588251812185417,1.5696472095712577,-0.3349380328185033,-0.2044997656688634,0.1819025186748766,0.494194119849346,-2.1838152646976785,-2.253318697496589,0.0008866490246637587
1.2249999999999959,-3.4498772800415027,-1.842689515275448,-0.2079071553932393,-2.658272269210457,1.569648299860952,-0.3396100865665845,-0.2036267459090443,0.18284975113197421,0.49417164224532667,-2.183829507403093,-2.2533287187323388,0.0008462044058009127
1.2333333333333292,-3.4545703309359443,-1.8421374145064056,-0.2090941306688742,-2.657659866642886,1.5696495025682609,-0.3443010652499629,-0.20275562358711435,0.1837997791256423,0.49414327481971665,-2.183844504768365,-2.253339555511704,0.0008053774971843105
1.2416666666666625,-3.4592820808044515,-1.8415801471542188,-0.2103476380198136,-2.6569871083762733,1.5696508186572318,-0.3490107592607218,-0.20188635058830864,0.1847526245597246,0.49410895419953305,-2.183860256395635,-2.253351209054946,0.0007641989352355605
1.2499999999999958,-3.464012312734332,-1.841016986478103,-0.211669318567468,-2.6562530737851247,1.5696522488869895,-0.3537389524231337,-0.20101887827626652,0.18570830824356085,0.49406861158354803,-2.183876761245211,-2.253363679927978,0.0007226996789175586
1.258333333333329,-3.468760803079028,-1.8404471606644237,-0.2130609144743697,-2.6554567856240703,1.5696537938409252,-0.3584854218388769,-0.20015315741191014,0.18666684978073855,0.49402217252119074,-2.1838940176666033,-2.2533769680896953,0.0006809109804616544
1.2666666666666624,-3.4735273212896867,-1.839869851589628,-0.2145242713950153,-2.654597208820109,1.5696554539397527,-0.3632499377235869,-0.19928913806979598,0.18762826745156186,0.4939695566801602,-2.183912023395972,-2.2533910729006563,0.0006388643680104355
1.2749999999999957,-3.4783116297357,-1.8392841935344184,-0.2160613409063293,-2.6536732491613404,1.569657229401444,-0.3680322632258844,-0.19842676954041075,0.18859257808705382,0.493910677622773,-2.183930775436487,-2.2534059929959205,0.0005965916661979255
1.283333333333329,-3.483113483512353,-1.8386892719457189,-0.2176741830752749,-2.652683752061217,1.5696591202832488,-0.3728321542429622,-0.19756600025543458,0.18955979693471176,0.49384544252150464,-2.1839502701158726,-2.2534217263626592,0.0005541249560908564
1.2916666666666623,-3.4879326302434013,-1.8380841221650648,-0.2193649688878485,-2.6516275012606125,1.5696611264496183,-0.3776493592215376,-0.19670677768636252,0.19052993751432407,0.4937737518957269,-2.183970502985339,-2.2534382702319617,0.0005114965842035262
1.2999999999999956,-3.492768809866873,-1.837467728240923,-0.221135982705817,-2.65050321760285,1.5696632475972652,-0.3824836189501183,-0.19584904826624547,0.19150301146636178,0.49369549929694423,-2.1839914688423794,-2.253455621117152,0.0004687391287106504
1.308333333333329,-3.4976217544160595,-1.8368390217415125,-0.2229896245220861,-2.6493095578048904,1.5696654832204422,-0.387334666337103,-0.19499275728464244,0.1924790283883321,0.49361057101129,-2.184013161617306,-2.253473774689937,0.0004258854105128969
1.3166666666666622,-3.502491187785541,-1.836196880694954,-0.2249284121118046,-2.6480451133823504,1.5696678326264744,-0.3922022261822067,-0.19413784879893178,0.19345799566182362,0.49351884571511484,-2.1840355743766913,-2.2534927257962933,0.0003829684583405849
1.3249999999999955,-3.507376825487332,-1.8355401286265651,-0.2269549829193016,-2.6467084096362714,1.5696702949227868,-0.3970860149332088,-0.1932842655397368,0.19443991827026694,0.49342019412775023,-2.184058699257286,-2.2535124683895638,0.00034002149793152243
1.3333333333333288,-3.5122783743965416,-1.8348675337534868,-0.2290720956534755,-2.6452979048262737,1.569672869015754,-0.4019857404342395,-0.19243194881841383,0.19542479860630765,0.4933144786399384,-2.184082527434068,-2.25353299550346,0.00029707792180942933
1.3416666666666621,-3.5171955324934574,-1.834177808343968,-0.2312826314683432,-2.6438119895703043,1.569675553612471,-0.406901101669444,-0.19158083842176069,0.1964126362653465,0.4932015529348188,-2.1841070490751444,-2.2535542992091147,0.0002541712751760787
1.3499999999999954,-3.522127988588515,-1.833469608321396,-0.2335895946619727,-2.6422489864230263,1.5696783471918745,-0.411831788488114,-0.19073087251793458,0.19740342783335407,0.49308126159741317,-2.1841322532525713,-2.2535763705232994,0.00021133522875008208
1.3583333333333287,-3.527075422045877,-1.8327415331448904,-0.2359961128115825,-2.6406071498252643,1.569681248008861,-0.4167774813308957,-0.18988198755949529,0.1983971666619971,0.4929534397030862,-2.1841581279129327,-2.2535991993840705,0.00016860354392981406
1.366666666666662,-3.532037502502247,-1.8319921260117509,-0.2385054361830457,-2.6388846663872902,1.5696842540767888,-0.4217378509486371,-0.18903411818378998,0.1993938426346359,0.49281791240695616,-2.184184659800193,-2.2536227745711908,0.00012601004485174715
1.3749999999999953,-3.537013889579565,-1.8312198744764203,-0.241120936330901,-2.637079655625755,1.5696873631486403,-0.4267125580550274,-0.18818719712418144,0.20039344192626338,0.4926744945162408,-2.1842118344851387,-2.253647083601099,8.358854821266473e-05
1.3833333333333286,-3.542004232606365,-1.830423211472165,-0.2438461037005117,-2.6351901711819115,1.569690572710612,-0.4317012531695928,-0.18734115510490443,0.2013959467487826,0.492522990082648,-2.1842396361198264,-2.2536721127477484,4.1372872208197414e-05
1.391666666666662,-3.5470081703400878,-1.8296005169110137,-0.2466845441619095,-2.6332142026907848,1.5696938800040576,-0.4367035762976222,-0.18649592075762605,0.20240133509349276,0.4923631919707433,-2.1842680474877874,-2.2536978469990627,-6.032103262887017e-07
1.3999999999999952,-3.552025330697684,-1.8287501198669185,-0.2496399742178918,-2.6311496782564485,1.5696972819875683,-0.4417191566372719,-0.18565142053574413,0.20340958047080013,0.49219488145516455,-2.184297049929715,-2.253724269927145,-4.230603184574435e-05
1.4083333333333286,-3.5570553305006816,-1.827870301446907,-0.2527162148035783,-2.628994467721581,1.5697007753293917,-0.446747612330422,-0.18480757863949718,0.2044206516462807,0.4920178278225649,-2.1843266232917897,-2.253751363648087,-8.37020929689923e-05
1.4166666666666619,-3.56209777524338,-1.82695929842328,-0.255917183431939,-2.6267463867814485,1.5697043563859132,-0.4517885502315348,-0.18396431694515514,0.20543451237664567,0.49183178800552874,-2.18435674584506,-2.253779108740259,-0.00012475812346079764
1.4249999999999952,-3.5671522588874223,-1.8260153077329853,-0.259246884548753,-2.6244032020642183,1.5697080211933991,-0.4568415657024089,-0.18312155495074786,0.2064511211497589,0.49163650624180155,-2.1843873942368277,-2.2538074841946405,-0.00016544115238631716
1.4333333333333285,-3.572218363695461,-1.8250364919126665,-0.2627093979004459,-2.6219626372668885,1.5697117654641295,-0.4619062424442997,-0.18227920973298437,0.207470430931158,0.49143171377697376,-2.1844185434480727,-2.253836467367515,-0.0002057185778572093
1.4416666666666618,-3.5772956601117496,-1.8240209855585137,-0.2663088647090129,-2.61942238043919,1.569715584570548,-0.4669821523746592,-0.18143719591657131,0.20849238892178262,0.49121712862652744,-2.1844501667378795,-2.253866033914496,-0.0002455582478154672
1.449999999999995,-3.582383706695194,-1.8229669029049744,-0.2700494715216283,-2.6167800924833102,1.569719473527864,-0.4720688555558857,-0.18059542566925404,0.20951693633443993,0.4909924554015584,-2.1844822355946723,-2.2538961577305763,-0.00028492855255956125
1.4583333333333284,-3.5874820501253395,-1.8218723465862836,-0.2739354315883258,-2.6140334170299364,1.5697234270144356,-0.4771659002002831,-0.17975380871676924,0.21054400818969551,0.49075738520641976,-2.1845147197501866,-2.253926810962514,-0.0003237985089382893
1.4666666666666617,-3.592590225284632,-1.820735417643668,-0.2779709635734762,-2.61117999164203,1.5697274393442666,-0.482272822743337,-0.1789122523824673,0.2115735331434169,0.4905115956456882,-2.1845475871312714,-2.2539579639388743,-0.00036213786991210096
1.474999999999995,-3.5977077554365984,-1.8195542268121851,-0.282160267595348,-2.6082174604909776,1.5697315044725124,-0.4873891480155147,-0.1780706616537785,0.21260543334682827,0.49025475093428716,-2.184580803869634,-2.2539895851659186,-0.0003999172282145127
1.4833333333333283,-3.6028341525048786,-1.8183269071461607,-0.2865074985037038,-2.6051434884795968,1.569735616000732,-0.4925143895141115,-0.17722893928967887,0.21363962435237444,0.489986502130747,-2.1846143343287854,-2.2540216413394605,-0.00043710813189443474
1.4916666666666616,-3.607968917476781,-1.817051627936748,-0.2910167364223363,-2.601955776843562,1.569739767190913,-0.4976480497976607,-0.17638698595586808,0.21467601506725842,0.4897064875146719,-2.18464814115952,-2.2540540973817778,-0.0004736832025120556
1.499999999999995,-3.613111540935614,-1.815726609898044,-0.2956919546127619,-2.5986520801212767,1.5697439509594129,-0.5027896210032239,-0.17554470039783296,0.2157145077660342,0.48941433313179084,-2.1846821853311487,-2.254086916440117,-0.0005096162613678158
1.5083333333333282,-3.618261503732666,-1.8143501415748784,-0.3005369849062038,-2.5952302244874264,1.5697481599176988,-0.5079385855106454,-0.17470197966699366,0.2167549981700501,0.48910965349107993,-2.184716426267304,-2.2541200600098716,-0.0005448824544012202
1.5166666666666615,-3.623418277817497,-1.812920596798592,-0.3055554808593509,-2.591688127240707,1.569752386378655,-0.513094416753774,-0.17385871937672548,0.21779737559828735,0.48879205246696456,-2.184750821939538,-2.254153487988428,-0.000579458387203163
1.5249999999999948,-3.6285813272262977,-1.811436453054719,-0.3107508790771806,-2.588023817292391,1.5697566223864712,-0.5182565801926365,-0.17301481400780575,0.21884152319768105,0.488461124389707,-2.1847853290168953,-2.254187158793399,-0.00061332225447607
1.533333333333328,-3.6337501092317592,-1.8098963105491197,-0.3161263591588603,-2.584235456391575,1.5697608597567332,-0.5234245344466417,-0.17217015726509613,0.21988731826027194,0.4881164553333232,-2.184819903058216,-2.254221029523931,-0.0006464539698793649
1.5416666666666614,-3.638924075662441,-1.808298911673742,-0.3216848028398461,-2.580321360795482,1.5697650901265796,-0.5285977325952157,-0.1713246424734535,0.22093463262745613,0.48775762461056577,-2.1848544987374345,-2.254255056151426,-0.0006788352855931278
1.5499999999999947,-3.6441026743825335,-1.806643160549879,-0.3274287529971009,-2.576280022969537,1.5697693049783752,-0.533775623631901,-0.17047816301303323,0.221983333186297,0.48738420648075254,-2.1848890700533325,-2.254289193678446,-0.0007104499250011003
1.558333333333328,-3.649285350920708,-1.8049281422985224,-0.333360373387675,-2.572110132961785,1.569773495714897,-0.5389576540749307,-0.16963061280315503,0.22303328245665482,0.48699577203503985,-2.1849235706323524,-2.2543233964105505,-0.0007412836789280681
1.5666666666666613,-3.6544715502401854,-1.8031531415990376,-0.3394814099049365,-2.56781059894246,1.5697776537080714,-0.5441432697065931,-0.1687818868131897,0.22408433926664587,0.4865918912724629,-2.1849579540225204,-2.2543576181907685,-0.0007713245100173405
1.5749999999999946,-3.6596607186208985,-1.8013176601117724,-0.3457931543459878,-2.5633805664303035,1.5697817703656196,-0.5493319174439257,-0.1679318816070302,0.22513635951119976,0.4861721353270934,-2.184992174011859,-2.2543918127027984,-0.000800562635058814
1.583333333333328,-3.664852305635422,-1.7994214322913065,-0.352296411614666,-2.5588194356856864,1.5697858371885982,-0.5545230472919338,-0.16708049590307558,0.2261891969843265,0.48573607883027203,-2.185026184954418,-2.254425933756627,-0.000828990596065129
1.5916666666666612,-3.67004576618054,-1.7974644391489152,-0.3589914713292004,-2.5541268767629077,1.5697898458310635,-0.5597161143508944,-0.16622763114759742,0.2272427042744415,0.48528330236665407,-2.185059942108371,-2.2544599355830757,-0.0008566033107903639
1.5999999999999948,-3.6752405625291513,-1.7954469195390637,-0.365878084753246,-2.5493028417653094,1.5697937881816657,-0.5649105808510073,-0.16537319209322204,0.22829673370803286,0.48481339497644205,-2.1850934020046813,-2.254493773175741,-0.0008833980852196629
1.608333333333328,-3.6804361663650473,-1.793369378551655,-0.3729554478389341,-2.5443475738264505,1.5697976564169256,-0.570105918167047,-0.16451708736174317,0.22935113832465473,0.4843259566742416,-2.1851265227770265,-2.2545274025863407,-0.0009093746233400595
1.6166666666666614,-3.6856320607545263,-1.7912325927072572,-0.380222191080701,-2.5392616124883345,1.5698014430658218,-0.5753016087771429,-0.16365922998879576,0.23040577286465722,0.483820600922527,-2.1851592644932176,-2.2545607812380246,-0.0009345350005414591
1.6249999999999947,-3.690827742011154,-1.789037611705361,-0.3876763766830552,-2.534045795186824,1.5698051410685312,-0.5804971481184046,-0.1627995379385536,0.23146049475070746,0.4832969570124987,-2.1851915894642127,-2.2545938682238478,-0.000958883613560585
1.633333333333328,-3.696022721418229,-1.7867857565523435,-0.3953155033313075,-2.528701254683736,1.5698087438169104,-0.5856920463002437,-0.16193793456791486,0.23251516503963865,0.48275467231092817,-2.185223462502426,-2.2546266245527753,-0.0009824271125292896
1.6416666666666613,-3.701216526761102,-1.7844786140607154,-0.4031365186558036,-2.523229412403477,1.569812245185912,-0.5908858296345451,-0.16107434904392703,0.2335696493288031,0.4821934143134863,-2.1852548511497885,-2.25465901338019,-0.0010051743183656012
1.6499999999999946,-3.7064087036443016,-1.782118027772052,-0.4111358392399074,-2.5176319677988364,1.5698156395934757,-0.5960780419613874,-0.16020871669882036,0.2346238185925988,0.4816128724599664,-2.185285725895087,-2.254691000251597,-0.0010271360785394433
1.6583333333333279,-3.7115988165636575,-1.7797060854875382,-0.4193093777064631,-2.5119108838937403,1.5698189220012135,-0.6012682457242698,-0.15934097931241425,0.23567754993751763,0.4810127596936207,-2.185316060294883,-2.25472255323422,-0.0010483251545084613
1.6666666666666612,-3.716786449712833,-1.777245103705466,-0.427652576306979,-2.506068369375856,1.5698220879200109,-0.6064560227880357,-0.15847108532391785,0.2367307272591206,0.48039281372004794,-2.1853458310575444,-2.254753643029192,-0.0010687560799871232
1.6749999999999945,-3.721971207519072,-1.7747376093450362,-0.4361604461867616,-2.50010685769506,1.569825133428753,-0.6116409749944627,-0.15759898996663907,0.23778324178853288,0.4797527979469766,-2.185375018096697,-2.254784243071272,-0.0010884449824207516
1.6833333333333278,-3.727152714902919,-1.7721863192173262,-0.4448276113298403,-2.49402898364614,1.5698280551598864,-0.6168227244415908,-0.15672465532603982,0.2388349925252663,0.4790925021024182,-2.185403604518565,-2.25481432955968,-0.0011074094246379578
1.691666666666661,-3.732330617272351,-1.7695941177564196,-0.4536483560954399,-2.4878375580414787,1.56983085028376,-0.6220009135012039,-0.1558480503218627,0.23988588655044074,0.478411742529173,-2.185431576563876,-2.2548438814504657,-0.0011256682315175215
1.6999999999999944,-3.737504580264525,-1.7669640335613208,-0.4626166752193131,-2.4815355410942144,1.5698335165059378,-0.627175204592241,-0.15496915062243044,0.2409358392219548,0.47771036215771157,-2.1854589235310784,-2.254872880448377,-0.0011432412953728238
1.7083333333333277,-3.742674289260965,-1.7642992152724786,-0.471726325083962,-2.475126015082005,1.5698360520158037,-0.6323452797183472,-0.15408793848660138,0.24198477425644296,0.47698823019393666,-2.1854856376232603,-2.25490131089886,-0.0011601494295213845
1.716666666666661,-3.747839448699346,-1.7616029073771169,-0.4809708751736986,-2.4686121569660817,1.569838455470169,-0.6375108397210544,-0.1532044025593238,0.24303262370863016,0.47624524151596437,-2.185511713936561,-2.254929159643553,-0.0011764141948051503
1.7249999999999943,-3.7529997812176177,-1.7588784263203332,-0.4903437586537347,-2.461997211419067,1.5698407259523786,-0.6426716035810648,-0.15231853759847347,0.24407932784470368,0.4754813158545173,-2.185537150090428,-2.254956415992815,-0.0011920577305600747
1.7333333333333276,-3.7581550266691353,-1.756129137462496,-0.4998383211361446,-2.4552844648809407,1.5698428629613317,-0.6478273075120472,-0.15143034416034296,0.24512483493014114,0.4746963967569301,-2.1855619459902846,-2.2549830716579558,-0.0012071025681802353
1.741666666666661,-3.7633049410318864,-1.7533584332508458,-0.509447866884469,-2.448477220966107,1.5698448663695508,-0.6529777038050628,-0.1505398282590633,0.24616910095217986,0.4738904503730884,-2.185586103749775,-2.255009120524434,-0.001221571504877118
1.7499999999999942,-3.768449295243376,-1.7505697128976192,-0.5191657018014585,-2.441578777584656,1.5698467364119388,-0.6581225597059724,-0.14964700100528727,0.24721208928162267,0.47306346410575534,-2.185609627496855,-2.255034558547388,-0.0012354874422589456
1.7583333333333275,-3.7735878740094857,-1.7477663637446152,-0.5289851726971556,-2.434592406007368,1.569848473617573,-0.6632616562486874,-0.14875187821089023,0.24825377028625714,0.47221544518256797,-2.1856325231318348,-2.255059383556573,-0.001248873305396396
1.7666666666666608,-3.778720474593497,-1.7449517445427918,-0.538899702578327,-2.4275213320938085,1.5698500788062124,-0.6683947870792519,-0.1478544799984992,0.24929412091141162,0.4713464191465745,-2.185654798147565,-2.2550835951496766,-0.0012617518978049265
1.7749999999999941,-3.783846905628841,-1.7421291706884336,-0.5489028217278565,-2.4203687197618886,1.5698515530690478,-0.6735217572920054,-0.14695483039948062,0.250333124237172,0.47045642832204415,-2.185676461451785,-2.255107194561581,-0.001274145789330953
1.7833333333333274,-3.788966985965009,-1.7393019014408857,-0.5589881945464423,-2.413137656675429,1.5698528977166188,-0.6786423822880602,-0.14605295695266393,0.251370769025292,0.4695455302832816,-2.1856975231717186,-2.2551301844907794,-0.0012860772593177555
1.7916666666666607,-3.794080543561473,-1.736473129114036,-0.5691496422643937,-2.4058311421743857,1.569854114284968,-0.6837564866942312,-0.14514889031753217,0.2524070492615968,0.46861379632999156,-2.1857179945089467,-2.2551525690059155,-0.0012975681783307777
1.799999999999994,-3.799187414448129,-1.733645970162639,-0.5793811616199348,-2.398452077334695,1.5698552045160998,-0.6888639033391515,-0.144242663896511,0.2534419637051235,0.4676613100068344,-2.185737887595492,-2.2551743534324706,-0.0013086399372973134
1.8083333333333274,-3.80428744175916,-1.7308234580383766,-0.5896769397611663,-2.391003257021638,1.569856170331266,-0.6939644722959941,-0.14333431346884978,0.25447551544699737,0.4666881656827746,-2.185757215347538,-2.2551955442216345,-0.0013193133950933243
1.8166666666666607,-3.809380474837496,-1.728008537788929,-0.6000313656908052,-2.383487363850355,1.5698570138451369,-0.6990580397153349,-0.1424238768669516,0.2555077114982489,0.4656944671596262,-2.185775991771414,-2.2552161486532607,-0.0013296088030220774
1.824999999999994,-3.814466368419495,-1.7252040619122375,-0.6104390384564581,-2.375906963615636,1.569857737265801,-0.704144457619181,-0.14151139361358,0.2565385623636358,0.46468032645883933,-2.1857942309013514,-2.2552361751141374,-0.0013395458282608667
1.8333333333333273,-3.8195449819146425,-1.7224127878241409,-0.6208947725549029,-2.368264502604243,1.5698583429831614,-0.7092235828657322,-0.14059690463050692,0.25756808166227474,0.4636458625716825,-2.1858119472835256,-2.255255632887164,-0.0013491434108383487
1.8416666666666606,-3.824616178746074,-1.7196373764262238,-0.631393600797838,-2.360562306005467,1.569858833537054,-0.7142952764750018,-0.13968045195679168,0.2585962857696373,0.462591200343291,-2.1858291558773324,-2.255274532015719,-0.0013584197541249138
1.8499999999999939,-3.829679825763786,-1.716880391714324,-0.6419307749916642,-2.352802577484972,1.5698592115853471,-0.7193594030613536,-0.13876207848877312,0.2596231934834145,0.46151646943988067,-2.185845871930709,-2.2552928832185137,-0.0013673923259413313
1.8583333333333272,-3.8347357927338,-1.714144301278786,-0.6525017647415648,-2.344987399789517,1.569859479900053,-0.724415830331513,-0.1378418277384602,0.2606488257103998,0.4604218033964922,-2.1858621109015863,-2.255310697828463,-0.0013760778287869686
1.8666666666666605,-3.839783951890409,-1.7114314775595805,-0.663102254667128,-2.337118736175751,1.5698596413471393,-0.7294644286321179,-0.13691974361294076,0.26167320517830045,0.4593073387486124,-2.1858778883870014,-2.255327987708893,-0.0013844921994175872
1.8749999999999938,-3.8448241775480607,-1.7087441997964756,-0.673728140336212,-2.3291984326036976,1.5698596989276756,-0.734505070328191,-0.13599587023012924,0.2626963561776322,0.4581732142101955,-2.1858932204365895,-2.255344765050487,-0.0013926505361994122
1.883333333333327,-3.849856345761145,-1.706084656316897,-0.6843755230787532,-2.3212282202718764,1.569859655678739,-0.739537629806136,-0.13507025171826795,0.2637183043085853,0.45701957000521026,-2.1859081229032773,-2.2553610424753554,-0.0014005672005850194
1.8916666666666604,-3.8548803340456983,-1.703454947324266,-0.6950407039785541,-2.3132097188128267,1.569859514683848,-0.7445619832292678,-0.13414293204653815,0.26473907625165394,0.45584654722008927,-2.1859226113838863,-2.255376833052139,-0.001408255794783083
1.8999999999999937,-3.859896021140051,-1.7008570880708442,-0.7057201772273216,-2.305144439864552,1.5698592791213224,-0.7495780081137168,-0.13321395489097673,0.2657586995671912,0.45465428719654516,-2.185936701492475,-2.2553921501613754,-0.0014157290912501055
1.908333333333327,-3.864903286798421,-1.6982930122024775,-0.7164106229659201,-2.297033790754893,1.5698589522180704,-0.7545855831210223,-0.1322833635055579,0.2667772025118618,0.45344293102188815,-2.1859504087642327,-2.2554070073939516,-0.0014229990895082089
1.9166666666666603,-3.869902011619783,-1.6957645752858863,-0.7271088997874514,-2.2888790784129185,1.5698585372464284,-0.7595845878987998,-0.1313512006111029,0.26779461386989817,0.45221261906720533,-2.1859637485966465,-2.255421418517022,-0.0014300770166493114
1.9249999999999936,-3.8748920765849473,-1.693273557975585,-0.7378120375872229,-2.280681510371961,1.5698580362002683,-0.7645749002003581,-0.13041750841591104,0.26881096293149764,0.45096349082647325,-2.1859767368650105,-2.2554353926499346,-0.0014369752334476098
1.933333333333327,-3.87987336380917,-1.6908216707677954,-0.748517228219894,-2.272442206874171,1.5698574536021903,-0.7695564009973019,-0.12948232818943764,0.269826278950381,0.44969568395023946,-2.185989390331672,-2.2554489445355896,-0.0014437017569705985
1.9416666666666602,-3.884845755784771,-1.688410557240479,-0.759221818863952,-2.264162198983153,1.5698567932396477,-0.7745289706805322,-0.1285457005038206,0.2708405914077157,0.44840933427074886,-2.1860017262965616,-2.2554620873084663,-0.0014502649815442675
1.9499999999999935,-3.889809135356216,-1.686041797473367,-0.769923303806949,-2.255842432781347,1.5698560584517762,-0.7794924911927205,-0.12760766508838287,0.27185392980964673,0.44710457569036044,-2.1860137597621416,-2.255474834437401,-0.0014566732422655175
1.9583333333333268,-3.8947633857554815,-1.683716911913571,-0.7806193166598498,-2.2474837743138303,1.5698552525174088,-0.7844468452902177,-0.12666826076411064,0.2728663235616333,0.44578153982285706,-2.186025505025044,-2.2554871996239068,-0.001462934288344865
1.9666666666666601,-3.899708390582247,-1.681437365099371,-0.7913076227359305,-2.2390870138176746,1.5698543788091748,-0.7893919159624686,-0.1257275254153235,0.27387780187806443,0.44444035573902074,-2.186036976537639,-2.255499196426171,-0.0014690550625841379
1.9749999999999934,-3.9046440337546433,-1.679204568931423,-0.8019861115283032,-2.230652869150956,1.569853440499715,-0.7943275871853386,-0.12478549591624712,0.27488839368484663,0.44308114992729736,-2.186048187424633,-2.2555108385385925,-0.0014750421567011176
1.9833333333333267,-3.909570199532856,-1.6770198863072403,-0.8126527894684883,-2.222181990055417,1.5698524408018972,-0.7992537433414333,-0.1238422081238017,0.275898127548636,0.44170404605565766,-2.1860591506192995,-2.255522139603645,-0.001480901470689216
1.99166666666666,-3.9144867725097496,-1.674884634480125,-0.8233057728805929,-2.2136749617542923,1.5698513829416247,-0.8041702691197014,-0.12289769686833414,0.2769070316198375,0.44030916486071114,-2.186069878900057,-2.255533113044135,-0.0014866382651599261
1.9999999999999933,-3.919393637632063,-1.6728000884142766,-0.8339432811700326,-2.205132308664915,1.5698502702617505,-0.8090770491253169,-0.12195199595971624,0.2779151335860666,0.43889662401037854,-2.1860803855283906,-2.255543771793549,-0.0014922570077357219
2.0083333333333266,-3.924290680172939,-1.6707674835562625,-0.8445636301700715,-2.1965544971245445,1.569849105774277,-0.813973969002807,-0.12100513813424767,0.2789224606102817,0.43746653821585646,-2.1860906821462627,-2.2555541287216667,-0.0014977621027878485
2.01666666666666,-3.929177785803571,-1.6687880190734623,-0.8551652258410424,-2.187941939340176,1.5698478924882666,-0.8188609148144069,-0.12005715507103394,0.27992903928518575,0.4360190190569532,-2.1861007801735326,-2.2555641965130557,-0.0015031573992805468
2.0249999999999932,-3.9340548406261777,-1.6668628608425058,-0.8657465582202984,-2.179294996666433,1.5698466335249408,-0.8237377726750346,-0.11910807741660141,0.2809348956049846,0.43455417490771897,-2.1861106914023805,-2.255573987382535,-0.0015084460156726918
2.0333333333333266,-3.9389217311855154,-1.6649931440800003,-0.8763061955562479,-2.1706139822811648,1.5698453318982777,-0.8286044291930588,-0.11815793477885625,0.28194005493659163,0.4330721110031476,-2.1861204271236083,-2.2555835131416835,-0.0015136307137683493
2.04166666666666,-3.943778344500708,-1.6631799758803305,-0.8868427787035855,-2.1618991639498275,1.569843990360654,-0.8334607718868537,-0.11720675571810997,0.28294454198779617,0.4315729294918306,-2.186129997485224,-2.2555927854048647,-0.0015187141829442977
2.049999999999993,-3.948624568146285,-1.6614244379602603,-0.897355015831502,-2.153150767356874,1.5698426117368562,-0.8383066885891697,-0.11625456778321762,0.2839483807842927,0.4300567293323768,-2.1861394127939713,-2.2556018154061275,-0.001523698507923716
2.0583333333333265,-3.953460290297794,-1.659727589115982,-0.90784167734279,-2.1443689787615825,1.5698411989625063,-0.8431420672733699,-0.11530139754005787,0.28495159466022096,0.4285236063043909,-2.1861486837800754,-2.2556106137773453,-0.0015285851145231451
2.0666666666666598,-3.958285399716704,-1.658090467159401,-0.9183015909602228,-2.1355539466895017,1.5698397545186953,-0.8479667972420593,-0.11434727055312502,0.28595420624672463,0.4269736532361764,-2.1861578193607554,-2.255619190955458,-0.0015333757582919052
2.074999999999993,-3.963099785880962,-1.6565140914704046,-0.928733637162399,-2.126705785403049,1.5698382810414464,-0.8527807681083032,-0.11339221143362024,0.28695623745156146,0.4254069598399366,-2.18616682893373,-2.255627556957033,-0.0015380715052482861
2.0833333333333264,-3.96790333901846,-1.6549994650237485,-0.939136744779864,-2.117824576958637,1.569836781215619,-0.8575838698777613,-0.11243624386618872,0.28795770946261967,0.42382361280065156,-2.1861757220995215,-2.255635721201159,-0.0015426729270655545
2.0916666666666597,-3.9726959500946055,-1.653547576040853,-0.9495098867711176,-2.108910372625601,1.569835257242553,-0.8623759940526865,-0.11147939060455804,0.2889586427509473,0.42222369600420084,-2.186184506621913,-2.255643692923088,-0.0015471810589421883
2.099999999999993,-3.9774775109931615,-1.6521594004031368,-0.9598520763232437,-2.099963196534778,1.569833711816117,-0.8671570319750085,-0.11052167353620485,0.289959057049569,0.4206072902916498,-2.1861931919635316,-2.2556514806776313,-0.0015515957006180987
2.1083333333333263,-3.9822479144327367,-1.650835902856612,-0.9701623630094006,-2.0909830460235157,1.5698321470869467,-0.871926876577311,-0.10956311367350391,0.2909589713849522,0.41897447384960124,-2.186201785666633,-2.255659092741943,-0.0015559172691322002
2.1166666666666596,-3.987007054128572,-1.64957803907766,-0.98043982925627,-2.081969894814171,1.569830565435633,-0.876685421224822,-0.10860373119985142,0.291958404055249,0.41732532204655853,-2.186210295996692,-2.2556665368668773,-0.0015601454440182445
2.124999999999993,-3.991754824792512,-1.6483867570764374,-0.9906835869328932,-2.072923694238181,1.5698289691141891,-0.8814325602757215,-0.10764354549230422,0.292957372652851,0.415659907612605,-2.1862187307815297,-2.2556738203427544,-0.001564279823955914
2.133333333333326,-3.996491122211151,-1.6472629987447258,-1.0008927741412492,-2.063844375222943,1.5698273604299215,-0.8861681888636717,-0.10668257515090489,0.29395589406350686,0.41397830067432306,-2.186227097960476,-2.255680949899261,-0.0015683196205943395
2.1416666666666595,-4.001215843272919,-1.6462077011740184,-1.0110665521499955,-2.054731849697484,1.5698257415273618,-0.8908922033214225,-0.10572083801991475,0.2949539844853087,0.4122805688825829,-2.1862354049114976,-2.255687931905595,-0.001572264061180555
2.149999999999993,-4.005928886109466,-1.6452217982714403,-1.0212041025545615,-2.045586013101324,1.5698241151566628,-0.895604502655704,-0.10475835123888394,0.2959516594116308,0.4105667773111592,-2.1862436577891775,-2.2556947746986094,-0.001576111022612187
2.158333333333326,-4.010630150041488,-1.644306221557133,-1.031304624466806,-2.0364067446852294,1.5698224809795145,-0.9003050276124616,-0.10379513105976451,0.29694893381663406,0.4088369887880743,-2.1862518164738107,-2.2557015303822667,-0.001579863059627416
2.1666666666666594,-4.015319535847667,-1.6434619017036856,-1.041367331784066,-2.027193911552103,1.569820831634214,-0.9049926004100516,-0.10283119248449389,0.29794582230644845,0.4070912636810667,-2.18626110538286,-2.2557070281710896,-0.0015835328779541743
2.1749999999999927,-4.019996945614219,-1.6426897695701097,-1.0513914511399682,-2.0179473673452124,1.5698191710134697,-0.9096666580199896,-0.10186655063167308,0.29894233830875083,0.4053296601080138,-2.1862720561560516,-2.2557107669030336,-0.0015871154875090679
2.183333333333326,-4.024662282824046,-1.6419907569051109,-1.061376219507623,-2.008666953532852,1.569817503384957,-0.914327207349816,-0.1009012200243865,0.29993849461607747,0.40355223413024277,-2.186284558665788,-2.2557128663426766,-0.0015906052844920674
2.1916666666666593,-4.029315452655566,-1.641365797448917,-1.0713208822765763,-1.9993525020628948,1.5698158331871654,-0.9189742457841586,-0.09993521448157376,0.3009343033833235,0.40175903958769554,-2.1862985159713997,-2.255713434546858,-0.0015939959425440777
2.1999999999999926,-4.033956361961195,-1.640815829020569,-1.0812246846567066,-1.990003848500958,1.5698141524038791,-0.9236078587059978,-0.098968545910939,0.3019297762311455,0.3999501286220266,-2.1863137399806893,-2.2557126803520355,-0.0015972988149906418
2.208333333333326,-4.038584917090597,-1.6403417952930164,-1.0910868648797012,-1.98062083152226,1.5698124416059989,-0.9282283134176424,-0.09800122532238467,0.3029249242779277,0.39812555298484487,-2.186329839374492,-2.2557110146141133,-0.00160054209991768
2.2166666666666592,-4.043201026820425,-1.639944640012048,-1.1009066803844492,-1.971203254401317,1.5698107021024512,-0.9328356056167502,-0.09703326513874477,0.3039197581784907,0.3962853615745313,-2.186346719023883,-2.2557085353394175,-0.0016037243046851477
2.2249999999999925,-4.047804601589171,-1.6396253122167297,-1.1106833887333931,-1.961750915915715,1.569808935510286,-0.9374297251809948,-0.0960646772473264,0.3049142880019721,0.3944296014461497,-2.1863642928223816,-2.2557053329615018,-0.0016068431328812663
2.233333333333326,-4.052395553331376,-1.6393847664122272,-1.1204162459824238,-1.952263609200762,1.5698071429366094,-0.9420106570138777,-0.09509547307446335,0.3059085233258419,0.39255831819421,-2.1863824808256647,-2.2557014896696272,-0.0016098973001386601
2.241666666666659,-4.056973795625487,-1.6392239633976915,-1.1301045050541263,-1.942741123981332,1.569805324809521,-0.9465783805306196,-0.09412566353952788,0.3069024732454134,0.3906715558540127,-2.1864012110125444,-2.2556970797329625,-0.0016128865301212262
2.2499999999999925,-4.061539243693446,-1.639143870774153,-1.1397474142179105,-1.9331832473297168,1.5698034815556337,-0.9511328713316864,-0.093155259140228,0.3078961463681436,0.3887693569963013,-2.1864204171635273,-2.2556921710893474,-0.0016158105686418516
2.2583333333333258,-4.066091570215187,-1.639145325974762,-1.1493443386183106,-1.9235895318543093,1.5697989177739933,-0.9556744418342226,-0.09218416057889531,0.30888964992444506,0.3868517893062224,-2.186439497452017,-2.255687585374669,-0.0016229129656392936
2.266666666666659,-4.070630958672794,-1.6392294567181402,-1.1588943704901555,-1.913959984309936,1.5697949399754187,-0.9602033500302524,-0.09121252173595779,0.3098828656182047,0.38491887024890187,-2.186458185565793,-2.255683217432819,-0.0016290065013646858
2.2749999999999924,-4.075157340140764,-1.63939727215083,-1.1683967524386765,-1.9042945315482835,1.569791314807026,-0.964718650214136,-0.09024032911873932,0.31087580757237887,0.38297061592191606,-2.186477613159068,-2.2556782561623248,-0.0016344103222468598
2.2833333333333257,-4.079670404573947,-1.6396493013382674,-1.1778512909821353,-1.8945906320987809,1.5697864596864597,-0.9692254224394952,-0.08926760386052841,0.31186859887735513,0.3810072356697703,-2.186490370177572,-2.2556772182035583,-0.0016421536414190046
2.291666666666659,-4.084170382901154,-1.6399871356652826,-1.18725656279815,-1.884851148974008,1.5697822715070706,-0.9737168948315054,-0.08829431865041862,0.31286109287869296,0.3790285058034241,-2.1865062172094456,-2.255674373409542,-0.0016485228945290517
2.2999999999999923,-4.088657162467423,-1.6404117420955018,-1.196611784838432,-1.875075535432876,1.569778592577256,-0.9781934324014954,-0.08732049299054359,0.3138533124064059,0.37703449817148804,-2.1865243784503,-2.255669998900756,-0.0016538449206709104
2.3083333333333256,-4.0931306318441445,-1.6409240639346634,-1.2059161753805454,-1.8652630332360451,1.569775219831007,-0.9826549470876657,-0.08634614897435985,0.3148452905001138,0.375025307818432,-2.1865444387417408,-2.255663718328824,-0.0016585923727262955
2.316666666666659,-4.0975907121542745,-1.641525126661587,-1.2151688888838386,-1.8554133503736316,1.569772050906841,-0.9871016533278536,-0.08537129339377862,0.3158370413860924,0.3730009814455925,-2.1865660006966148,-2.2556557834876423,-0.0016629574157292406
2.324999999999992,-4.102037330865078,-1.6422159731965298,-1.2243690667237406,-1.8455262739225404,1.5697690381746563,-0.991533684939704,-0.0843959325257685,0.3168285733636952,0.3709615554091761,-2.1865888163009126,-2.255646404132304,-0.0016670255939289188
2.3333333333333255,-4.106470420105797,-1.642997660468306,-1.233515834824556,-1.835601637616868,1.5697661630442852,-0.99595113000153,-0.08342007215265132,0.3178198914518396,0.3689070600662779,-2.186612721986667,-2.255635763457041,-0.0016708245023868648
2.341666666666659,-4.110889914395817,-1.6438712550322647,-1.2426083030065689,-1.8256392891733884,1.5697634158556033,-1.0003540574629397,-0.08244371798917756,0.3188109995880729,0.36683752395183156,-2.1866375825477675,-2.25562402536699,-0.00167436510738237
2.349999999999992,-4.115296578895928,-1.6448391508540343,-1.251647137606314,-1.8156534291483413,1.5697717745650237,-1.004731898712652,-0.08146682541117442,0.3198006844965629,0.3647508801141206,-2.186686391041005,-2.2556093541318454,-0.0016552829375510866
2.3583333333333254,-4.119689194081838,-1.6459005595194551,-1.260629845060371,-1.8056248872790663,1.5697764771113594,-1.009106721119835,-0.08048945159689215,0.32079052377905587,0.3626498177237577,-2.1867195981165604,-2.255603473991828,-0.00164324593735051
2.3666666666666587,-4.124067836123186,-1.6470568497965052,-1.2695552223905098,-1.7955557302836742,1.5697787244290322,-1.0134743385393674,-0.07951157526562289,0.3217803844119722,0.3605341666400621,-2.1867433935309353,-2.255603154677353,-0.0016357645918796348
2.374999999999992,-4.12843254078725,-1.6483092943644573,-1.2784223098145169,-1.7854469961514667,1.5697796276795528,-1.017831561597868,-0.07853321416758095,0.3227701784955166,0.3584037998461293,2.186743558286542,2.2555864536528554,0.0016307168906343921
2.3833333333333253,-4.1327832991989535,-1.6496590829360036,-1.2872301190378532,-1.7752992044710731,1.5697797890638694,-1.0221765641871183,-0.07755438031850045,0.3237598572074455,0.35625866530935457,2.186740268962993,2.255570083126487,0.0016269746832056316
2.3916666666666586,-4.137120083417654,-1.6511073713370037,-1.2959776595155528,-1.7651125900968163,1.5697795606402454,-1.0265082652853044,-0.07657508380971569,0.3247493933442696,0.3540987430478,2.1867365858682333,2.255554823830771,0.0016238773928125816
2.399999999999992,-4.141442854961084,-1.6526552993691908,-1.3046639276313077,-1.7548872244849985,1.569779138624516,-1.0308260544520806,-0.07559533313108083,0.32573877304423204,0.35192403227045765,2.186733040407873,2.255539933463954,0.001621061570646759
2.408333333333325,-4.145751569912137,-1.654304001018209,-1.3132878996401272,-1.7446230907252769,1.5697786230943571,-1.0351296186515326,-0.07461513548683803,0.3267279905141135,0.34973454371861484,2.186729887054893,2.2555250673346996,0.0016183479985399233
2.4166666666666585,-4.150046209904438,-1.6560548012439598,-1.3218482133164844,-1.7343216423268468,1.5697773943068687,-1.039419386813734,-0.07363440388065709,0.3277170149971652,0.3475301983816079,2.186725559397108,2.255509620640663,0.0016161624335189401
2.424999999999992,-4.154325804025103,-1.6579083755167985,-1.3303434025711205,-1.7239796501343467,1.569765593791582,-1.0436960751986857,-0.07265286265089013,0.3287063682191716,0.34531155029435756,2.186719214636706,2.25549652496155,0.0016310302422248082
2.433333333333325,-4.158591194736347,-1.65986611688883,-1.3387729907536403,-1.7135987173517588,1.569755291805765,-1.0479585838097043,-0.07167100056634848,0.32969549293404304,0.3430782151950614,2.1867133049321597,2.2554839314084396,0.0016436059466220312
2.4416666666666584,-4.162842395914875,-1.661929207429028,-1.3471359437811476,-1.703179005082551,1.569745763560335,-1.0522076026449605,-0.0706887463085457,0.33068441502357493,0.34083015949861123,2.186706745995824,2.2554722474978925,0.0016548859893189046
2.4499999999999917,-4.167079507099642,-1.6640990737013643,-1.3554308179116623,-1.692722413358693,1.5697375483557707,-1.0564400533685332,-0.06970604927560628,0.3316730463268697,0.3385672395983713,2.1867019560984464,2.255456798832622,0.0016633079093210184
2.458333333333325,-4.171302240320216,-1.666376454235972,-1.3636568296226628,-1.682225818854519,1.569728890790119,-1.0606612262402926,-0.06872295475197522,0.33266157829358883,0.3362897595784457,2.186694476626545,2.2554455700700005,0.0016727876347947034
2.4666666666666583,-4.175510939608135,-1.6687630498521953,-1.3718121765455,-1.6716929161216163,1.5697227973529286,-1.06486485595013,-0.06773946567171468,0.33364976916437944,0.33399743073506405,2.186689888614776,2.2554294082817465,0.0016773171198370164
2.4749999999999917,-4.179705166616453,-1.6712570663335804,-1.3798970884613373,-1.6610957734157092,1.5697242028322662,-1.0690727239571252,-0.06675691781853786,0.33463882515484583,0.3316931780642938,2.186683877547721,2.25545396759269,0.0016816833847720974
2.483333333333325,-4.183885562508552,-1.673863414301719,-1.387908959350853,-1.6504688887378145,1.5697259472091014,-1.0732647356217793,-0.06577353268685096,0.33562732799469974,0.3293732806295111,2.186673800657627,2.255469775035391,0.0016817074659439715
2.4916666666666583,-4.188051621780586,-1.6765823573427392,-1.395846831166371,-1.6398053355852371,1.569728265695693,-1.0774421963699057,-0.06478968862951637,0.33661556963127215,0.3270385491157254,2.186662791850034,2.2554841401860553,0.0016801261490508746
2.4999999999999916,-4.19220319944979,-1.6794148877455168,-1.4037093163126146,-1.62910404508963,1.56973063743691,-1.0816038966214752,-0.0638054272008343,0.33760362463720944,0.3246891822498562,2.186652940620302,2.255496814077794,0.001678329952998177
2.508333333333325,-4.196340229649267,-1.6823621130747126,-1.4114950519281195,-1.6183646947547994,1.5697328344556918,-1.0857504988751507,-0.06282076354232172,0.3385915255071246,0.32232526415623974,2.1866437682143904,2.2555089457496957,0.00167690923412148
2.516666666666658,-4.200462678409729,-1.685425194439899,-1.4192026395378754,-1.6075873868064572,1.569734752934795,-1.0898822277849929,-0.06183570014423954,0.3395792824593683,0.3199468291680256,2.186635050544999,2.2555208874798014,0.001676081895233534
2.5249999999999915,-4.204570522305374,-1.688605306647676,-1.4268306464752791,-1.5967723733167514,1.5697363615654305,-1.0939990636576458,-0.06085023830161006,0.3405668975376867,0.31755389737446205,2.186626777851905,2.2555326376071108,0.0016759006055772215
2.5333333333333248,-4.208663760036269,-1.6919035705100882,-1.4343777441388692,-1.5859195046332302,1.5697382310820045,-1.098098699751546,-0.059864423554486915,0.34155436484518376,0.3151465021976205,2.1866219022618787,2.2555420384727882,0.0016756759203159061
2.541666666666658,-4.212742362169627,-1.6953212329701637,-1.4418422718552617,-1.575029759788313,1.5697397807358764,-1.1021836210010092,-0.058878207357971966,0.3425416831766127,0.31272463076876855,2.186617091428033,2.255551327239801,0.0016760273668153004
2.5499999999999914,-4.216806307690233,-1.6988594571434954,-1.4492226802268722,-1.564103534495746,1.569740986418718,-1.106254120316557,-0.05789159195517409,0.34352885316657217,0.31028830590224726,2.186611976961119,2.2555608323193272,0.0016769853575026815
2.5583333333333247,-4.220855585848552,-1.7025194126905498,-1.456517399750633,-1.5531413258640117,1.5697418812314063,-1.110310156417218,-0.0569045789076622,0.34451587031039344,0.307837537002695,2.1866065327381667,2.255570457981263,0.0016784522410427888
2.566666666666658,-4.224890184164745,-1.7063022554645548,-1.4637248257447653,-1.542143640854296,1.5697424713390271,-1.1143517318162814,-0.055917169892062565,0.3455027325779405,0.3053723387140232,2.1866007021331306,2.25558017970956,0.0016803874388609313
2.5749999999999913,-4.228910086849483,-1.7102091337165852,-1.4708433028246533,-1.531111072743274,1.5697426675792452,-1.118379286055284,-0.05492936061996817,0.34648943983857045,0.3028927266219123,2.1865938927598703,2.255590414031569,0.001682877449032847
2.5833333333333246,-4.232915287781139,-1.7142411809455376,-1.4778711752937006,-1.5200441691084832,1.5697425168033878,-1.1223923501563262,-0.053941155698509394,0.3474759906689935,0.3003987154542117,2.1865866176027975,2.2556006456310764,0.0016858335848194733
2.591666666666658,-4.236905948966121,-1.7184000561655497,-1.4848067624397503,-1.5089487645427968,1.5697422787249982,-1.126385925575993,-0.05295235629912698,0.3484620720764562,0.29788969036076074,2.186580918243063,2.2556013417189082,0.0016859409696257375
2.599999999999991,-4.240881850788876,-1.7226862734102326,-1.4916484138305603,-1.4978199000702024,1.5697416806999138,-1.1303636439153153,-0.05196318724172406,0.34944800384333596,0.2953663200313338,2.1865764208399936,2.255600800322121,0.0016865968029141096
2.6083333333333245,-4.244842989680799,-1.727100876307673,-1.4983943265587576,-1.4866577136638606,1.569740639967968,-1.1343271994858115,-0.05097366363974586,0.35043382778347376,0.29282869679656465,2.186571596957993,2.255601275587355,0.001688242400422729
2.616666666666658,-4.248789395769569,-1.7316450006373758,-1.5050426817225644,-1.4754634505765922,1.5697392723597463,-1.1382764514895216,-0.049983770853301294,0.35141951565763213,0.2902767809782905,2.1865662914592767,2.2556022224475707,0.0016904229104131778
2.624999999999991,-4.252721082382606,-1.736319730777644,-1.5115916444352306,-1.4642381454236244,1.5697376865746904,-1.142211056091628,-0.04899350711827337,0.3524050518040708,0.287710560984592,2.186560743383784,2.2556030818484656,0.0016928280520702823
2.6333333333333244,-4.256638053448322,-1.741126109556233,-1.5180393526703972,-1.4529827082573863,1.5697359394392756,-1.1461308400808656,-0.048002875710424435,0.353390431773772,0.28513004568406547,2.1865551052792087,2.2556036115268805,0.0016953212718142953
2.6416666666666577,-4.260540310200826,-1.746065148845643,-1.5243839144719151,-1.4416980251287672,1.569734058105721,-1.1500357531291678,-0.04701188141554623,0.35437565656736647,0.282535252725512,2.186549437439687,2.255603757335428,0.001697853839665258
2.649999999999991,-4.264427854043752,-1.751137834033892,-1.530623406708117,-1.4303850132132576,1.5697320562547554,-1.1539258031723445,-0.04602052916502854,0.3553607292087304,0.2799262022918617,2.1865437490334023,2.255603543452846,0.0017004114204799956
2.6583333333333243,-4.2683006874053175,-1.7563451243532526,-1.5367558747149153,-1.4190446412845632,1.5697299417445316,-1.157801021663854,-0.045028823744847894,0.356345653444601,0.27730291492641757,2.186538026488834,2.2556030213512894,0.001702992212418279
2.6666666666666576,-4.272158813973846,-1.7616879517851,-1.542779332329552,-1.4076779375788917,1.569727719256094,-1.1616614514452583,-0.04403676971991612,0.3573304333054311,0.27466541079500956,2.1865322435572345,2.2556022522809207,0.0017055993924958237
2.674999999999991,-4.276002238714304,-1.7671672194482462,-1.548691762089112,-1.39628599312185,1.5697253913309632,-1.1655071434891855,-0.04304437144807767,0.3583150729720137,0.27201370946077164,2.186526363979241,2.2556013026355903,0.0017082384606867255
2.6833333333333242,-4.279830967606298,-1.7727837997375226,-1.5544911155098795,-1.384869962894721,1.5697229580901928,-1.169338172936621,-0.04205163315793726,0.359299576803652,0.26934782990625095,2.1865203232797255,2.2556002619542106,0.0017109177809956824
2.6916666666666575,-4.2836450109736015,-1.7785385293733809,-1.560175325643416,-1.373431016584254,1.569720502281671,-1.1731543672204567,-0.04105856502888383,0.36028394866570534,0.26666779230492993,2.186514387805922,2.2555989922206408,0.0017135479092984965
2.699999999999991,-4.287444380972922,-1.7844322139737796,-1.5657422906801035,-1.3619704223020803,1.5697180723028483,-1.1769555741747026,-0.040065173710888344,0.36126819225721757,0.26397361373710554,2.186508773726426,2.255597345589817,0.0017160729294265044
2.708333333333324,-4.291229085851892,-1.7904656221372954,-1.5711898630315,-1.3504895605727016,1.5697156434069175,-1.180741974872712,-0.03907146149950382,0.3622523121213341,0.26126531180284074,2.186503279157845,2.2555955038113558,0.001718527371710315
2.7166666666666575,-4.294999136624055,-1.7966394857145134,-1.5765158727767927,-1.338989868911577,1.5697132118563093,-1.184512240222795,-0.038077431801412154,0.36323631258275474,0.2585429019226123,2.186499415664063,2.25559200202061,0.0017209163701501552
2.7249999999999908,-4.298754545119706,-1.802954495212958,-1.581718121731441,-1.3274728418621975,1.5697107777297072,-1.188266303020752,-0.0370830887782727,0.36422019879862805,0.25580640026766693,2.186497281169737,2.2555867628820927,0.0017232468085087219
2.733333333333324,-4.30249532442631,-1.8094112993039624,-1.586794383630382,-1.3159400468207896,1.5697083422799618,-1.192004329206808,-0.03608843657154118,0.36520397596802984,0.25305582213011535,2.1864967103565207,2.2555799607986007,0.0017255223714447356
2.7416666666666574,-4.306221488799583,-1.8160105030009217,-1.5917424047655235,-1.3043931257138432,1.569705907686359,-1.1957264718985794,-0.03509347929091407,0.36618764929842273,0.2502911818377741,2.1864975517031673,2.2555717528354506,0.0017277435681109744
2.7499999999999907,-4.309933053553823,-1.8227526657298676,-1.5965599047082264,-1.2928337950472322,1.5697034766499296,-1.1994328728851116,-0.03409822104183062,0.36717122407497166,0.24751249283596122,2.186499666338385,2.2555622811547904,0.0017299089394562876
2.758333333333324,-4.313630034977119,-1.8296382994571891,-1.601244577070321,-1.2812638461022154,1.5697010522562849,-1.203123663936725,-0.03310266595703289,0.36815470570845527,0.24471976774308263,2.1865029270342324,2.255551675123467,0.0017320157629860677
2.7666666666666573,-4.317312450275207,-1.8366678669009409,-1.6057940903057013,-1.2696851454660902,1.5696986377842914,-1.206798967719025,-0.03210681820112154,0.3691380997583372,0.2419130183559281,2.186507217362326,2.25554005263145,0.001734060579363623
2.7749999999999906,-4.320980317496198,-1.8438417797326696,-1.6102060885663716,-1.258099635093855,1.569696237195634,-1.210458898025674,-0.03111068204231457,0.3701214119553097,0.2390922557039371,2.1865124320513343,2.2555275211549706,0.0017360390161378356
2.783333333333324,-4.324633656534723,-1.8511603978622693,-1.6144781947220432,-1.246509328655916,1.5696938645333876,-1.2141035465354773,-0.0301142622234001,0.37110464804163257,0.2362574894370792,2.186518496556923,2.2555141657950695,0.001737933129792075
2.791666666666657,-4.328272487354069,-1.858624026369203,-1.6186080081405685,-1.234916315737583,1.569691526902232,-1.217733015139862,-0.02911756332513193,0.37208781426512694,0.23340872891598502,2.1865253245869756,2.2555000824188762,0.0017397366843751663
2.7999999999999905,-4.331896830355117,-1.8662329144301948,-1.6225931053337317,-1.2233227702227245,1.5696892279663397,-1.2213474021543365,-0.028120589676180616,0.37307091676315823,0.23054598243269264,2.186532829915154,2.2554853579089853,0.001741445016415524
2.808333333333324,-4.335507425212975,-1.873984698712377,-1.626427572142283,-1.2117508002040958,1.5696525268274202,-1.2248863517457975,-0.02711998444767056,0.37405383354915306,0.2276694687497863,2.186591276911183,2.2553839854299773,0.0017834225437575516
2.816666666666657,-4.339104056266748,-1.8818815269646,-1.6301150066935328,-1.2001533918208125,1.5696434851709984,-1.2284302945304195,-0.02612176529205208,0.3750377196669394,0.22478095400571946,2.186653590263875,2.255329350378598,0.001803413973874316
2.8249999999999904,-4.342688030933803,-1.8899300188715544,-1.633650192150397,-1.1886074803754532,1.5696426918502426,-1.2319771352201576,-0.025122073613911187,0.3760183538698565,0.22187251144471698,2.1866684874454934,2.2552609760089024,0.001778264618371683
2.8333333333333237,-4.3462571766248,-1.8981232610697487,-1.6370296072739756,-1.1770686281840823,1.5696326443531896,-1.2355480534023435,-0.024121683197920782,0.37699945384250033,0.21895092158438073,2.186639370454431,2.25523498704753,0.0017685056621142066
2.841666666666657,-4.349812063841009,-1.9064622054284877,-1.64025203444012,-1.165541312970109,1.5696231366746278,-1.2391082866655834,-0.023121033579772167,0.3779804762927501,0.21601529535101605,2.1866062631911554,2.2552129466711803,0.0017574054047772715
2.8499999999999903,-4.35334988891068,-1.9149394063072456,-1.6433133635862265,-1.1539860416794856,1.5696151853086064,-1.2425751268447356,-0.022122426063871197,0.3789643936839777,0.21307233310578622,2.1866917508863004,2.255140930269892,0.0017778562082553255
2.8583333333333236,-4.356869044306593,-1.9235462649409396,-1.646213061837761,-1.142333060623929,1.5695749918437645,-1.246039453970906,-0.021125667474566866,0.379957014017044,0.21013074309276922,2.1868308069627242,2.2551604220297428,0.001931910514282647
2.866666666666657,-4.3603590077894365,-1.9322522330132197,-1.6489517879447186,-1.1302799885115666,1.569541283776191,-1.2494680610016466,-0.020145564974791048,0.38097852709783825,0.20722679201788408,-2.186891444442372,-2.2550836479770195,-0.0023927211052762057
2.8749999999999902,-4.363842849153759,-1.9411227669825284,-1.6515153470547632,-1.1184332597543931,1.5695360219470975,-1.2529239525487978,-0.019159875898501096,0.38198799197312466,0.20428827852173403,-2.1866699761761894,-2.254791630288376,-0.002684488798767633
2.8833333333333235,-4.367302115565096,-1.950103224034798,-1.6539004470650789,-1.1063816482739224,1.5694730613869372,-1.2563975793201825,-0.018179700960346615,0.3830167785724359,0.2013706084368867,-2.1862485043701643,-2.254388299822754,-0.0032502395356128456
2.891666666666657,-4.370720221154126,-1.9591621328466104,-1.6561099188384891,-1.093770080555034,1.5693258061359412,-1.259573991205231,-0.017218295807555548,0.3840909516047102,0.1985144740569247,-2.1857329775070946,-2.2533092146797666,-0.004396558788694981
2.89999999999999,-4.374069205118925,-1.9682219180664997,-1.6581516611334377,-1.0798651152324832,1.568976561225747,-1.2624373987261968,-0.016295250241798707,0.3852653692897145,0.19580903953838635,-2.184647265518725,-2.2510890312476377,-0.006855198477853006
2.9083333333333234,-4.377373020779993,-1.9773324603968865,-1.6600206461036784,-1.0650912561541293,1.5685071252770542,-1.265301606559942,-0.015396496108350581,0.38650883461220026,0.19320141358787749,-2.1829359692415826,-2.2483236322660978,-0.010195057837069282
2.9166666666666567,-4.380310625757386,-1.985425636912249,-1.6617077624069592,-1.0507239946915492,1.567809399282723,-1.268096516189945,-0.014590959324030223,0.38768444048669043,0.19098088995119844,-2.1804767540668313,-2.245446990536281,-0.014430897948566347
2.92499999999999,-4.382928225320062,-1.9926574505068049,-1.6632483640605955,-1.0370971814576586,1.5670789033836174,-1.271699614517762,-0.01387134429731498,0.3887696844220768,0.18905371464803733,-2.1766083937792438,-2.243642231560737,-0.018930304795551203
2.9333333333333234,-4.385313171379659,-1.999136929806432,-1.664557701801619,-1.0249843100905471,1.5669787127493964,-1.2741761457399243,-0.013245278888242507,0.38971491947287906,0.187336372066415,-2.1738739985024975,-2.2410082693131814,-0.022184381337855896
2.9416666666666567,-4.3874317745809535,-2.0048490880182066,-1.6656861927347355,-1.013047317505262,1.5669054500575923,-1.276054056673124,-0.012713508122280668,0.39063329380232964,0.18593855367367612,-2.171023512356563,-2.237506742675671,-0.02595196421879732
2.94999999999999,-4.389326109518792,-2.0099573720052675,-1.6666998103309183,-1.0018855937626372,1.5666876681120974,-1.278020839311517,-0.012231109767577571,0.3914823338831471,0.1847301119661661,-2.1679080719798094,-2.2344276843785655,-0.02989424320397304
2.9583333333333233,-4.391030430021136,-2.014546115641091,-1.6676068496623826,-0.9916783786747024,1.5664812625757163,-1.279823825915889,-0.01179470193623474,0.3922494994096269,0.1836617858868762,-2.16496544646158,-2.231584541114432,-0.03359483136529475
2.9666666666666566,-4.3925547964374925,-2.018640536929889,-1.668416803402674,-0.9820833804248028,1.56628969931327,-1.2812889715550515,-0.01141048804782919,0.3929622368956383,0.18275201220059226,-2.1622064368122844,-2.2285767774918015,-0.03725819657156122
2.97499999999999,-4.393902783786913,-2.022230939833969,-1.669151015842159,-0.9725286745006544,1.5661117804929192,-1.2826184132097818,-0.011090850534803336,0.3936609639249517,0.18205005148533604,-2.159062380249948,-2.22525906933563,-0.041283938913214926
2.983333333333323,-4.395119010837591,-2.0254981572222417,-1.6698127533378595,-0.9641021978986364,1.5657257123260306,-1.2843179973952707,-0.010776989952449098,0.39427778825946874,0.18139027893633086,-2.1558904376557835,-2.2230184534864406,-0.045093962868053346
2.9916666666666565,-4.396210832640393,-2.028408215902332,-1.6704115757292315,-0.9561741351599562,1.5655485761199577,-1.285326566594145,-0.010513837686703324,0.3948474651871106,0.1808388209644483,-2.153320960462925,-2.2201478402292882,-0.04853854819142615
2.99999999999999,-4.397199247548594,-2.0311287655946093,-1.6710120263557249,-0.9496644712686348,1.5650720380533885,-1.2867366122777713,-0.010230099619693971,0.395310312736268,0.1802319973944505,-2.151062628648631,-2.218704521941118,-0.051540657327581535
3.008333333333323,-4.398122522960671,-2.033667389886327,-1.6715550685458234,-0.9446548749078572,1.5649214129107745,-1.2875127546292693,-0.009961893432510388,0.39565724111619144,0.17957447674168991,-2.150100289026027,-2.217362789800115,-0.053179477656858105
3.0166666666666564,-4.398937061454546,-2.035906065442945,-1.6720502813653777,-0.9395872849182876,1.564577345902337,-1.2889344991234113,-0.00972186519557604,0.3960103705345037,0.17904908816254056,-2.148124135295455,-2.2166310659957196,-0.05539607150563002
3.0249999999999897,-4.399665240242564,-2.0379114108012155,-1.6724935014818365,-0.9348849384255562,1.5642603183484611,-1.2901246418454402,-0.00950947208802543,0.39633671578024426,0.17859349499319147,-2.1463476824245453,-2.2157827223755704,-0.057508993084618945
3.033333333333323,-4.400317845740182,-2.0397105711050694,-1.6728913708249482,-0.9305426688705674,1.563949993089911,-1.2911099690724015,-0.00931911900642869,0.3966373247189042,0.1781960830870345,-2.1447777224337026,-2.2148598005338878,-0.059526188656252095
3.0416666666666563,-4.40090255474727,-2.0413237026931874,-1.6732502893913854,-0.9265220163653668,1.5636546697823297,-1.2919865584609025,-0.009149347439020405,0.3969146482360644,0.17785094468939006,-2.1433068837274276,-2.2139484806291168,-0.061448385736059624
3.0499999999999896,-4.401429523116373,-2.0427792078020923,-1.6735737930471837,-0.9229000861966709,1.563414427481966,-1.2926529091186003,-0.008997701308233666,0.39716268319532544,0.1775392548642571,-2.1421106692242184,-2.212987386374484,-0.06313854381533665
3.058333333333323,-4.401909115697862,-2.044104181272006,-1.6738671879847142,-0.919753843630526,1.563216786325231,-1.2932844883146064,-0.008857416849347785,0.39737636705738105,0.1772421837032809,-2.141080452217763,-2.21223063097667,-0.06454444477560406
3.066666666666656,-4.402343063316353,-2.045304163900296,-1.67413279919917,-0.9169599885232406,1.5630401348102392,-1.2938560936539123,-0.008729034407341506,0.3975651128669768,0.1769681759415933,-2.140181524253712,-2.2115804035698448,-0.06577604619332661
3.0749999999999895,-4.402734722596383,-2.046389513158058,-1.6743734109464743,-0.9144658714480164,1.562875828384935,-1.2943924931731492,-0.008611796327736936,0.39773290653078414,0.17671730675476066,-2.139368995176014,-2.211036879740079,-0.06687427878758241
3.083333333333323,-4.403088209584043,-2.047370494066432,-1.6745911170806835,-0.91223384902509,1.5627239779438409,-1.294894050254236,-0.008504991133005813,0.3978825177813075,0.1764885117951961,-2.1386312687219227,-2.2105797150183935,-0.06785694322148611
3.091666666666656,-4.40340706045435,-2.048256979135155,-1.6747883689411296,-0.9102296466523836,1.5625818204285442,-1.295360781486106,-0.008407789354333988,0.398016425541744,0.17628048261781115,-2.137959568797037,-2.2101917493430405,-0.06874338720182377
3.0999999999999894,-4.403694714564912,-2.0490574527635275,-1.6749666339944191,-0.908426894578012,1.562452360062626,-1.295783152942114,-0.00831969834286339,0.39813651413634343,0.17609198478466898,-2.137356834011181,-2.2098475606202848,-0.06954069844270067
3.1083333333333227,-4.403974454669859,-2.04983809478677,-1.6751377786664785,-0.9073987536788444,1.5624432928442018,-1.295995259196515,-0.008226683151880906,0.3981989025694685,0.1758419306818466,-2.1373948477664495,-2.209735814673028,-0.06963259992551965
3.116666666666656,-4.404210369606042,-2.050503289855297,-1.6752860401073766,-0.9060874684633012,1.5623785520799458,-1.2962498860699716,-0.008153599703073711,0.3982838369398784,0.17566810446579179,-2.1370963027494656,-2.209458162635957,-0.07009946553376238
3.1249999999999893,-4.404418051827254,-2.051096117134143,-1.675419900537101,-0.9048098180226436,1.5623705082593031,-1.2958517233770637,-0.008095652306508662,0.3983655632259374,0.17552268694943773,-2.137424422144399,-2.2084524214028427,-0.07049133245810954
3.1333333333333226,-4.404604365958766,-2.051642512087762,-1.6755686842279338,-0.9035521245003154,1.5622844095216817,-1.295679987209759,-0.008038390900701606,0.3984436919876638,0.17538922471848722,-2.137502075289602,-2.2077286032619936,-0.07100831798758886
3.141666666666656,-4.4047806138503285,-2.052062469945793,-1.67559481129814,-0.9021271399108672,1.5623404990466867,-1.2955713989816309,-0.008006201742573814,0.39854965655167784,0.17535241798787893,-2.137191420433663,-2.206774660341393,-0.07162927675461293
3.1499999999999893,-4.40492933543867,-2.052399847324613,-1.675607058725736,-0.9004184055466846,1.562342587521432,-1.2954432794112531,-0.00798730699477112,0.39867744183911924,0.1753771017148552,-2.1366543827080933,-2.205596630155748,-0.07259025731699303
3.1583333333333226,-4.405059912273448,-2.052677274273273,-1.6756094187110482,-0.8986524707336571,1.5623630551502503,-1.295415192802251,-0.007978418775280327,0.39880895777196435,0.17543276274935798,-2.1359026273582375,-2.2044586962893797,-0.07361991625582781
3.166666666666656,-4.405172299682733,-2.0529044562026635,-1.675605833791136,-0.8968328119632011,1.5623764340030153,-1.2954134660398928,-0.007977323151462507,0.3989440505182222,0.17551436660272024,-2.1350358932387232,-2.2032989951166235,-0.07473673970919618
3.174999999999989,-4.405267131745275,-2.053034782315972,-1.675596917844497,-0.8946163166569501,1.5624133680624344,-1.296233002002613,-0.00799345921109488,0.3991049641232987,0.17567127745301736,-2.132940304939165,-2.2027171182568557,-0.07621962301803888
3.1833333333333225,-4.405344191185725,-2.0531726268533466,-1.6755787735215,-0.8927537131638261,1.562297379004104,-1.2967935105577415,-0.007997292217667493,0.3992460928841111,0.1757955130826065,-2.131379296091779,-2.2021422319457042,-0.07764613392715003
3.1916666666666558,-4.405412956512674,-2.053293927440976,-1.675556782106206,-0.8910179406559415,1.5621458816694935,-1.2975587232184873,-0.007998836940919029,0.3993791817321831,0.17591563522714068,-2.1296663139514065,-2.2018753862747618,-0.07905759654853219
3.1999999999999895,-4.405477638612743,-2.0534098647937467,-1.67553901460264,-0.8894793545442868,1.5620875166121613,-1.297578941444539,-0.008004527908524016,0.39949498695359065,0.17601853008113577,-2.1288449019663207,-2.2009084125668967,-0.08015907983483436
3.208333333333323,-4.405542310084066,-2.053528388847399,-1.6755292076078565,-0.8882327056759411,1.5619570409325705,-1.2985195861915095,-0.007997602812071881,0.39959056319258424,0.17609140703217502,-2.1272397728269294,-2.2011527601906535,-0.08120104974318085
3.216666666666656,-4.405600320095081,-2.0536398545574936,-1.6755163775034474,-0.8871454421494784,1.5618990943012423,-1.2986387887707365,-0.007995548280996922,0.39967342738886524,0.17615305555542204,-2.126583845300306,-2.200592999509356,-0.08198850786311597
3.2249999999999894,-4.405663555817606,-2.0537437374654406,-1.6755214680336992,-0.8862985750550032,1.562044068643936,-1.2990707687945309,-0.008000805421107527,0.39973100641647186,0.1761903639572776,-2.125677699268637,-2.2004752791269895,-0.08234339550204013
3.2333333333333227,-4.405724855286762,-2.0539590068655835,-1.6756026509260378,-0.8865368203859221,1.5618475354443837,-1.3005567870734105,-0.00795256267389047,0.39970984362739354,0.17606389036358214,-2.1245381065915154,-2.2024174519849233,-0.0823290147237303
3.241666666666656,-4.40584099828925,-2.0542421348989035,-1.675637979136428,-0.8879024226533255,1.562140068355743,-1.301313080921471,-0.007898752432326182,0.3996080376213985,0.17581889820337515,-2.124784543659068,-2.2041315490916795,-0.0807941865503751
3.2499999999999893,-4.405897968168603,-2.054549351604846,-1.675795533101266,-0.8887338452022638,1.5619901994671292,-1.301260304050151,-0.007838920630642001,0.399532040588202,0.17558166090153643,-2.1257604901956326,-2.2048987512706417,-0.08007941929850654
3.2583333333333226,-4.405957578376478,-2.054692704005644,-1.6757849945135388,-0.88875239954082,1.562079157248072,-1.3008171519962997,-0.007823273670265501,0.3995341756824411,0.17552777980425466,-2.1263698830192794,-2.2044321417998303,-0.07982828617819432
3.266666666666656,-4.405993179132148,-2.0547511831985203,-1.675756667038894,-0.8881225834870018,1.5621286007147424,-1.3004073142984451,-0.00782894623065012,0.3995839207362159,0.17557130992821277,-2.1264658311863402,-2.203548556688191,-0.08016335176676176
3.2749999999999893,-4.406028865738722,-2.054778492901338,-1.6757201579819283,-0.887402120366997,1.562224113638769,-1.3000558573847707,-0.007840428466070668,0.39963964333181523,0.17563739528833555,-2.126401220234049,-2.2026311381800823,-0.08053101294406273
3.2833333333333226,-4.406060809095149,-2.054779350007773,-1.675663840060612,-0.8867032740421854,1.56234824668365,-1.299837994355812,-0.007856100928542189,0.3996960956655409,0.17571698912218653,-2.1261616986907494,-2.2018384853874475,-0.08088477472411598
3.291666666666656,-4.406083153989084,-2.05474760080935,-1.675602272856457,-0.8857043944614359,1.5625134743174025,-1.299548620690266,-0.007885502489813045,0.3997726024144793,0.17583837109639103,-2.125764559322114,-2.200748032528149,-0.08141617340695152
3.299999999999989,-4.406113620819104,-2.0546602409306365,-1.675523298294383,-0.8845663129888205,1.562953923385141,-1.2992812639579028,-0.007936789468416758,0.3998539067357005,0.17599863807226612,-2.1251215739430593,-2.1994622808185813,-0.0817252508260665
3.3083333333333225,-4.406108712509589,-2.0545305508851173,-1.6754277942972335,-0.8827985158774835,1.5631247172214782,-1.2982987899983025,-0.00799561894946057,0.39998730363105744,0.17623852108374272,-2.1248812983192207,-2.197065038787773,-0.08283623590389669
3.3166666666666558,-4.406127757887006,-2.0544189057409845,-1.6753291304820084,-0.881741444419276,1.5635048062114931,-1.2981504226493226,-0.008045802986582352,0.40006700536210493,0.1764062665449982,-2.1241391978290314,-2.1959613265711937,-0.08320538623467061
3.324999999999989,-4.406129961542863,-2.054360838833683,-1.6752525094917072,-0.8807640495083621,1.5639618222346792,-1.2951826876258348,-0.00810606387720198,0.4001362409112202,0.17654013143373648,-2.1264884034480396,-2.1919095280455356,-0.08317097271562904
3.3333333333333224,-4.406139820820164,-2.0542298819551084,-1.6751636327982051,-0.8794898132392969,1.564257418999041,-1.2950941319218925,-0.008157279916809923,0.4002304738446262,0.17673320990280672,-2.125557777035566,-2.1907569004046135,-0.08381337798321434
3.3416666666666557,-4.406019606696609,-2.05408356356644,-1.6751636325206312,-0.8780630252155153,1.5625649666588215,-1.2984901652011336,-0.008103334372720851,0.4003664323853061,0.17692371072136237,-2.121396546818763,-2.1939669592585287,-0.08743418576865843
3.349999999999989,-4.405897969381572,-2.053999536392957,-1.6751700822141595,-0.8769653719429544,1.5609548772008048,-1.302009132800524,-0.008049262705563583,0.4004777323153695,0.1770580748182261,-2.117317864506332,-2.197541361345832,-0.09067333489728625
3.3583333333333223,-4.405824091036335,-2.053956293480228,-1.675187382073837,-0.8764667434766863,1.5597426291997312,-1.3046221073520197,-0.007993731704049694,0.40053720774027496,0.1771176915386979,-2.1145276538042728,-2.2004060712971305,-0.09285737283267904
3.3666666666666556,-4.40575495757832,-2.0539131734374734,-1.6751933285342795,-0.8761051112287094,1.558550758316348,-1.3072649692262497,-0.007935553980834623,0.40058881456436884,0.17716763162913685,-2.111778680504158,-2.203372462958015,-0.09492706963531232
3.374999999999989,-4.405702111925075,-2.053973517201088,-1.675202612506064,-0.8765638111291523,1.557554441974209,-1.3097531911731417,-0.007868816228460819,0.4005810624288384,0.17710002473179104,-2.109711765798543,-2.2067115059507127,-0.09606638018295133
3.383333333333322,-4.405666657464474,-2.054021155662709,-1.675215713196344,-0.8770210442703948,1.556811646290433,-1.3115784341157308,-0.007814619368651887,0.40056628471530503,0.17703621199179498,-2.1082805733625474,-2.209246238073326,-0.09682422772854433
3.3916666666666555,-4.405643425131911,-2.0541234860430992,-1.6752447159149748,-0.8778021293515585,1.5563474430631892,-1.3119584946546283,-0.007769689834192552,0.40052076699689243,0.17691653426643295,-2.1085691647046807,-2.2104009724160933,-0.09682873419221284
3.399999999999989,-4.405635969762461,-2.054218507516512,-1.6752677938692555,-0.878686044134648,1.5558652718602568,-1.313176564350001,-0.007715044997538042,0.40046952745503345,0.17679176308637745,-2.1080262859406136,-2.212505206861139,-0.09684912648443572
3.408333333333322,-4.405631067174888,-2.0542949038782936,-1.6752393048861929,-0.8795631460958159,1.5556813584684672,-1.3133106308652078,-0.007685627157733026,0.4004202945221302,0.17668846436962898,-2.1085072195606607,-2.2133121755431864,-0.09644900246962186
3.4166666666666554,-4.40563208977995,-2.054361601926021,-1.675213923107077,-0.8803201248406362,1.555505803035714,-1.3139110249277743,-0.007656851780176343,0.4003783596072018,0.17659930678586522,-2.108407202378642,-2.21452914556964,-0.09615748944262636
3.4249999999999887,-4.40565985850962,-2.0544817336044323,-1.675228019104698,-0.8816243247495266,1.5553999304157782,-1.3143540918960754,-0.007608877671098063,0.4002909196589519,0.17642791075003766,-2.108873470646266,-2.21595266942477,-0.09530664163414423
3.433333333333322,-4.405677703628646,-2.0546012442825807,-1.6752365143265535,-0.8827154898755105,1.555332511831588,-1.3147216779037056,-0.0075728372761766005,0.40021809803381503,0.17627819926313906,-2.109262081244628,-2.217150667870121,-0.09455311904998043
3.4416666666666553,-4.405695484192557,-2.054698345957955,-1.6752492576089837,-0.8834518140469974,1.5552542334737984,-1.3154232568799942,-0.0075433525613626,0.40016883149924676,0.1761690645713282,-2.1090624993213503,-2.2184652057547813,-0.09409985260968122
3.4499999999999886,-4.405763877619849,-2.054909445753347,-1.675295576357453,-0.8852868045004315,1.555389448577186,-1.3161473704470508,-0.007484888137304739,0.40003444876519034,0.1759048129602529,-2.109577309349592,-2.220514949839333,-0.092469895234896
3.458333333333322,-4.405863578192779,-2.0551725822716773,-1.6753363058863104,-0.8880300593257645,1.5558323135222254,-1.3154786970701282,-0.00741837967479034,0.3998308827566449,0.17553787615775557,-2.1121176319393236,-2.2215776640205918,-0.0896554624296285
3.4666666666666552,-4.40588909945116,-2.055258265371727,-1.6753521938113036,-0.888700926155786,1.5556833894560735,-1.316654029967956,-0.007381341145135605,0.3997866994171413,0.17543878266455765,-2.111386463953422,-2.223364375498837,-0.08937317853467616
3.4749999999999885,-4.405959512671644,-2.055447935842375,-1.6753904703956184,-0.890692672329397,1.555900481053186,-1.316478620085363,-0.007324983416001138,0.3996391316292879,0.17517123112552369,-2.1129312731774674,-2.2245029243254293,-0.08747985552069973
3.483333333333322,-4.405991762150374,-2.0555269080744343,-1.6753986534462353,-0.8917576203664209,1.5560059704912184,-1.3159763553321906,-0.0072966872264734525,0.39956202322727097,0.17504024920540118,-2.1141807541456887,-2.224657111639118,-0.08648304358397935
3.491666666666655,-4.406013597280116,-2.0555694023199496,-1.6753971430535028,-0.8924934773044193,1.5560039700330697,-1.3158849328694546,-0.007271777554868941,0.3995115610235425,0.17495644794257414,-2.1147790888145526,-2.2250469962315034,-0.08592373878041258
3.4999999999999885,-4.405950659979246,-2.055449867932818,-1.67538166911077,-0.8910917609933987,1.555607122478271,-1.31611328913666,-0.00729724333440928,0.39961984841384857,0.17513634310281453,-2.1136643373317576,-2.2244574761816343,-0.08757485000071845
3.5083333333333218,-4.405936830754206,-2.0554611424095794,-1.6754012665184943,-0.8908337329285245,1.5555162497985062,-1.3160583822872876,-0.007300361028246963,0.39963680238047383,0.17515069393572175,-2.113602930703979,-2.2242883259273927,-0.08785727692785544
3.516666666666655,-4.406007197194295,-2.055647849618901,-1.6754478524400898,-0.8926963839456704,1.555930180882194,-1.3150137990616682,-0.007261641802606172,0.3994914259764188,0.1748940939089196,-2.115953502673284,-2.2243540889179143,-0.08573706930944662
3.5249999999999884,-4.406040929937061,-2.0557312891365984,-1.6754761026149827,-0.8936449585825357,1.5560236815819075,-1.3145268835762745,-0.007233216787790073,0.3994190199386529,0.17476692823768586,-2.1171369133556186,-2.2244649505875587,-0.08482400798821164
3.5333333333333217,-4.406115615381905,-2.0557825221948147,-1.675487187047588,-0.8938736795356386,1.5571677426031223,-1.3116869585391562,-0.0072873469583776326,0.3993743349875667,0.17472191287580385,-2.1200972019403515,-2.221200625957198,-0.08291247549481702
3.541666666666655,-4.406112546171954,-2.05569818735469,-1.67549214584375,-0.8921741716097263,1.5577284854991242,-1.3078808643217303,-0.007369452938206421,0.399477776799374,0.17490901078461552,-2.12295999596895,-2.215777357300601,-0.08321381779596553
3.5499999999999883,-4.406203416057881,-2.0558446503257297,-1.6755268086564858,-0.8933462731141558,1.5586142306678916,-1.3060140218485827,-0.0073751796497570545,0.39937074204035033,0.17473453500262273,-2.1256121490342865,-2.214308385577774,-0.0809463449085616
3.5583333333333216,-4.406208182548978,-2.0558039368622505,-1.675542542797264,-0.8921715826351908,1.5590675390876505,-1.3029019405180968,-0.007433709591996338,0.39943878734891924,0.17485379900024864,-2.1281068517413946,-2.2100312386599166,-0.08101149186965488
3.566666666666655,-4.40629173374715,-2.055952064735694,-1.675582190268717,-0.8934082245620051,1.5597532527951057,-1.3019512376339484,-0.007425018287201728,0.39933115273603287,0.17467168407079214,-2.1298684728180857,-2.2096574894456618,-0.0790179364462138
3.574999999999988,-4.406270886736199,-2.0558461259690213,-1.6755855599896468,-0.8916167820122927,1.5600189926217027,-1.299053169976868,-0.00749314688359078,0.3994480033083587,0.17487637567190922,-2.1317310224336343,-2.205234853319962,-0.07983686095523151
3.5833333333333215,-4.406256652517203,-2.055784058187047,-1.6755997510413858,-0.8902421024005611,1.560198757182054,-1.296748242175465,-0.007542231080573288,0.39953635422148287,0.17502315444554473,-2.1332709317166088,-2.201776835186779,-0.08046549949046035
3.591666666666655,-4.406268044079903,-2.05578912000235,-1.675632823593682,-0.8896651396271619,1.5604664437029818,-1.2950672611402454,-0.0075695383104231375,0.3995644965021162,0.17506540291624312,-2.1346750848546274,-2.1995194061361403,-0.0803843913615102
3.599999999999988,-4.406308074792916,-2.0558465499296337,-1.6756668042994276,-0.889849679485378,1.5608574659611736,-1.294130697446061,-0.007578414470921191,0.3995372274810193,0.17501684479597146,-2.135765553262143,-2.1985362943031728,-0.07960534715320597
3.6083333333333214,-4.406340800792044,-2.0558634101971203,-1.675686454987907,-0.8897552746909676,1.5612491356423732,-1.293386707677954,-0.007597010610029383,0.3995312469746272,0.17501350011563244,-2.136431704492125,-2.197552427705107,-0.07907150453712293
3.6166666666666547,-4.406535702886056,-2.056540140962892,-1.6758342297135342,-0.8964265314863679,1.5618965685628574,-1.294179358773359,-0.0074168224423257255,0.39903259053615003,0.1740991494446816,-2.1402139080751255,-2.202898346067612,-0.0729504250288805
3.624999999999988,-4.406588214745964,-2.056740388528972,-1.6759027636656745,-0.898031444832053,1.5620493281294834,-1.2935428457959337,-0.00736911197209217,0.3989066720954706,0.17385661593513752,-2.1420722665165153,-2.2033240440560022,-0.07138358496539564
3.6333333333333213,-4.40659557355156,-2.056791254222213,-1.6759382195913624,-0.8981560353688538,1.5621016212969194,-1.2925962622419365,-0.007365731231128736,0.39889109018167795,0.17381615583551574,-2.1432210181923694,-2.2024096017345602,-0.07111348493679898
3.6416666666666546,-4.406601214449731,-2.056884204801481,-1.676026732507713,-0.898488098596302,1.5620053143735064,-1.2922543239813389,-0.007343944964582624,0.3988554471448616,0.17372641866514038,-2.1439515308079296,-2.202390698220539,-0.07086355170228716
3.649999999999988,-4.406641174524243,-2.0570089336991324,-1.6760846694300449,-0.8996534795803643,1.562206738347144,-1.292589288011208,-0.007314945975678069,0.39875955972905053,0.1735561969253568,-2.1443981370425442,-2.2035304337218125,-0.0696530235282456
3.6583333333333212,-4.406659551317884,-2.057046702195158,-1.6761226353122896,-0.9000048988528023,1.5624424689804557,-1.2922873837374542,-0.007316144891522297,0.39872256907059567,0.17349920921898607,-2.1449288121540677,-2.203394314473018,-0.06901408088319771
3.6666666666666545,-4.406602389635815,-2.0569428378675227,-1.6761580775609557,-0.8983855441534261,1.562070137493964,-1.2917868333781988,-0.00734357591049105,0.3988381368135453,0.17367805000326736,-2.1444918834376825,-2.201919836383519,-0.07068892840338252
3.674999999999988,-4.406630507322518,-2.057031516679664,-1.6762043888228635,-0.8992109421745356,1.5622079641084845,-1.2920156385731631,-0.007322428747413448,0.39876937803263524,0.17355593913597472,-2.1448226777344903,-2.20272304911808,-0.069834100605394
3.683333333333321,-4.40664555257401,-2.0570532431320725,-1.6762312984463947,-0.8994464110951389,1.5624210841621422,-1.2918831721049735,-0.00732634524837088,0.39874291794776034,0.17351868323747247,-2.14508465826693,-2.2026884505209483,-0.0693360271743372
3.6916666666666544,-4.406550741710858,-2.05681764644726,-1.6762263941306197,-0.8964931506542948,1.5621459841876195,-1.2896067583575692,-0.007407823823321455,0.3989553674078892,0.17388118314422335,-2.1455601104593343,-2.198319369924438,-0.07184527954892657
3.6999999999999877,-4.406555306508214,-2.0568317880126656,-1.676261302152933,-0.8965270419740248,1.5622046296985417,-1.289716421837247,-0.007407883118680591,0.398945405137972,0.17386323288273614,-2.1454772606638786,-2.1984717257201174,-0.0717128570806304
3.708333333333321,-4.406520869351867,-2.0567373479555124,-1.6762733677213244,-0.8952943060879818,1.562133290797681,-1.2889635782429711,-0.007442374372473759,0.39903027147015846,0.1740094423325791,-2.1454607558010736,-2.196856508951767,-0.07269518256938738
3.7166666666666544,-4.406514490367504,-2.056707347804973,-1.6762920433919322,-0.8948507616699336,1.5621530824728316,-1.2890078388583708,-0.007455118277814733,0.3990571370219004,0.1740566691228535,-2.145115376827009,-2.19661162272488,-0.07299075747755357
3.7249999999999877,-4.406506993712407,-2.056670195769578,-1.6763063257377169,-0.894370305209281,1.5621675785826163,-1.289107888102367,-0.007468923457589841,0.3990873813901766,0.17411123039503468,-2.144680041051417,-2.196398671759482,-0.07333063893847404
3.733333333333321,-4.406498098523608,-2.0566276512767665,-1.6763172727692957,-0.8938505287775463,1.5621727429074197,-1.2892205775147785,-0.007483588932645608,0.3991211081461846,0.17417239766736697,-2.144202847555992,-2.196172302534982,-0.0737176713124531
3.7416666666666543,-4.406488591096983,-2.056582842011064,-1.6763257046554314,-0.8933147777824276,1.562172196737045,-1.28933167922789,-0.0074985330227711495,0.39915648953502914,0.1742366062485397,-2.143715798963988,-2.1959328793678607,-0.07412693708835275
3.7499999999999876,-4.406477883024428,-2.056532394874169,-1.6763314620071152,-0.8927354835297739,1.5621729093616623,-1.289426740765076,-0.0075151365858658805,0.39919525404262346,0.17430772820898038,-2.1432120300120134,-2.1956432751223285,-0.07456996894729923
3.758333333333321,-4.406466912131744,-2.05648084780162,-1.676335954676105,-0.8921488073323672,1.562162836731856,-1.2895682220947182,-0.007531223317623225,0.3992349778271355,0.1743803284873514,-2.1426555225996036,-2.195400941454712,-0.07503708546854682
3.766666666666654,-4.4064560202379335,-2.0564296715176305,-1.6763369719008996,-0.8915763624442258,1.5621893341336923,-1.2894756408187418,-0.007550011573563156,0.39927340818428014,0.17445241392669675,-2.14234618468143,-2.1949012786267916,-0.07543315305134296
3.7749999999999875,-4.406448146678736,-2.056387421135954,-1.6763403037109932,-0.8910986990934693,1.5621828526630368,-1.2897296472565605,-0.007562821575125273,0.39930571445191626,0.17451176377521485,-2.141743204080966,-2.1948528698460246,-0.07581942361024263
3.783333333333321,-4.406440327424866,-2.0563474167598583,-1.6763430128942836,-0.8906384887683312,1.5621841247027386,-1.289895226922364,-0.007575871083988115,0.3993367380419508,0.17456882419884906,-2.1412450662316576,-2.1947184352747793,-0.07617667879132968
3.791666666666654,-4.406431350160487,-2.0563084573298043,-1.6763462232995778,-0.8901708753724226,1.5621703331538712,-1.2900396326043937,-0.0075883427996577685,0.3993685535922693,0.1746260615332485,-2.140770263903465,-2.1945623377733083,-0.07655728102818665
3.7999999999999874,-4.406426593217278,-2.056281986455474,-1.676349062510524,-0.8898479485098992,1.5621737315421886,-1.2901980390478822,-0.007597351837525145,0.3993900996196311,0.17466525665244947,-2.140376640358764,-2.1945140178547966,-0.07680527048443349
3.8083333333333207,-4.406422998185525,-2.0562602955326645,-1.6763514728012068,-0.8895782312923062,1.5621797188408704,-1.2903492000193726,-0.007604969550463371,0.39940801447961033,0.17469782725655414,-2.140027101282949,-2.194493181887049,-0.07700893112021183
3.816666666666654,-4.406420551778465,-2.056242675027442,-1.6763534721028932,-0.889355359552365,1.5621897165468674,-1.2904865260071017,-0.00761144925213528,0.39942269705221234,0.17472462376732711,-2.139723843969393,-2.1944877442166866,-0.07717090168038387
3.8249999999999873,-4.406418714600804,-2.0562276014540477,-1.6763550777724467,-0.8891623568058301,1.5622023389092177,-1.2906120482376466,-0.007617265175664769,0.39943533946711035,0.17474779244409364,-2.1394530452872624,-2.194488877758234,-0.07730614784790793
3.8333333333333206,-4.406417451035846,-2.056214713759178,-1.6763562901991604,-0.8889961679174134,1.5622188789830156,-1.2907238088323216,-0.007622598500991689,0.3994461185266066,0.17476775155992502,-2.1392141888897416,-2.1944919426687006,-0.07741518941197652
3.841666666666654,-4.40641671822376,-2.056203704590581,-1.676357094174413,-0.8888540211474649,1.5622395218519802,-1.290823193756694,-0.0076275415947703925,0.3994552218750885,0.17478487797299874,-2.1390037321122146,-2.194496441789274,-0.07750002493452984
3.849999999999987,-4.406416573558826,-2.05619414717435,-1.6763571747455432,-0.8887364020603408,1.562258256620449,-1.2909598636071289,-0.007631606850857739,0.39946281327633315,0.17479937857932554,-2.138770051328821,-2.194557702819511,-0.07757194905650842
3.8583333333333205,-4.406417369637706,-2.056187321641446,-1.6763570114062871,-0.8886541386739429,1.562284782592413,-1.291091716921949,-0.007635151673052985,0.39946783568167066,0.1748096250308205,-2.1385634177429678,-2.194635197846681,-0.07760644501830802
3.866666666666654,-4.406419017757057,-2.056182053974987,-1.6763540793320102,-0.8885956148094624,1.5623631444898107,-1.290912038698671,-0.007642048730244115,0.3994704606853757,0.1748177907223432,-2.13868995325693,-2.1943742156910604,-0.07753617199964531
3.874999999999987,-4.406422715169232,-2.0561807884005487,-1.6763528061205044,-0.8885920059556827,1.562417472270742,-1.291044665368756,-0.007644960719574049,0.3994696120464518,0.1748189153251239,-2.13852757333228,-2.194496006642673,-0.07747461889201773
3.8833333333333204,-4.406425976641425,-2.0561775890331018,-1.6763505977608604,-0.8885714554538671,1.5624833760867642,-1.291113236981597,-0.0076493684631347815,0.39946979650862974,0.1748225918755782,-2.1384174579028525,-2.1945327466025986,-0.07740743050559729
3.8916666666666537,-4.406429590315135,-2.056173952904801,-1.6763471446206777,-0.8885594252086075,1.5625464600464456,-1.2912162000225422,-0.00765329507955453,0.3994696726638493,0.17482598583396552,-2.1382758258276526,-2.1946116455442963,-0.07734133734658091
3.899999999999987,-4.406433266551939,-2.056169905785992,-1.6763429426296697,-0.8885494811403518,1.5626137786622034,-1.2913062780825362,-0.007657521707829315,0.39946942682436754,0.1748295437814077,-2.1381472489623126,-2.1946759491264807,-0.07726807814127727
3.9083333333333203,-4.40643699705767,-2.0561655091661377,-1.6763380935259171,-0.8885415630819352,1.5626848823056,-1.2913844172974809,-0.007662012399836043,0.3994690568837497,0.17483322065872348,-2.138030921122448,-2.1947268820070027,-0.077188247227466
3.9166666666666536,-4.406440790558623,-2.0561609817985547,-1.6763327175844698,-0.8885374802347195,1.5627564689459077,-1.2914670660704686,-0.007666460076720911,0.39946849960228686,0.174836735152622,-2.137911589287429,-2.1947845678758395,-0.07710580294287665
3.924999999999987,-4.40644472640185,-2.0561566867678187,-1.6763248769157513,-0.8885360386716229,1.5628708700341556,-1.2912572034691074,-0.007674281085541934,0.3994671615802178,0.17484055345793087,-2.1380935604891556,-2.194513349767101,-0.07694744612802905
3.9333333333333202,-4.406447050254816,-2.056146845699639,-1.6763175270297244,-0.8884713768266327,1.5629417562367949,-1.291258011472776,-0.0076806847341660215,0.3994711173841115,0.17485223976902364,-2.1380190175833054,-2.1944399192499704,-0.07690875495025999
3.9416666666666536,-4.406447960725043,-2.056134652890754,-1.6763107380941784,-0.888369559418139,1.562994823511958,-1.2912635294513368,-0.007687037434933602,0.39947795874368996,0.1748681245418643,-2.1379198966506814,-2.194352590334213,-0.07692190721662459
3.949999999999987,-4.406449758873419,-2.0561278673777306,-1.676306219049771,-0.888318638980546,1.5630501157077252,-1.2912953102434517,-0.007691984246776769,0.39948087365225327,0.17487661757282344,-2.1378290723092155,-2.194330212653118,-0.07689244876304878
3.95833333333332,-4.4064510515302056,-2.056121417948294,-1.6763023450618817,-0.8882678684581172,1.5630989749873114,-1.2913286306973129,-0.007696591967725687,0.39948382102632246,0.1748847986095528,-2.1377390171602473,-2.1943124793359683,-0.07687101466317185
3.9666666666666535,-4.406451967685891,-2.056115465117545,-1.676299076430114,-0.8882195388119711,1.5631424630190818,-1.2913648892878484,-0.007700844547565937,0.3994866254834299,0.1748924041769703,-2.1376494881746972,-2.194302053310706,-0.07685455427581213
3.9749999999999868,-4.406451572541172,-2.0561071332923864,-1.6762957923170083,-0.8881407950990642,1.5631696281410703,-1.2914126444623304,-0.007705005628891584,0.3994919101091934,0.1749037495503008,-2.137531457836432,-2.1942885637837217,-0.07688399671601615
3.98333333333332,-4.406452336021493,-2.056103523783103,-1.676293823532145,-0.8881121724474512,1.5632009066949677,-1.2914707035400974,-0.0077078685428410235,0.39949344055346625,0.17490829199975194,-2.137437098557625,-2.1943203329561594,-0.07686902540606065
3.9916666666666534,-4.406444881126594,-2.0560784278410926,-1.6762770262596636,-0.888052392455595,1.5631547357990496,-1.291681832791018,-0.007709367436517052,0.39950125407436987,0.1749279980422765,-2.1371537659699924,-2.1945037450950244,-0.077015572782895
3.9999999999999867,-4.406437721472133,-2.056051218595775,-1.6762597050077144,-0.8879698007485617,1.563122140838639,-1.2918755577933636,-0.007712330626508259,0.39951038733404987,0.1749507583978278,-2.1368688777771196,-2.1946478287882436,-0.07716054975505675
4.0083333333333195,-4.406432440929491,-2.056027130872472,-1.6762427295194162,-0.8879221268837781,1.563107553353867,-1.2920950593943594,-0.007715175832441066,0.39951664162101436,0.17496898821537088,-2.1365756985322175,-2.1948379780005562,-0.07725569805777198
4.016666666666653,-4.406427205671059,-2.0560007868433545,-1.6762248523630436,-0.8878538774311645,1.5631030319148025,-1.292286134073673,-0.0077192821839459375,0.3995242088720069,0.17499022431637865,-2.1362949200984507,-2.194979144284176,-0.07735217404319765
4.024999999999986,-4.4064219472722135,-2.0559725992879425,-1.6762064604589506,-0.8877661070257222,1.5631056800252927,-1.2924529655358958,-0.0077244075839851805,0.3995330230578881,0.17501410894287084,-2.136024140727027,-2.195077916167969,-0.07745286181856746
4.03333333333332,-4.406416841243781,-2.0559435689176917,-1.676187891126394,-0.8876677376935278,1.5631147000206982,-1.2926014095190477,-0.007730208832612077,0.39954243786939564,0.17503934290067757,-2.135763902355786,-2.1951473306217677,-0.07755198642588827
4.041666666666653,-4.4064118455037935,-2.0559140120662165,-1.676169271087686,-0.8875610148867082,1.563128745996842,-1.2927313617985736,-0.007736542520899713,0.3995523116843845,0.17506556412799512,-2.1355164262842403,-2.1951894241518692,-0.0776494743710357
4.0499999999999865,-4.406407054279981,-2.055884532173427,-1.676150824413009,-0.8874512306349864,1.5631457631824504,-1.2928542988157503,-0.007743084244386602,0.3995622961300973,0.17509199253692614,-2.1352739548170354,-2.1952210645313093,-0.07774450786479134
4.058333333333319,-4.406402521289394,-2.055855534883245,-1.6761326961847576,-0.887342320191307,1.563164080487638,-1.2929774817464867,-0.007749589138982828,0.3995721387931882,0.17511807026791332,-2.13503208737171,-2.1952534249722904,-0.07783664294306619
4.066666666666653,-4.406396876984592,-2.0558236547155166,-1.6761142031242593,-0.8871964204119962,1.5631701918112466,-1.2931248266603572,-0.00775640493726153,0.39958486943045046,0.17514878643766957,-2.134742190470542,-2.1952902897654933,-0.07797512011016926
4.074999999999986,-4.406391598265629,-2.0557940459620005,-1.676096853908079,-0.8870635150030027,1.563173837499295,-1.2932624426977375,-0.007762542616275848,0.399596588631306,0.17517712414320558,-2.134474319748365,-2.195327488037658,-0.07810484826738685
4.08333333333332,-4.406386761163164,-2.055766828871634,-1.6760806096496703,-0.8869460010094937,1.5631742092340395,-1.2934026520251614,-0.007767858882076261,0.3996071594428565,0.1752028255691685,-2.134217069587575,-2.1953801272009534,-0.07822593223307557
4.091666666666653,-4.406347240227717,-2.0557571505390397,-1.6760907788585309,-0.8870751965549039,1.562416444474782,-1.29461159544932,-0.007720941845710686,0.3996143631525473,0.17519231998545182,-2.133217388542564,-2.1970174155500395,-0.07923570946549609
4.099999999999986,-4.406312934184431,-2.055753554510973,-1.676100913921103,-0.8872337144752698,1.5617499530386725,-1.2956165841932874,-0.007678463971878598,0.39961744302893176,0.17517675674222782,-2.1324325694653976,-2.1984269340196922,-0.08008395370803512
4.108333333333319,-4.406282080367918,-2.0557517210717537,-1.6761105454458056,-0.8873819588091477,1.5611535542555686,-1.2964665374206945,-0.007640349752751829,0.399619674584868,0.17516158788609043,-2.1317880353570184,-2.1996404203364444,-0.0808337618133714
4.116666666666653,-4.4062545736391865,-2.055751705440226,-1.6761198195161089,-0.8875246195079498,1.5606228461426204,-1.2971617405831386,-0.007606185446524422,0.39962081093117635,0.17514631173711337,-2.131288229044363,-2.2006626519238655,-0.08148783117413208
4.124999999999986,-4.4062305026243225,-2.0557450628108933,-1.6761235794380465,-0.8876088842510759,1.5601880853082075,-1.2975922911702369,-0.007579710856686827,0.39962457448571115,0.17514041072393943,-2.1310005944251564,-2.2013231328623766,-0.0820455428340798
4.1333333333333195,-4.406208401148359,-2.055737306783908,-1.676126575187061,-0.8876688482306386,1.5597907858519888,-1.29796558466114,-0.007555950903135382,0.3996292522398535,0.17513737448760341,-2.1307474364088863,-2.2018925239380596,-0.08256746961031382
4.141666666666652,-4.406189822444147,-2.0557332286896908,-1.67612982842743,-0.8877509256025131,1.5594533875816403,-1.2981783487594896,-0.007534982007576619,0.3996309642361647,0.1751307694720562,-2.1306667608374745,-2.2022853373361833,-0.08298023361779856
4.149999999999986,-4.406173332071932,-2.055729548755221,-1.6761324998255294,-0.8878268663159641,1.5591554200094715,-1.2983080698925222,-0.0075164310269885334,0.3996322677507482,0.17512470908934527,-2.130660345162187,-2.2025713843418195,-0.08333907389867014
4.158333333333319,-4.406158658641823,-2.055725906902903,-1.6761345553255476,-0.8878947627658277,1.5588908589371495,-1.2983755681064255,-0.007499977725023825,0.39963344128853256,0.17511951997858602,-2.1307060860749423,-2.2027735943657873,-0.08365504156161256
4.166666666666653,-4.406145671945981,-2.055722453084349,-1.6761360395470577,-0.8879566317158597,1.5586622964091548,-1.298356387703126,-0.007485830354545062,0.3996342737367324,0.1751149411130882,-2.1308308023833593,-2.202866329307915,-0.08392162031518025
4.174999999999986,-4.406179984326011,-2.055742867629692,-1.676136322525395,-0.887924311646616,1.5592663596718042,-1.2972902240929485,-0.0075201464454791676,0.3996223392885206,0.17510944847549553,-2.1318017349833793,-2.2015063020790855,-0.08304771268426085
4.183333333333319,-4.40621164772672,-2.0557633850251547,-1.6761369128437384,-0.8879160696568327,1.5598030075711782,-1.2964327756089544,-0.007549703834561424,0.3996102985272939,0.1751016949307206,-2.1325823356819495,-2.200409097085757,-0.08226009269476152
4.191666666666652,-4.406240410740971,-2.055782360040973,-1.6761372614926608,-0.8879143287601775,1.5602774471496896,-1.2957616581242266,-0.007575420257400736,0.39959932012258903,0.17509407272427716,-2.133182742566476,-2.1995365079461777,-0.08156443776810368
4.199999999999986,-4.406266494009468,-2.055798924266687,-1.676137241200486,-0.8879100078145714,1.5607001329594117,-1.2952459874502809,-0.007598226992980073,0.39958979045372073,0.17508777372099343,-2.1336268340262357,-2.198845529441851,-0.08095191016407102
4.208333333333319,-4.406290392163799,-2.055814402442184,-1.6761371631613344,-0.8879148893635568,1.5610791304962983,-1.294855756793929,-0.007618286003578176,0.3995806595136199,0.17508110396672438,-2.1339531945538965,-2.1983097163535676,-0.08040038909839754
4.216666666666653,-4.406312456332301,-2.055829722148206,-1.6761370970361955,-0.887935610704709,1.561420732792687,-1.2945452034452694,-0.007635803632303912,0.3995713165784482,0.17507306603174588,-2.134214300127709,-2.197882358109666,-0.07989327289456255
4.224999999999985,-4.40633267479423,-2.0558441873748428,-1.6761369018349048,-0.8879626391669972,1.5617296633768136,-1.2942829581542197,-0.0076513683974904784,0.39956232524239244,0.1750648404315515,-2.134435994022372,-2.1975214433968655,-0.07942959480003345
4.233333333333319,-4.406347915720455,-2.055851050956205,-1.6761366568193004,-0.8879003406315605,1.5620033563797011,-1.2939407204980438,-0.007668102093864694,0.39956027880803363,0.17506784197053019,-2.1346909268690575,-2.197025348324612,-0.07907707283439641
4.241666666666652,-4.406362235899538,-2.055860130247987,-1.6761374947063212,-0.8878633226036774,1.5622499362241482,-1.2936155505665017,-0.007682477387964488,0.3995569670599818,0.1750673875626817,-2.1349537216001773,-2.196574501984683,-0.07874221107651372
4.249999999999986,-4.406375497416004,-2.055870692928749,-1.6761390984269646,-0.8878464899285081,1.562473642797294,-1.2932934322717946,-0.00769500702808984,0.39955268460672,0.175064310305309,-2.1352340789782818,-2.196148708582727,-0.07842273873952879
4.258333333333319,-4.406387672964645,-2.055881797171177,-1.67614118450871,-0.8878414624695776,1.5626769347990306,-1.29298825384869,-0.007706089841382781,0.39954799052743417,0.17505982034861353,-2.1355101197898443,-2.1957561640564633,-0.07812291953322949
4.266666666666652,-4.406389589429668,-2.0558695338493878,-1.6761275948719825,-0.887800307802094,1.5627739866003605,-1.292833338637447,-0.007714520130252703,0.39955072910284645,0.17507193133827365,-2.1356033935281675,-2.195516861383073,-0.07802890639422477
4.274999999999986,-4.406390558215816,-2.055854387358406,-1.6761137971954605,-0.8877308612217433,1.56287054304073,-1.2926481594464287,-0.007723909786161541,0.39955543325293646,0.17508782385916527,-2.135708943639998,-2.1952255098539557,-0.07795575736604712
4.283333333333319,-4.406391027441837,-2.0558377380578032,-1.6760998846851372,-0.8876467211546459,1.5629649626346411,-1.292459318084769,-0.007733653879567497,0.39956120459936384,0.17510568651481523,-2.1358084638909682,-2.1949207150959715,-0.07789671032884914
4.291666666666653,-4.406391247464413,-2.0558205671128755,-1.6760861036065846,-0.8875567602628713,1.5630560825182724,-1.292278310012263,-0.007743357196999758,0.3995674268394404,0.1751242564122778,-2.1358965072049774,-2.1946215461430905,-0.07784694288713358
4.299999999999986,-4.406393964397657,-2.055807652061781,-1.6760725434969317,-0.8875324515957115,1.5631371405068126,-1.292279564124878,-0.0077498374530497,0.3995693597940009,0.17513506473467821,-2.1358376028633153,-2.194565657184579,-0.07777268163957719
4.308333333333319,-4.406396386903436,-2.0557925897011486,-1.6760580535208534,-0.8874992637057785,1.5632186173205156,-1.2923014051968584,-0.0077567036655897,0.39957202597443764,0.17514776969418955,-2.1357485231150983,-2.1945245560889357,-0.07770749835806999
4.316666666666652,-4.406398244440168,-2.0557749673459176,-1.676042759125289,-0.8874493902304516,1.5632996835933128,-1.2923244894309616,-0.0077641620039403504,0.3995759591919306,0.17516321917930597,-2.1356451260556955,-2.1944725135839858,-0.07765702942185156
4.324999999999986,-4.406399300960342,-2.055754875791338,-1.6760269944220156,-0.8873775804734912,1.563375493857024,-1.2923452605135408,-0.007772025838384568,0.3995815856160137,0.17518177777859462,-2.1355297171644616,-2.1944040783343177,-0.07763102866716036
4.333333333333319,-4.406400037522983,-2.0557334930864943,-1.6760109338909073,-0.8872979097064433,1.563450080902966,-1.2923687089768034,-0.007780103876660805,0.3995878154988971,0.17520164132192445,-2.135405604791481,-2.1943330909942262,-0.07761348900560697
4.341666666666653,-4.406400261857477,-2.0557108395132624,-1.6759947367498098,-0.8872073426417932,1.5635203887307785,-1.2923939442403465,-0.007788292337767516,0.39959490644703666,0.17522304224682683,-2.135272851105585,-2.1942577465577817,-0.07761050872181252
4.349999999999985,-4.406397021514884,-2.0556821807927834,-1.6759784362858394,-0.8870317723392164,1.5635924631898293,-1.2922708208475058,-0.0077998499898106755,0.39960777249684637,0.17525464828453258,-2.1352391423568573,-2.1939656266396064,-0.07765994273223813
4.358333333333319,-4.4063890738017175,-2.0556426107468195,-1.6759625408205885,-0.8867248085461421,1.563540552559805,-1.292740875702047,-0.007806412873066883,0.3996325437874174,0.17530258022967932,-2.1345152893554222,-2.1942626394605758,-0.07801381868735126
4.366666666666652,-4.406382855329573,-2.055610345423769,-1.6759491238419817,-0.8864838008605783,1.563473813687138,-1.2932755098854196,-0.007809570857281382,0.399652768546565,0.17534094769319802,-2.133776075800944,-2.194680672423806,-0.07833877069166949
4.374999999999986,-4.406346203348205,-2.055611777340391,-1.675965047314348,-0.886701838653958,1.5625079170474927,-1.2958980496202266,-0.0077430322964142356,0.39965809254461154,0.1753165088918755,-2.131391553051185,-2.197969817149332,-0.07964397217573414
4.383333333333319,-4.406315657882135,-2.0556287164522384,-1.675981709802623,-0.8870085334569336,1.5618205110350685,-1.2970414657877811,-0.007693905787462068,0.39965059694062294,0.1752775846543032,-2.130577018944098,-2.1996440967719453,-0.08040542981830726
4.391666666666652,-4.406288613050583,-2.0556467959648126,-1.6759977117945477,-0.8873040891024802,1.561204914390489,-1.298071094278806,-0.007649278253981941,0.39964227857202056,0.1752394239002436,-2.1298561692899947,-2.2011657249445205,-0.08106946209404742
4.399999999999985,-4.406264897797732,-2.0556655853632235,-1.6760129826060963,-0.8875909052764779,1.56065475210558,-1.2989959496904866,-0.007608668461677523,0.39963312891073444,0.17520198220935063,-2.129222781076085,-2.2025475313078995,-0.08164408259776186
4.408333333333319,-4.4062471108177,-2.055676994172724,-1.6760195819351495,-0.8878615932842887,1.5602112681733815,-1.2997737170611026,-0.007574827393753031,0.39962394869474993,0.17517114170923456,-2.1286966795788946,-2.203714662607969,-0.08208761421546804
4.416666666666652,-4.406229635592756,-2.055681843104589,-1.6760236564679505,-0.8880730876731471,1.559808023656699,-1.300431775795552,-0.007545416476746754,0.3996182481510571,0.17514896145507142,-2.128243627851667,-2.2046967814202474,-0.08251736513068458
4.424999999999986,-4.406212602417892,-2.055681296658533,-1.676025699850921,-0.8882332325115083,1.559442669385423,-1.3009745016948917,-0.0075200070273915495,0.3996154744152011,0.1751341308720873,-2.127865984338276,-2.2055052434915376,-0.08293024682619897
4.4333333333333185,-4.406194939944441,-2.0556736527689705,-1.6760254762241276,-0.8883202391673048,1.5591028249014955,-1.3014273222823618,-0.007498546734352502,0.39961746269256027,0.17512938856358573,-2.1275249237387404,-2.2061564626585017,-0.08336145704978092
4.441666666666652,-4.406185164537511,-2.0556686910856703,-1.6760239771296204,-0.888372557973247,1.5589104803755474,-1.3015898125073029,-0.007486319022779969,0.3996186110710484,0.17512703809948238,-2.127434528287202,-2.2064240140549565,-0.08359923634399487
4.449999999999985,-4.406177148250514,-2.055661666338061,-1.676019391638097,-0.8884306257441559,1.558724823263952,-1.3018460319981726,-0.007473947433984638,0.3996197243627853,0.17512577545605787,-2.127242311320677,-2.2067897719207044,-0.08383307587462403
4.458333333333319,-4.406171834097886,-2.0556569376194567,-1.67601546579013,-0.8884909885760522,1.5585972039589453,-1.3019786431684832,-0.007464956222693201,0.3996191985110156,0.17512318761384857,-2.127169799604898,-2.207006821616922,-0.08397725151056006
4.466666666666652,-4.406209613894085,-2.055664094454369,-1.6760036737067598,-0.8883494268659049,1.5593637294827758,-1.3002568633473135,-0.007513611438196788,0.39961289036860137,0.17513598586830081,-2.1287168881358167,-2.2048028878852923,-0.08294063101036821
4.474999999999985,-4.406246462179177,-2.055678472066014,-1.6759959249786838,-0.8883046640419546,1.5600223474954948,-1.2989902830440463,-0.007551876326342903,0.39960184777685975,0.17513611113589128,-2.129873057473591,-2.203191836779515,-0.08200013159952003
4.483333333333318,-4.406268402868402,-2.05566371939868,-1.675971965951339,-0.888200001183975,1.5604854881034702,-1.29823475162444,-0.0075828943892501475,0.3996020361322007,0.17515751677058666,-2.130462512705558,-2.202133449175322,-0.0814286618508084
4.491666666666652,-4.4062871030013655,-2.0556461282819383,-1.6759490615709072,-0.8880664920027963,1.5609384436749778,-1.297353115142745,-0.007614969994364289,0.3996042176029909,0.17518242344156754,-2.1311691543110833,-2.2009246800747753,-0.08088470117244581
4.499999999999985,-4.406306394205748,-2.0556323914056502,-1.6759275195841483,-0.8879909925958244,1.561352886501446,-1.2966443758763957,-0.00764246094368938,0.3996031115333002,0.17520016342912254,-2.131741616233931,-2.199954050285374,-0.0803584729976301
4.508333333333319,-4.40632102649579,-2.0556118946538025,-1.6759060021262842,-0.8878375796094421,1.5617456020596676,-1.295827014849063,-0.007671795182751498,0.39960781753491875,0.17522773290573856,-2.132381312354098,-2.1988213789217608,-0.07991448222065599
4.5166666666666515,-4.406334800961633,-2.05559422139408,-1.6758863765588965,-0.8877072079660955,1.5621116642058714,-1.29503593510102,-0.0076987881345569106,0.3996112682599446,0.17525161018286992,-2.133017842903403,-2.19774324765161,-0.07948834479284114
4.524999999999985,-4.406350618961454,-2.055584397581261,-1.675868834952872,-0.8876759037101458,1.5624456117015024,-1.2944455134919135,-0.007720192979050707,0.39960836391757193,0.17526277623162342,-2.133518382178878,-2.196959814278655,-0.07904103310013634
4.533333333333318,-4.406357774603358,-2.0555578336033125,-1.6758497549368363,-0.8874547244555449,1.5626531102650103,-1.2943688824102697,-0.007739362275132982,0.39962173471872575,0.17529845374814218,-2.1333692306291403,-2.196640979356853,-0.07894278471363295
4.541666666666652,-4.406365528523694,-2.055533892316016,-1.6758322656457665,-0.8872679696340057,1.5628063768722646,-1.2945668738213896,-0.007753217700858182,0.3996337914073634,0.17532955128658634,-2.132967110002878,-2.196658711484219,-0.07890778357121885
4.549999999999985,-4.406372917000218,-2.0555098859231022,-1.6758156471723689,-0.8870880140303533,1.562913710443845,-1.2949804510136027,-0.0077634280597346905,0.3996463333673456,0.17535984402304228,-2.13235255524261,-2.196927531562678,-0.078943085802647
4.5583333333333185,-4.40638319000784,-2.0554977443971807,-1.6757991792141869,-0.8870833844523619,1.5630133914800817,-1.295272375417907,-0.007768078504592758,0.39964702927127216,0.17536930919179117,-2.131991910147346,-2.1971850116772544,-0.07884955986501764
4.566666666666651,-4.406336711708249,-2.0554777373073163,-1.6758058547147072,-0.887178364097024,1.5619444220724754,-1.2981423015811129,-0.007700523450779076,0.3996646501460855,0.1753671029353158,-2.1292667570261203,-2.200678836235471,-0.08041605371274074
4.574999999999985,-4.406503993304534,-2.056090271704878,-1.6758963360863064,-0.8932034593295707,1.5622733549735832,-1.2989129677148827,-0.0075243919418113165,0.399230446825686,0.17455100028501017,-2.1326658546866333,-2.2056205681426446,-0.07525744206686681
4.583333333333318,-4.406589040541615,-2.05640631528916,-1.6759561192115404,-0.8964945772887537,1.5622429728569582,-1.29970775597686,-0.007413085798770463,0.39899433276340224,0.1741110819310626,-2.134174402421174,-2.2087805021281564,-0.0727393635371687
4.591666666666652,-4.406630850703894,-2.056600230747254,-1.6759938123722304,-0.8986368089000056,1.5620519004423126,-1.3002818706429964,-0.007332466857042198,0.3988440750099503,0.17383023251020793,-2.135129511428586,-2.2109516233774578,-0.07133979560322008
4.5999999999999845,-4.406653801251199,-2.056740002984208,-1.6760313549878447,-0.9000698597799466,1.5616274694060126,-1.3019886899639357,-0.007256632327111416,0.39874846375188644,0.1736356555908167,-2.1344365670849452,-2.2139395362639274,-0.0708562233507947
4.608333333333318,-4.406676458757048,-2.0568339552660637,-1.6760446038967964,-0.901180808157116,1.5613597330080968,-1.3032314819236972,-0.0072014751706209,0.39867534145259037,0.17349467431597687,-2.1339491852168635,-2.216127342574998,-0.07041246913157306
4.616666666666651,-4.406737983213365,-2.056958079105565,-1.6760591243619318,-0.902355223129194,1.5617176105806705,-1.3037770787627607,-0.007178345692414681,0.3985828172507689,0.17333565387366795,-2.1341029302004575,-2.217405252552062,-0.06901400378282506
4.624999999999985,-4.406792022114229,-2.057039245931952,-1.6760560052166271,-0.9032330320908142,1.5620982309239793,-1.3041915367700865,-0.007167402562520413,0.39851318373195266,0.17322499114288176,-2.134163375034691,-2.218309807047629,-0.06783262644012397
4.633333333333318,-4.406839497053675,-2.057106367761376,-1.6760517577151215,-0.9039841038801614,1.5624859961024975,-1.3042091239453728,-0.0071624598615026595,0.3984522654374385,0.1731316393058972,-2.134560899608719,-2.2186969235680927,-0.06672309715121681
4.6416666666666515,-4.406879836860611,-2.0571560810688863,-1.6760454877351676,-0.9045637539672772,1.5628316923287953,-1.304208288925274,-0.007160950925086132,0.39840460700030184,0.17306120624207405,-2.1348681376527736,-2.218959251435807,-0.06580643030725926
4.649999999999984,-4.406914803382816,-2.05719456367478,-1.6760384354640636,-0.9050299012820328,1.5631405947808996,-1.304193140259,-0.00716124774830911,0.398365856176184,0.17300568427514681,-2.13512087241546,-2.2191404884619392,-0.06502896213588623
4.658333333333318,-4.406945454683038,-2.0572252211802677,-1.6760312307326226,-0.9054145352005336,1.5634167251861162,-1.304167540742205,-0.007162506362464265,0.39833359029397963,0.17296066836591567,-2.135336784689802,-2.219266055401747,-0.06435965438047857
4.666666666666651,-4.406969887249728,-2.057243483964569,-1.676022093313437,-0.905656473318346,1.5636437712995963,-1.3042721085828584,-0.0071656752923091975,0.3983128454968439,0.1729339561935599,-2.1353238328665984,-2.219451167833793,-0.06387598759162381
4.674999999999985,-4.406994472939304,-2.057263992406632,-1.676015523107922,-0.9059375039149752,1.5638633510795483,-1.3042733136693283,-0.007167176609433341,0.3982890363414822,0.1729021492366199,-2.1354539742500975,-2.219554701706988,-0.06336591391972016
4.683333333333318,-4.4070133590326686,-2.057274589286647,-1.6760069134282016,-0.906099535930954,1.5640544643611294,-1.304287184116336,-0.007171479165631747,0.3982746225228694,0.17288554109510734,-2.1354933445489213,-2.219601249549201,-0.0629891875817675
4.691666666666651,-4.407030186426504,-2.0572829666225614,-1.6759988640570649,-0.9062358827443596,1.5642352389184808,-1.3042301124294886,-0.007176329708810716,0.3982621462648566,0.17287198066411907,-2.135595010513594,-2.2195584308963157,-0.06264276683280351
4.699999999999984,-4.407046108585384,-2.0572913892249387,-1.675991596203617,-0.9063757617873992,1.564406302095839,-1.3041555123592026,-0.007180656411333624,0.3982495023898166,0.17285788086458387,-2.1357209985024714,-2.2195031534216834,-0.06230554663643159
4.708333333333318,-4.407060809897585,-2.0572986903510304,-1.675984587616096,-0.90650736764638,1.564566337897466,-1.3040695360528896,-0.00718477316843049,0.39823764434031206,0.1728449028261967,-2.135856373942371,-2.2194340628366005,-0.06198931768589784
4.716666666666651,-4.407078511076951,-2.0573009764217938,-1.6759724908356377,-0.9066149237796656,1.564791601026604,-1.3038785289144288,-0.007193602457887822,0.39822677817193947,0.1728373654297627,-2.1360662098367613,-2.2192073789108853,-0.06160409575792231
4.7249999999999845,-4.407093295623689,-2.057296380010128,-1.6759594419182882,-0.9066573791451426,1.5649977019836,-1.303712109770207,-0.007203586089740284,0.39822108874458073,0.17283865375366705,-2.1362076817951405,-2.2189687044554263,-0.061298527969488335
4.733333333333317,-4.407106413405334,-2.057289257825987,-1.6759464082294824,-0.9066736832372696,1.5651895007793897,-1.303547892919251,-0.007213692902347771,0.3982175688834805,0.1728432940806095,-2.136332255778534,-2.218719748510311,-0.06103309793774367
4.741666666666651,-4.407118250145012,-2.057280710770294,-1.6759335981261572,-0.9066743056483864,1.5653688059986703,-1.3033886274568145,-0.007223667657225718,0.39821540628137814,0.17284985525031638,-2.136443958314905,-2.21847018020191,-0.060797002450347526
4.749999999999984,-4.407128995762594,-2.057271460988165,-1.6759211881711047,-0.906665353940162,1.5655361122031348,-1.3032348828221534,-0.007233328929588171,0.3982141319286967,0.1728574572475188,-2.136546516844984,-2.2182248040040258,-0.06058455479694248
4.758333333333318,-4.407138821051315,-2.0572619120072613,-1.6759092531452109,-0.9066499205537928,1.5656919547734034,-1.30308815181327,-0.0072425784908689735,0.39821350532823396,0.17286564362823115,-2.1366404977468503,-2.217987209498256,-0.060392531986796776
4.766666666666651,-4.407147814239375,-2.0572521759217963,-1.6758977823989245,-0.906629135588811,1.565837018932933,-1.302949198852032,-0.007251410396183147,0.3982134330453841,0.17287427084891244,-2.1367256804419776,-2.2177587306914908,-0.06021915458078629
4.774999999999984,-4.407156028426052,-2.0572423440592624,-1.6758867756835825,-0.9066038425751318,1.5659719862490311,-1.302817210610872,-0.00725983817527143,0.398213839783015,0.17288322666303066,-2.136803352870409,-2.217538840437245,-0.06006278560750264
4.783333333333317,-4.407163522069846,-2.05723233636867,-1.675876171438998,-0.9065737221654572,1.5660976093206165,-1.3026937912476166,-0.007267907658642501,0.39821474020584147,0.17289258665455481,-2.1368712743177762,-2.217328700004556,-0.059922812218054844
4.791666666666651,-4.407170341720272,-2.057222202889093,-1.6758659556586242,-0.9065393388970496,1.566214517461635,-1.3025784955496855,-0.007275637779377684,0.39821608206896686,0.17290228357372056,-2.1369301345939298,-2.2171279861877773,-0.05979792679982255
4.799999999999984,-4.4071765304771935,-2.0572119012750743,-1.675856082733654,-0.9065005861818808,1.5663233222109505,-1.302471869669119,-0.007283063943468863,0.39821786586597624,0.1729123551065399,-2.1369790493165315,-2.2169369438940567,-0.059687465832350836
4.808333333333318,-4.407181396604927,-2.0572039396480424,-1.6758479965859816,-0.9064743024653956,1.5664145450033005,-1.302357514204498,-0.007289270765236102,0.3982188900872647,0.17291992547537333,-2.1370513919317076,-2.216754680649443,-0.059588541227076845
4.81666666666665,-4.407185649474835,-2.0571957076026024,-1.675840180161276,-0.9064424804824088,1.5664984279413097,-1.3022506901294515,-0.0072952564329435855,0.39822043330714296,0.17292803471169466,-2.1371139626046687,-2.2165797493627277,-0.05950391653880974
4.824999999999984,-4.407189399561038,-2.057187199265614,-1.6758325776808989,-0.9064059168095712,1.5665765053725675,-1.3021519140216395,-0.00730108195502692,0.3982224114243613,0.17293662683057057,-2.1371662305255374,-2.2164126272034332,-0.05943100493379929
4.833333333333317,-4.407192690091149,-2.05717831779955,-1.6758251225047194,-0.9063641381806944,1.5666495973547443,-1.3020610731194855,-0.0073068081699334455,0.39822484898979743,0.17294579947440664,-2.1372076856042046,-2.216252501820615,-0.05936914566318896
4.841666666666651,-4.4071957073396,-2.057169127192484,-1.675817606613,-0.9063202962681096,1.5667203659236006,-1.3019570154910212,-0.007312509936785051,0.39822749487065856,0.1729552959458796,-2.137262618970729,-2.2160774707435853,-0.059311539645217064
4.849999999999984,-4.407198078779289,-2.05715890955986,-1.6758101851802665,-0.9062637876417818,1.566785439768029,-1.3018758375823332,-0.007318298981395341,0.3982311489792959,0.17296631603590615,-2.1372853781236114,-2.21592074677866,-0.05927253346844991
4.858333333333317,-4.407200342905809,-2.057148938246079,-1.675802810812883,-0.90621037146662,1.5668481891149038,-1.3017853009035127,-0.007323877691831744,0.3982346326467373,0.17297694916484974,-2.137321166471543,-2.2157568660059015,-0.05923378670069491
4.86666666666665,-4.407202110526626,-2.057137995850618,-1.6757955315196391,-0.906146612889958,1.5669066810178889,-1.301688483731634,-0.007329544050597903,0.3982389237720121,0.17298887224370385,-2.1373578447726302,-2.215580712050117,-0.0592085652981447
4.874999999999984,-4.407203154204754,-2.0571258479847065,-1.6757884152151383,-0.9060671148097924,1.5669588969448154,-1.301619526550482,-0.007335347719956145,0.3982444409927643,0.17300264920504327,-2.137355051058385,-2.2154264533659855,-0.05920526147069668
4.883333333333317,-4.407203861804754,-2.057113199271356,-1.675781326206955,-0.9059812309807074,1.5670079619800896,-1.3015545401869284,-0.007341178691933713,0.39825047643990874,0.17301719410403427,-2.1373444006679723,-2.2152733355208754,-0.05921134446045377
4.891666666666651,-4.40720447654223,-2.057100519845044,-1.675774274073071,-0.9058950254466794,1.567052257057778,-1.301512742160756,-0.007346678607558763,0.39825664311120523,0.17303177267679715,-2.1373097405449095,-2.2151465694658037,-0.059225259306989714
4.8999999999999835,-4.40720431793144,-2.057085915319335,-1.6757669863793052,-0.90578735513237,1.567095261591418,-1.3014547523083768,-0.007352873095824814,0.3982643830172055,0.1730491079065825,-2.1372777982154982,-2.21498826095613,-0.05925708329752287
4.908333333333317,-4.407204224669544,-2.057071607202714,-1.6757597705332308,-0.905683416509056,1.5671321151831634,-1.3014255951929583,-0.007358473719156779,0.39827199745439534,0.17306597369228666,-2.137219064313797,-2.214865480160634,-0.059295728720399565
4.91666666666665,-4.407203799611173,-2.0570564223193486,-1.6757523385575384,-0.905570325595296,1.567165593692342,-1.30138037532065,-0.007364156645245223,0.39828037116740705,0.17308406919198616,-2.1371724014388853,-2.214720043803034,-0.059345519463981436
4.924999999999984,-4.407202941703778,-2.057040209119113,-1.6757446959724336,-0.9054468465498398,1.5672008719477604,-1.301297142162618,-0.007370392970732014,0.39828946052289477,0.1731035622861159,-2.1371590282177384,-2.2145259466726928,-0.059399316006663476
4.933333333333317,-4.407201678259151,-2.057022745689179,-1.6757368257393728,-0.9053109192084344,1.5672340154973083,-1.3012162745707094,-0.007376910532093956,0.3982995086813505,0.17312473176450108,-2.1371347449823426,-2.214326483608744,-0.059466099510441635
4.94166666666665,-4.407200015643332,-2.057003941578225,-1.6757286874745363,-0.9051617803868124,1.567265532046621,-1.3011336313014432,-0.007383765330393569,0.39831056305946105,0.1731476929762628,-2.1371033565305027,-2.2141164472910053,-0.0595456132519868
4.949999999999983,-4.407197968104916,-2.0569837731487604,-1.6757202667024105,-0.9049991125202052,1.567296061934658,-1.3010453945649163,-0.007391009387349807,0.3983226323072922,0.17317248819977127,-2.137068605759843,-2.213891281085561,-0.05963704681897051
4.958333333333317,-4.407195570985758,-2.05696231712526,-1.67571158532902,-0.9048234177434058,1.5673258484216288,-1.3009510960849953,-0.0073986352544834315,0.39833567135191433,0.17319903700081735,-2.137031324252642,-2.21365075882954,-0.05973960768002129
4.96666666666665,-4.407192856621646,-2.05693965807363,-1.6757026465728695,-0.9046352631519934,1.5673552127695187,-1.3008494706737015,-0.007406642441014041,0.398349632122752,0.17322725502702085,-2.1369932171980177,-2.2133938081340947,-0.059852317889069945
4.974999999999984,-4.407189877778679,-2.056915919175457,-1.675693477318912,-0.9044355295279934,1.567384360942088,-1.300740102261339,-0.007415005084851012,0.39836444342875527,0.1732570082227663,-2.1369553562744295,-2.2131205286295934,-0.05997412888783768
4.9833333333333165,-4.407186634269186,-2.056891095079349,-1.675684067344989,-0.9042239635064514,1.5674134427898447,-1.3006219761654974,-0.007423741018522448,0.3983801207211208,0.17328832513836384,-2.1369186243748066,-2.2128296071704954,-0.060104968686214774
4.99166666666665,-4.407183153774363,-2.0568652642591543,-1.6756744300005,-0.904001202564848,1.5674426350846091,-1.3004947934749638,-0.007432838090554668,0.3983966123842098,0.1733211146667892,-2.136883759412203,-2.2125211107857887,-0.06024404814760978
4.999999999999983,-4.407182307745464,-2.056837080162069,-1.6756658721721855,-0.903766805619704,1.5674108287285518,-1.3008138987276858,-0.00743630323383399,0.39841520386388274,0.17335559846364565,-2.1363775654772437,-2.2127015867421203,-0.060497999530848494
5.008333333333317,-4.407180688555144,-2.0568088969315683,-1.6756571358422592,-0.9035265896538196,1.5673819491257184,-1.3010659498852295,-0.007440444791009379,0.39843416099772916,0.17339066620542348,-2.135939102500022,-2.212805576404003,-0.06074890700452959
5.01666666666665,-4.407177976585625,-2.056780809273522,-1.675648699795694,-0.9032750069805772,1.567354907155162,-1.3012326616874494,-0.007445402883184668,0.3984538186158155,0.17342666071861118,-2.1355853180526667,-2.2128107796322687,-0.06100084202119812
5.0249999999999835,-4.40717815651955,-2.0567631932356334,-1.67563880089667,-0.9031734497295046,1.5673780905605017,-1.3012871665312398,-0.007449897366672396,0.3984619946103207,0.1734453262658071,-2.135437908271521,-2.2127798010042534,-0.06106476142129955
5.033333333333316,-4.407176063349674,-2.05673779442192,-1.6756288725994486,-0.9029654854097644,1.5673788164475655,-1.301375512426673,-0.007455895011574554,0.3984781705665824,0.17347670791234604,-2.135188346700095,-2.2127205750512364,-0.06124282608281424
5.04166666666665,-4.407172977264149,-2.05671015656638,-1.6756187303951149,-0.9027286870096294,1.5673806278391276,-1.3014163842211504,-0.007463019789804508,0.39849636468124006,0.17351164321756465,-2.134969855238694,-2.2125905852550294,-0.06143938654177681
5.049999999999983,-4.407169739710889,-2.0566829752499203,-1.6756090156937362,-0.9024900756574354,1.5673849785945675,-1.3014250046665896,-0.007470420198098696,0.3985145484351135,0.17354645989807538,-2.134784968678132,-2.2124245590287686,-0.061631474839736605
5.058333333333317,-4.407166635982876,-2.0566573607957404,-1.675599997235328,-0.9022603160023552,1.5673911513958183,-1.3014106511634316,-0.0074776776843308475,0.3985319518463744,0.1735796860662437,-2.1346315549211594,-2.212240195077688,-0.06181190169536551
5.0666666666666496,-4.40716373348251,-2.0566335113345757,-1.6755916775810134,-0.9020420168062592,1.5673985728949562,-1.3013788048969026,-0.007484663195260035,0.39854840738683533,0.17361100611708574,-2.1345056326563445,-2.2120453246446488,-0.06197971100252944
5.074999999999983,-4.407161036895747,-2.056611356892032,-1.6755840064637084,-0.9018351137565356,1.567406840085424,-1.3013330089725572,-0.007491347584135302,0.398563938408423,0.173640465522502,-2.134403359909853,-2.21184377074512,-0.06213576412751923
5.083333333333316,-4.407158550382495,-2.0565908192119235,-1.6755769377787884,-0.9016394270729294,1.567415786174751,-1.301275441092712,-0.007497722649684712,0.3985785696917068,0.17366812236114537,-2.134322229886329,-2.2116377360433788,-0.06228061845228535
5.09166666666665,-4.407156261874435,-2.0565717548841738,-1.6755704144980468,-0.9014540694601696,1.5674254350380012,-1.3012072315079355,-0.007503817670744043,0.39859237235401795,0.17369412733224115,-2.1342603106763547,-2.211427748562462,-0.06241507990517374
5.099999999999983,-4.407154151792401,-2.056553992301467,-1.6755643699288258,-0.9012778596196742,1.5674357850710918,-1.3011294177990238,-0.007509669886987348,0.3986054401558911,0.1737186715431665,-2.1342155675284067,-2.2112140369177,-0.0625402221067314
5.1083333333333165,-4.407152201073105,-2.0565373630460697,-1.675558742381366,-0.9011095864868924,1.5674467845490268,-1.3010431361219672,-0.00751531277509703,0.39861786922141906,0.17374194639117072,-2.1341858634666164,-2.210996935590904,-0.06265720755739873
5.116666666666649,-4.40715069824835,-2.0565217198775363,-1.6755533368807658,-0.9009507801871484,1.5674621826352368,-1.3009546840431756,-0.007520900296656499,0.39862949368205436,0.1737639190364712,-2.1341640419241057,-2.210782659585386,-0.06276043756594281
5.124999999999983,-4.407149219209304,-2.0565063458411705,-1.6755480719566007,-0.9007925412240212,1.5674783488243835,-1.3008617802776408,-0.007526518282163669,0.3986410356453334,0.1737857012402083,-2.134147414108555,-2.210563962286673,-0.06286165540785593
5.133333333333316,-4.407147762316512,-2.0564913554087587,-1.6755430047783284,-0.9006356530268764,1.5674952451243225,-1.3007634923150917,-0.007532144239289773,0.3986524319981767,0.1738071620644281,-2.134137598987097,-2.210340463742433,-0.06296017778313187
5.14166666666665,-4.407146306657779,-2.056476765467436,-1.6755381572102086,-0.900480120705954,1.567512590698586,-1.3006610044071365,-0.0075377633197430075,0.39866368553887277,0.17382828870593703,-2.1341334059059838,-2.210113573422143,-0.06305641556772397
5.149999999999983,-4.407144856869466,-2.056462621027863,-1.6755335362943995,-0.9003263375862726,1.5675301865354696,-1.3005551023329294,-0.00754334920294134,0.39867477287245723,0.17384902599198146,-2.1341343276958216,-2.2098844787505367,-0.06315036165717945
5.158333333333316,-4.407143405774252,-2.0564489304563427,-1.6755291545000222,-0.900174256480738,1.5675477966802072,-1.300445831184479,-0.007548886744477103,0.39868570110545815,0.17386937166383853,-2.1341403740770755,-2.209653285088586,-0.06324235734812514
5.166666666666649,-4.407141941390572,-2.0564356949787754,-1.6755250228025504,-0.9000237670086194,1.5675652664200213,-1.300332958345065,-0.007554370521259794,0.39869647994013957,0.17388933236743803,-2.1341517790523694,-2.209419733381751,-0.06333266984070457
5.174999999999983,-4.4071400481663545,-2.056421474066919,-1.675521193998068,-0.8998574105235901,1.567570270007252,-1.300306661819468,-0.007559383041281291,0.39870861442444344,0.17391104848646333,-2.1340624185278227,-2.209273060975952,-0.06345635081964188
5.183333333333316,-4.407138887882478,-2.05641023778236,-1.6755181953170577,-0.8997188536271687,1.5675781852576494,-1.3002667728628383,-0.007563676876216171,0.39871860743882187,0.17392885278157125,-2.1340072301978816,-2.209130479090807,-0.06355273981086661
5.1916666666666496,-4.407137859515482,-2.056400382952892,-1.6755156621671172,-0.8995912324147957,1.5675855023862302,-1.3002148949398138,-0.007567607220926781,0.39872777772015544,0.17394500264455465,-2.133973385293112,-2.2089832025960963,-0.063640139377407
5.199999999999982,-4.407135893536647,-2.0563881538849045,-1.675512727390244,-0.8994390229512834,1.5675885166930568,-1.300153119140177,-0.007572134528734641,0.3987388214437576,0.1739644261471271,-2.1339338696722385,-2.20880978207244,-0.0637523611923964
5.208333333333316,-4.407134122611932,-2.05637791620975,-1.6755102935082615,-0.8993065536216881,1.5675909840966626,-1.300077548573362,-0.007576081485372636,0.39874842058082494,0.17398114490293512,-2.133923564299826,-2.2086357219889488,-0.06384866225617049
5.216666666666649,-4.407132461514827,-2.0563691602849232,-1.6755081814675965,-0.8991899285864636,1.5675929173484116,-1.299990946402898,-0.0075795778122265175,0.39875687488244277,0.17399575864965217,-2.1339365159751593,-2.20846114078684,-0.0639324523390415
5.224999999999983,-4.407130909765724,-2.056361613291275,-1.6755062932287348,-0.8990862463502375,1.567594629530308,-1.2998910639350842,-0.007582717352277947,0.3987643962637694,0.17400866369894266,-2.1339730373108083,-2.2082814105126385,-0.06400552707874159
5.233333333333316,-4.40712931402766,-2.0563545642678998,-1.6755044750361343,-0.8989886508174157,1.5675961241900846,-1.2997786635598456,-0.007585719741264928,0.3987714855864789,0.17402080201346104,-2.1340273404845815,-2.208092538778428,-0.0640734367439616
5.241666666666649,-4.407127283458805,-2.056348538424672,-1.6755039171147212,-0.8988963103004218,1.5676025609708104,-1.2995877450446407,-0.007589096957207365,0.39877786399525655,0.17403172736848732,-2.134169645651985,-2.2078227015156062,-0.06412492917546235
5.249999999999982,-4.407124979827889,-2.056341602236018,-1.6755030065526058,-0.8987963479934209,1.5676075611601707,-1.2993921819330867,-0.007592656042157605,0.39878486329965324,0.17404379630317068,-2.1343116781399565,-2.2075427924921858,-0.06418442503694247
5.258333333333316,-4.407122411992659,-2.056333549404524,-1.6755017903103375,-0.8986871570991379,1.567611346736579,-1.299205474420703,-0.00759644267854069,0.3987925792221929,0.17405722272205237,-2.134437555767441,-2.207266200927812,-0.0642536153892731
5.266666666666649,-4.407119726363113,-2.056324837568846,-1.6755003981786636,-0.898573818161763,1.5676148076571217,-1.299028225072563,-0.007600349450265853,0.3988006147378773,0.17407133040779055,-2.134549981874105,-2.2069968307533427,-0.06432727985565355
5.274999999999983,-4.407116793015468,-2.056331617381724,-1.6755126015618853,-0.8985205162874835,1.567545706393647,-1.2990919330166175,-0.007596652865827433,0.3988039793885505,0.1740703638923751,-2.1344806720052696,-2.2070659452456862,-0.06444901627952077
5.2833333333333155,-4.407118725481319,-2.056343893996736,-1.67551563944172,-0.8986232382892263,1.567553773211116,-1.2989488126311686,-0.00759411335424836,0.3987961826651009,0.17405542049795275,-2.134709072156896,-2.2069829361675084,-0.06434603811251653
5.291666666666649,-4.407116917340249,-2.056356291136673,-1.6755281003070546,-0.8986404167094857,1.5674843156089022,-1.2990522389265375,-0.007588381504302699,0.39879461834701524,0.17404576803611002,-2.1346451810389335,-2.2071431356793547,-0.06441594414782859
5.299999999999982,-4.407118808427046,-2.056369763001975,-1.6755312674693117,-0.8987656255833527,1.567492389563203,-1.2989375258543725,-0.007585354372974927,0.3987852195144397,0.17402827070837656,-2.134857337732637,-2.2071062306279368,-0.06429750592328151
5.308333333333316,-4.407117235706652,-2.0563826984686697,-1.6755427030992236,-0.8988037994597946,1.5674279201984875,-1.2990542523832926,-0.007579510031945368,0.39878223872247487,0.17401676130131435,-2.134790129243342,-2.2072924108927627,-0.06434670590364097
5.316666666666649,-4.407120367989177,-2.056414439812375,-1.67555637911815,-0.8990502129859324,1.5673800813619667,-1.299218271937729,-0.007568409089222947,0.3987640345809575,0.17397834776899984,-2.1348127445416933,-2.2076679368708887,-0.06421227392778629
5.324999999999982,-4.407123048810094,-2.0564392500996185,-1.6755674978439106,-0.8992457977896091,1.567336233719703,-1.2994059986987798,-0.007559041711736063,0.3987496690768778,0.17394794016644366,-2.1347701455098687,-2.2080296080629167,-0.06411669041374858
5.333333333333315,-4.407125439093408,-2.056466806397283,-1.6755789468275506,-0.8994680070201768,1.5672952205428845,-1.2995587379417757,-0.007549411067683896,0.3987333255774695,0.17391395545825417,-2.1347826892571473,-2.20837210756899,-0.0639940415468982
5.341666666666649,-4.407121142371497,-2.0564999582493395,-1.6756049695680022,-0.8997290123849424,1.567381543416272,-1.2988612027580002,-0.007550709884711177,0.3987084549945841,0.17387032552132514,-2.1357060462974067,-2.207804297939774,-0.06361016018902402
5.349999999999982,-4.407118520934683,-2.056506471574273,-1.6756081238116798,-0.8997692299807064,1.5673169471488673,-1.2990801710292488,-0.007545664628683498,0.39870671018626874,0.17386331780926698,-2.1355182917423705,-2.2080941552172493,-0.06367390453393533
5.358333333333316,-4.407108076304366,-2.056517593809713,-1.6756278716584994,-0.8998086193932386,1.5673978027866555,-1.298266266898221,-0.007554184948667594,0.39869842180566284,0.17385012206478784,-2.1364086864180942,-2.2072471577245434,-0.06346965869974606
5.3666666666666485,-4.407094980400841,-2.056515019165021,-1.675634616292207,-0.8997073301953398,1.5673230445147832,-1.2980099350423446,-0.007555433355227471,0.3987060862332773,0.1738585990198627,-2.1366398557999426,-2.2069418185237213,-0.06362625699404081
5.374999999999982,-4.407088333113791,-2.056526118584589,-1.6756515347628822,-0.8997780324724809,1.5674394516748302,-1.2972712803024289,-0.007564677359859296,0.3986952404891707,0.1738432927117386,-2.1374570958949723,-2.2061803146085297,-0.06335757226875527
5.383333333333315,-4.407075736053753,-2.05652957712252,-1.675660565424063,-0.8997296223175809,1.5673609990282047,-1.2970689933081028,-0.007564156727966795,0.39869893290576736,0.1738440012320585,-2.13766905401319,-2.2059732835751786,-0.0634784062514447
5.391666666666649,-4.407074377601357,-2.0565405022372847,-1.6756717053899672,-0.8998436071508443,1.5675243192017707,-1.2964144218206848,-0.007574318449366022,0.39868494811186295,0.17382633623263172,-2.138406829081665,-2.205307935418968,-0.06312409684827573
5.399999999999982,-4.407061112308342,-2.0565320853763285,-1.675675590495534,-0.8996937617385368,1.567430144673008,-1.2964319644426905,-0.007575337251130181,0.39869695804015126,0.17384227094730562,-2.1383105984338693,-2.205267740856344,-0.06336252441086429
5.4083333333333155,-4.407050422224852,-2.0565260283231424,-1.675679901654991,-0.8995802336950223,1.567341439127982,-1.2966188603940951,-0.0075749307567007295,0.39870623212120876,0.1738538602025113,-2.1380551428798262,-2.2054318945480498,-0.06357483732349187
5.416666666666648,-4.407050307199782,-2.056522112387919,-1.6756848141051737,-0.8995906279490349,1.5674853572405574,-1.2964235212910984,-0.007585673984835041,0.39870096119577786,0.17385304522787148,-2.1382235886550798,-2.2051877423411477,-0.06336045879272896
5.424999999999982,-4.407038254298552,-2.056504125978886,-1.6756835569920354,-0.8993869666413867,1.5674160486443782,-1.2966523088240396,-0.007589596430016444,0.3987169498711288,0.1738789532798405,-2.1378472852338724,-2.2053239793221606,-0.06362532147561831
5.433333333333315,-4.40702417002763,-2.0564789442624574,-1.6756817489685705,-0.899099274206839,1.5673364432444117,-1.296871180076892,-0.00759539549978705,0.3987391106527901,0.17391547505151456,-2.13742624588257,-2.205395297287853,-0.06396901500794543
5.441666666666649,-4.407012043950383,-2.0564307520186884,-1.6756550647565305,-0.8989879478975493,1.5673217307865284,-1.2971782499413098,-0.007602814440866692,0.39875122263775525,0.1739513008248122,-2.136967992286614,-2.2056247018821624,-0.06413774178492962
5.4499999999999815,-4.406995360588764,-2.0563698774887937,-1.6756239516326616,-0.8987657343599162,1.56736575288882,-1.2971794841012132,-0.007619300682548083,0.398770297358859,0.17400332865775875,-2.136737370582401,-2.2054289662668896,-0.06430110039172723
5.458333333333315,-4.406977455980536,-2.0563026828623965,-1.6755900235494587,-0.8984472264708916,1.5674110882004182,-1.297057834321136,-0.0076386563613809475,0.39879655921872237,0.17406737623349552,-2.1365732576205394,-2.2050332048984336,-0.0645310198194293
5.466666666666648,-4.406958552242446,-2.0562283922487907,-1.675557322610247,-0.8980263638572445,1.5674673947662157,-1.2969461006826453,-0.0076614397884179316,0.3988294294410376,0.17414321695208307,-2.136326060229255,-2.2045764821740104,-0.06482348427349287
5.474999999999982,-4.40694148701329,-2.05615467391198,-1.6755261637979055,-0.8976086292333539,1.5675254611732747,-1.2968505242240336,-0.007683464266934279,0.398861748529982,0.1742181571808913,-2.136065855458475,-2.2041382249383266,-0.06511062838267276
5.483333333333315,-4.406911962831946,-2.0560773136393635,-1.675509054741725,-0.8969027461311382,1.567307611214794,-1.2975224901911406,-0.007694511386304166,0.398918534705659,0.1743172884127449,-2.1348826722480636,-2.2044409207619737,-0.06601252003278382
5.4916666666666485,-4.406907687222367,-2.056044669563024,-1.67549074425789,-0.896800161901091,1.5673506536067867,-1.2974336330860254,-0.007702719394331136,0.39892740013141004,0.17434412853424364,-2.134863917411927,-2.2042384139026687,-0.0660581766730468
5.499999999999981,-4.406900858663163,-2.056002920358837,-1.6754697031414203,-0.8966387451873532,1.5674354817159617,-1.2973295244989496,-0.007716623134725889,0.39893969843618887,0.17438058836132914,-2.1348000887397833,-2.2039650238203934,-0.06609634149950795
5.508333333333315,-4.406890653009121,-2.055945549667974,-1.675447520757744,-0.8963255915042141,1.5675033169036308,-1.297368192445603,-0.007733900950416443,0.3989630237518208,0.17443729880691577,-2.1344786106763625,-2.2037457653618593,-0.06628536328869435
5.516666666666648,-4.406868006148333,-2.055881852067857,-1.675436682969707,-0.8956810633467056,1.56732207519115,-1.2978823182791432,-0.007743390147283221,0.399013636509381,0.17452394740398441,-2.1335126054550417,-2.203912028988574,-0.06707134677893113
5.524999999999982,-4.4068536953500965,-2.0558599880937423,-1.675438151306354,-0.8954096258363416,1.5671580544499415,-1.2983503756259884,-0.00774212119877421,0.399036056274937,0.1745569524579344,-2.1328651253889337,-2.2042901563605724,-0.06752774380405616
5.533333333333315,-4.406843553173506,-2.055860447176332,-1.6754456693783333,-0.8953299727877218,1.5670063941986356,-1.2986765099242017,-0.007735668510578858,0.3990439807843109,0.17456213009428545,-2.1325088300167723,-2.2046489464620276,-0.06780277764839009
5.541666666666648,-4.406845103373249,-2.055830051981532,-1.6754799821656357,-0.8941340584600063,1.5674650548391942,-1.295879078220454,-0.007795384783394603,0.399110400725512,0.17467453259380666,-2.134646649053559,-2.2007265786651313,-0.0678667574192676
5.549999999999981,-4.4068479356991626,-2.055836113101844,-1.675522692395825,-0.8933705109881914,1.5678049758945776,-1.2936141701374029,-0.007835401930697043,0.3991483285133536,0.174730990672082,-2.1365409583488875,-2.1977180885445744,-0.06777997489204793
5.558333333333315,-4.40683418285235,-2.055863896534247,-1.6755440572147875,-0.893304362643152,1.5676035655097815,-1.2932837566377269,-0.00782558556403845,0.3991545320867834,0.17472074228637,-2.1369453581142457,-2.197418362962482,-0.06804563021907813
5.566666666666648,-4.4068818059998245,-2.0559915920950647,-1.6755686450925802,-0.8946371994224186,1.567885574855809,-1.2935966209662546,-0.0077983148571516775,0.3990519190164203,0.17454234013103553,-2.1374834308455624,-2.19858693338819,-0.06663105598624158
5.5749999999999815,-4.40689135768314,-2.0560263457391077,-1.675580819545557,-0.8949024606489465,1.567962598293601,-1.293644529764192,-0.007794125092529962,0.39902982079521493,0.17450131328024562,-2.137609005422118,-2.198808750205835,-0.06630830169728578
5.583333333333314,-4.406917357944031,-2.056082367788761,-1.6755924030782523,-0.8955375396235428,1.5681284968261264,-1.294180357992711,-0.0077822243122816995,0.3989800062000838,0.17441825908407113,-2.1374346054632096,-2.1997687735928912,-0.06561637752433881
5.591666666666648,-4.406920320313446,-2.0560902732742745,-1.6755991346254016,-0.8955763848318582,1.5681957731981726,-1.2944464929211896,-0.007785091885731853,0.39897454982727426,0.17440983193947215,-2.1371581612609325,-2.200069892364037,-0.06550228364743754
5.599999999999981,-4.406911186883576,-2.0561028513965534,-1.67567193311333,-0.8946310626507995,1.5683207578680574,-1.2922380522311576,-0.00781548497195553,0.39902526684679446,0.17447239532209885,-2.1389641950563187,-2.1970991649927654,-0.06581509589713083
5.608333333333315,-4.406964348095194,-2.056245506163415,-1.6757499039100063,-0.8954929012933288,1.5689919645627648,-1.2923323591973297,-0.007823882891469338,0.3989367836478827,0.174317358521121,-2.1393563205800863,-2.1976580285163263,-0.06414377793124391
5.616666666666648,-4.406990358556502,-2.056297973789876,-1.6758134254099224,-0.8954738732136734,1.5695319806545922,-1.2926294938538083,-0.007852779688626306,0.39891446681852116,0.17428186007094632,-2.1389302862041,-2.197866968771783,-0.06335921732584622
5.624999999999981,-4.406983431108344,-2.0563392382234342,-1.6758769021128723,-0.8950894655120053,1.5694640627315335,-1.2911568829439586,-0.007855425104471354,0.3989325376344266,0.174284349239891,-2.1403699433842,-2.1961172438296264,-0.06356498300261568
5.633333333333314,-4.406997437616861,-2.0564600495102763,-1.6759781749613345,-0.8955110082108844,1.569485637171406,-1.291025822158586,-0.00783702509628956,0.3988861294432393,0.17417207550835606,-2.14092183291506,-2.196367705242948,-0.06307303397141767
5.641666666666648,-4.406963858556518,-2.0565124812252664,-1.6760705937374218,-0.8951291059004631,1.568969304025296,-1.29023196341839,-0.007813612727209547,0.3989097586969829,0.17416232635469658,-2.1417816048947107,-2.195530942950871,-0.06389615954258182
5.649999999999981,-4.406913348012789,-2.056541670982761,-1.67615765752969,-0.894577856489601,1.56821049089645,-1.2898584405106748,-0.007781954838409923,0.3989517183206595,0.17417857124673544,-2.142129265595981,-2.19510610551085,-0.06521225064032722
5.658333333333315,-4.406883616210419,-2.0565810634518407,-1.676230062941274,-0.8942354352233329,1.5678541440997225,-1.2890933804430105,-0.007769693905836997,0.39897203101482615,0.17417559561324242,-2.142907946187519,-2.194255408732905,-0.06581488629694428
5.666666666666647,-4.406860111146465,-2.056616147296958,-1.6762906072598045,-0.8939632818417561,1.567596634004317,-1.288499023235923,-0.007761757589477378,0.39898706666421724,0.1741709831761169,-2.143506815640121,-2.193590951627927,-0.06625479815432893
5.674999999999981,-4.406839225943902,-2.056645621347224,-1.6763441297698984,-0.8936881007271573,1.5673750057993487,-1.2878438532242311,-0.0077560161356301635,0.3990026242130461,0.17417068506049319,-2.144151504573091,-2.1928374831648183,-0.0666535002145138
5.683333333333314,-4.406784198476239,-2.056546583124037,-1.6763867874398624,-0.8919696214004458,1.567199859353446,-1.2864825509883089,-0.007799516284003412,0.3991181612603424,0.1743554724126869,-2.1445142209115016,-2.1903212331445894,-0.0680600781739996
5.691666666666648,-4.406904088750526,-2.057073899482558,-1.6764427461619134,-0.8975761652803215,1.567280637372497,-1.2871515186149562,-0.007632748678396089,0.3987200082987085,0.1736230421624404,-2.1477672741379896,-2.194880551247359,-0.06363141978956986
5.699999999999981,-4.406968860827235,-2.0573821867100177,-1.676487659785615,-0.9007759871538024,1.567151076488354,-1.2879780224741575,-0.007524149133092619,0.3984932543445451,0.17320006057344375,-2.149208326750351,-2.1980299674442607,-0.061342086526371416
5.708333333333314,-4.407007887138076,-2.0575444055525294,-1.676514957198762,-0.9025142507617512,1.5671004385528389,-1.2893713865549026,-0.007464826573873862,0.39836849326259566,0.17297190072194008,-2.1489583530078646,-2.2007571772561785,-0.060117176611094746
5.716666666666647,-4.40702491424671,-2.057617667351392,-1.6765306677954113,-0.9033501978340192,1.566997888493704,-1.2908842898639954,-0.007430667896629276,0.3983097115331286,0.1728634223510733,-2.1479437106532426,-2.2030073464842346,-0.059676327465314837
5.724999999999981,-4.407016863135217,-2.05765819163997,-1.6765388913214978,-0.903962802690616,1.5665572711277749,-1.2923750546500614,-0.007385357812181689,0.3982757714835862,0.17279000023595822,-2.146878051437666,-2.205184912844242,-0.059879757347612396
5.733333333333314,-4.407007177479481,-2.05769180919798,-1.676547098941483,-0.904476937370284,1.5661644921531876,-1.2936770433143805,-0.007346612723813807,0.39824755081404084,0.17272822635203694,-2.145931899954261,-2.207077907315129,-0.060082183514219824
5.741666666666648,-4.407000909295536,-2.0577155240402973,-1.67655753271076,-0.9049112297220478,1.5658994586394652,-1.294604738433125,-0.007318095638070382,0.398221321322241,0.17267689706651604,-2.1452970452681663,-2.2084684445359266,-0.06015380057785813
5.7499999999999805,-4.406983185425516,-2.0577102290911817,-1.6765637494747985,-0.9050246085772916,1.565554707666622,-1.295722223500101,-0.007295253690725267,0.39822025498893404,0.17266706680584065,-2.1442498581504807,-2.209871544080796,-0.0605951097223281
5.758333333333314,-4.40696926007897,-2.057702424499137,-1.6765708458550803,-0.9050898740158332,1.5653132075973224,-1.296484196315681,-0.0072799888674108075,0.3982199254594203,0.17266230641251615,-2.143527297036853,-2.2108232540928237,-0.060914049890383556
5.766666666666647,-4.406949656380072,-2.0576724767179098,-1.676575935539148,-0.9049026096528768,1.565112065917599,-1.296705010692086,-0.007275846195530302,0.39823666613633374,0.17268953470702458,-2.1432037748895674,-2.211003747584732,-0.06134966160958496
5.774999999999981,-4.406921126123064,-2.0576114093493696,-1.676579648943763,-0.9043701657803556,1.5649006748862038,-1.2969105871342157,-0.007282169589021887,0.398278047498939,0.17276049272075855,-2.1426567945950548,-2.210936273750529,-0.062068238818390756
5.783333333333314,-4.406883080771093,-2.057520260418998,-1.676582777552405,-0.903502207391686,1.564636697864674,-1.2972950457082402,-0.007295612016330384,0.39834422606162323,0.17287376140941657,-2.1416959248443748,-2.210851071619846,-0.06312847559874706
5.791666666666647,-4.406838496994199,-2.057407457766653,-1.676584069674464,-0.9023980531610812,1.56440161752917,-1.297475403232835,-0.007319208347162526,0.3984264053904938,0.17301742400735254,-2.1407799439912094,-2.210374864685013,-0.06432440457937384
5.79999999999998,-4.4068008251695785,-2.05731237820634,-1.6765868762878335,-0.9014213208415444,1.5641881269008056,-1.2975464885003858,-0.007338848943272755,0.3984989258005622,0.17314236090659885,-2.1400742078639032,-2.2098608700339577,-0.06538051902023843
5.808333333333314,-4.406749959058798,-2.05718457834796,-1.6765719005934965,-0.9001713196691506,1.5637353537371608,-1.2984795507685998,-0.007352021940474219,0.39859929250152426,0.17330980778664765,-2.1382981581879412,-2.21015217584798,-0.06703626315823712
5.816666666666647,-4.406679153313751,-2.057020505277174,-1.6765446464607698,-0.8983806490744359,1.5632596812427513,-1.2986902750306375,-0.007383963065759125,0.3987399881616919,0.17354414358608633,-2.136932093343622,-2.2093046542722448,-0.0691053533687199
5.824999999999981,-4.406649453723044,-2.056983495861457,-1.676532165686288,-0.8978819335001684,1.5630440010119857,-1.2983787247684382,-0.007390664818343452,0.3987821656959044,0.1736075068998082,-2.1369757623636967,-2.2087029555709545,-0.0697719321169366
5.8333333333333135,-4.406652079502375,-2.0570279388817245,-1.6765481831535003,-0.8983012443346752,1.5629273011622251,-1.298877211639998,-0.007370423880344059,0.3987531272643255,0.17354783742483776,-2.1367735340359477,-2.2095836496570707,-0.0696149640106717
5.841666666666647,-4.406646996065149,-2.0570466162736394,-1.6765694240250093,-0.8984464330998083,1.5628328216832992,-1.2992279909160438,-0.007360685500687179,0.3987415212034436,0.17352174230556489,-2.136533368626099,-2.2101153240898945,-0.06962951845587188
5.84999999999998,-4.406628027374,-2.057029800848608,-1.6765963336504028,-0.898192263448389,1.5626425317024448,-1.2997521208967586,-0.007357426413528141,0.3987588672172431,0.17354436666882994,-2.1358573569856683,-2.210597868023254,-0.07008891957067333
5.858333333333314,-4.406565228596406,-2.0568957116167086,-1.6765830351512707,-0.8965845407909139,1.5622145749503211,-1.2995951939722272,-0.007385085942332011,0.39888310572708163,0.17374700296097043,-2.1350256430074324,-2.2094741248415954,-0.07191137926552252
5.866666666666647,-4.406554602517846,-2.0569167654304388,-1.6766053385964912,-0.8966494481799225,1.5620824787823324,-1.2995404819578886,-0.007376386334684978,0.39887798049276996,0.17372708885686933,-2.135187070008961,-2.2095327280132095,-0.07201055168075415
5.8749999999999805,-4.406544691975739,-2.0569395016335097,-1.6766366712511565,-0.8967251201383445,1.561940113545497,-1.2995602076836408,-0.007365841397232365,0.39887071383348155,0.1737031264714356,-2.135285097225589,-2.2096880182655956,-0.07211238923976783
5.883333333333313,-4.406480621280845,-2.0568228696200146,-1.6766261400455889,-0.8951402681720986,1.5614668221561558,-1.298859611480564,-0.007389850944193184,0.3989940505354632,0.17389649167619747,-2.1350862357461255,-2.20801485777417,-0.07393462360763667
5.891666666666647,-4.406483831416275,-2.0568949613121728,-1.6766597912334518,-0.8956435262690706,1.5613561888673688,-1.2988003272084028,-0.007367153962543361,0.398956348217187,0.1738137007989765,-2.135569931056984,-2.20837309533106,-0.07364902308441804
5.89999999999998,-4.406480845477601,-2.0569346070055503,-1.6766893935241016,-0.895829374378444,1.561258220179193,-1.298409271327543,-0.007355057030365867,0.3989408925321171,0.1737735788165627,-2.136184565604734,-2.2081448075590546,-0.07357998302699381
5.908333333333314,-4.406399919784176,-2.056757287607789,-1.676673040338147,-0.893534858430112,1.5608362696043308,-1.2970226368347535,-0.00740560422902059,0.3991128198084495,0.1740571186664352,-2.1362124650573207,-2.2052247603490147,-0.07584237401437435
5.9166666666666465,-4.40633373878886,-2.056628405468904,-1.6766645996328102,-0.8917622046420036,1.5603629185818255,-1.2965908950226424,-0.007434315045875137,0.3992482594396561,0.17427238499379205,-2.1355929407722423,-2.2037124418076837,-0.0778124372477936
5.92499999999998,-4.406346095380992,-2.056712811755995,-1.6766978319909538,-0.8923884314405797,1.5603068313798767,-1.296666223246944,-0.00740963997663854,0.39920111703740807,0.17417346837627012,-2.1360053898843887,-2.2042801335065407,-0.07736698168101769
5.933333333333313,-4.406301907385076,-2.056622735141999,-1.6766862754448717,-0.8911447373269792,1.5602881942743363,-1.2948426168430356,-0.007453676827821524,0.39928938423522653,0.1743257099125124,-2.1371074040616556,-2.2014772938310756,-0.07823980209004658
5.941666666666647,-4.406282739777649,-2.056583206643495,-1.6766780109596242,-0.8905492789909836,1.560309872532994,-1.2940732230808176,-0.007476524896049952,0.39933142824171824,0.1743979786440723,-2.1375130927817154,-2.2002378544269265,-0.07861992842942866
5.94999999999998,-4.406270425901448,-2.056551223286952,-1.676669425488864,-0.8900870342320722,1.560351128958939,-1.2935484779779505,-0.007495255350247124,0.39936382969932205,0.17445516153161084,-2.1377409766069078,-2.1993428941925592,-0.07888788245495064
5.9583333333333135,-4.406264240528343,-2.056531541012296,-1.676665400106688,-0.8897865316953775,1.560380840997342,-1.2934284505884943,-0.007506844669795644,0.39938456160589764,0.17449149916580622,-2.137652209074798,-2.1990003066867,-0.07906877145017681
5.966666666666646,-4.406259817016422,-2.056521750791678,-1.6766720234417811,-0.8895409192458601,1.5603378127386922,-1.2934507839981109,-0.007510271494112407,0.39940147361013456,0.17451617990253218,-2.137483929303673,-2.198878954041699,-0.07930373119793416
5.97499999999998,-4.406253655598234,-2.056503584730667,-1.6766780061001905,-0.8892155938759525,1.560301323421461,-1.2934669969975934,-0.007516657001963317,0.3994237597891583,0.17455160362675393,-2.1372629284990587,-2.198693315344235,-0.07959183368796241
5.983333333333313,-4.406249594546416,-2.056490784359174,-1.676683716190075,-0.8889563179199873,1.5602836681916306,-1.2934718229509157,-0.007522253903813534,0.3994411023313625,0.1745789351849868,-2.1370940713964024,-2.198534316854559,-0.07980358980341289
5.991666666666647,-4.406246413881193,-2.05647460328655,-1.6766831281493038,-0.8887177010069441,1.5603258504793946,-1.2935237254080278,-0.0075320542380668916,0.3994566025015529,0.17460730390213008,-2.136860800455991,-2.198416723632904,-0.07992890027755772
5.99999999999998,-4.406243555440391,-2.0564508817123723,-1.67667875682415,-0.8884261411949054,1.5602262572688088,-1.2945060166392377,-0.007531995837021204,0.39947984624055904,0.17464460086002204,-2.1356315228931435,-2.199304880289553,-0.08034658085622386
6.008333333333313,-4.406252278551745,-2.056451714278237,-1.6766752990179377,-0.8884445313918652,1.5601467621354044,-1.2958260646797066,-0.0075220990864959345,0.39948122712313194,0.1746435825751311,-2.1342499724529382,-2.2007596995569014,-0.08052083634501361
6.016666666666646,-4.406259479330487,-2.056450253778988,-1.6766706777077116,-0.8884434172838817,1.5601348312854322,-1.2967592841562237,-0.007518573768570761,0.3994824708479235,0.1746455007181037,-2.133246757595617,-2.201762861997355,-0.08059675100246248
6.02499999999998,-4.4062681317956365,-2.056446079738561,-1.6766610226917462,-0.8884557904579091,1.5601984427609392,-1.2972705706270915,-0.007520342986121333,0.39948178362028297,0.17464850283678066,-2.132678753019043,-2.202290193120589,-0.08054144754778371
6.033333333333313,-4.406274324682156,-2.0564441048301565,-1.6766529842694733,-0.8884565178226698,1.5603589748948363,-1.297065645423227,-0.007530845647907874,0.39947926342698553,0.17465122055520704,-2.1328448677357366,-2.202012527061994,-0.08031813593729784
6.0416666666666465,-4.406285337054214,-2.0564429583361084,-1.6766423269155348,-0.8885292011285025,1.5604365718730349,-1.2976102565575238,-0.007531501943485967,0.39947425469384806,0.17464774789059093,-2.1322768745456266,-2.2026101830059446,-0.08020186179310122
6.049999999999979,-4.40646907486764,-2.057041039864329,-1.6766747080812476,-0.8951588897788637,1.5612410238742331,-1.2971497130533285,-0.007375014418462796,0.39899380359313597,0.17379840444598513,-2.1371897846375587,-2.206419870863632,-0.07394691279311233
6.058333333333313,-4.406565865869175,-2.0573558559039964,-1.6767005819748833,-0.8986401837394214,1.5615910438363496,-1.2975245899869727,-0.007286021333298225,0.39873975771976594,0.17335136945665175,-2.139130079810433,-2.2091088189703796,-0.07077699933195866
6.066666666666646,-4.406626184287851,-2.057555343507972,-1.6767241088780032,-0.9009030709198956,1.5618142440289244,-1.2979287384729337,-0.007228252355176218,0.39857265632532535,0.17306154881799068,-2.1402146661628514,-2.211033778925191,-0.06872430623386912
6.07499999999998,-4.406666454363481,-2.057690956151782,-1.676747759771268,-0.9025010869610816,1.561926268114198,-1.298622962243982,-0.007184283992251227,0.39845401098785194,0.1728573193113867,-2.140547940051741,-2.2128523353179945,-0.06735267999515092
6.083333333333313,-4.406671399437048,-2.057715089918876,-1.676762632771957,-0.9029013779465882,1.5619092230075609,-1.2991549459689054,-0.007171197879670759,0.3984234649403501,0.172807589726751,-2.1402495892000504,-2.213713869160079,-0.06708768848085457
6.091666666666646,-4.406663054752574,-2.057695221727039,-1.6767780478426189,-0.9028174844410886,1.5618433349731953,-1.2996680492773678,-0.007170249128262227,0.39842779304488946,0.17281875200074392,-2.139648345980375,-2.2142406143318945,-0.06726493155283292
6.099999999999979,-4.406644976662668,-2.057643150309792,-1.6767934124485673,-0.9023684557556532,1.5617241501820016,-1.3002253411835718,-0.007177083813273895,0.39845892480723155,0.1728756016598919,-2.13876158116687,-2.2145827308719324,-0.06780091352311646
6.108333333333313,-4.4066268107321,-2.0575860695479946,-1.6768096580007226,-0.9018100974567757,1.5615868555679302,-1.3009197171595284,-0.007184923851872826,0.3984980532565951,0.1729441467891612,-2.137661482805568,-2.215004713810305,-0.06844961985633766
6.116666666666646,-4.40660264324725,-2.057514622381588,-1.6768235285447142,-0.9010696863219066,1.5614497597632062,-1.3013979886999745,-0.00719932592990384,0.3985502896158291,0.17303548550229508,-2.136668433619345,-2.215069256193164,-0.06922975996850314
6.12499999999998,-4.406507299484196,-2.057274361170794,-1.6767990677131432,-0.8983074703141458,1.5609820867887407,-1.3004308827811677,-0.007263025625846382,0.3987581734084854,0.17338704373466993,-2.1359167664115724,-2.2122864913041598,-0.0719769134189445
6.133333333333312,-4.40650808119395,-2.057291699216824,-1.67681927328227,-0.8984106509329264,1.5609400441350587,-1.3007865209608287,-0.0072560373780420455,0.39874847077134157,0.17336556823646254,-2.1356313335996635,-2.2127742328782642,-0.07195187415385437
6.141666666666646,-4.406516770017385,-2.057325223611776,-1.676837384399772,-0.8987375359176796,1.5609737808396056,-1.3009506679711438,-0.0072469997854322215,0.3987217104918576,0.17331791644077488,-2.1356833868332052,-2.2131795216824295,-0.07164440726645938
6.149999999999979,-4.406476837149916,-2.057222187576627,-1.676813341001279,-0.8975310961312573,1.560790690265733,-1.3003223139766198,-0.007276534084252784,0.39881430933915607,0.17347447666537308,-2.135566501465772,-2.2117248530369418,-0.07281135251250967
6.158333333333313,-4.406495877332008,-2.057283690642762,-1.676830945557224,-0.8981026739106542,1.5608403359337757,-1.3004340322737908,-0.007259320139475899,0.3987704835103105,0.17339379520167386,-2.1358497608980764,-2.2122349807265236,-0.07228626763810042
6.166666666666646,-4.406446901887493,-2.057162432860236,-1.6768180007981583,-0.8966016723190102,1.560560178688978,-1.3000592298964273,-0.007290714571675021,0.3988838665327241,0.17358151964209628,-2.1352939478866184,-2.2108949450490134,-0.07381187922340242
6.174999999999979,-4.40648047848432,-2.057252826855552,-1.676835234279358,-0.8975576061264033,1.5606894319704212,-1.3005578706712342,-0.007265496523709603,0.39881152105470397,0.17345453001575956,-2.1353983136626185,-2.212055759571744,-0.07290515922109234
6.183333333333312,-4.406439908192705,-2.0571242783788097,-1.6768010344733004,-0.896162572403828,1.5607281943497564,-1.299258068729641,-0.007317238346545661,0.39891327172166496,0.17364083455330503,-2.135794337092713,-2.2096661707973033,-0.07389283490964887
6.191666666666646,-4.406452274532092,-2.057147160417148,-1.6768121212428122,-0.8963863116081499,1.5607272804716823,-1.3001539990164124,-0.007306708839915181,0.39889589227817124,0.17360856629653337,-2.134991641240336,-2.2107921724502098,-0.073758124940511
6.199999999999979,-4.406423651929906,-2.0570552707593945,-1.6767880019525967,-0.895344089388946,1.5607344606963252,-1.2992931155840282,-0.0073429018102275125,0.39897216301957183,0.17374589485762565,-2.135179709841409,-2.209134222614169,-0.07452617197246163
6.208333333333313,-4.406396748336838,-2.056966655984542,-1.6767578634194653,-0.8943694863640024,1.5608181809206103,-1.2981534615002717,-0.007383210400941517,0.39904282148879644,0.1738774084950378,-2.1356843901315696,-2.2071932049653866,-0.07512707221015172
6.2166666666666455,-4.40641261808757,-2.056986161992572,-1.6767524617050389,-0.8946061255317422,1.5609406859977748,-1.298324455631997,-0.0073815851947518375,0.39902453433252405,0.17384954143797335,-2.135627753011342,-2.207491410144443,-0.07479221497322382
6.224999999999979,-4.40641897123162,-2.056981575065832,-1.676745918947014,-0.8946353386080037,1.5610130324387064,-1.2986921127278068,-0.00738439720526663,0.3990218384907373,0.17385031272361734,-2.1352204449277696,-2.2078753211302344,-0.07470098063253287
6.233333333333312,-4.406413165447549,-2.0569432365843774,-1.67673150570233,-0.894311747155064,1.5611587052793197,-1.2981236417570643,-0.007405933425312427,0.3990430318456855,0.17389849570146942,-2.1355479827757153,-2.2069806957351488,-0.07473915786016659
6.241666666666646,-4.40640779226538,-2.0568939996265594,-1.676718372175715,-0.8938486478107932,1.561157182107355,-1.298551249590116,-0.007418773590835592,0.3990772648686772,0.17396346577957816,-2.134752623478097,-2.2071089431826927,-0.07513741710914616
6.249999999999979,-4.406406676149522,-2.056854940845204,-1.6767057686587288,-0.8935175657272774,1.561237602290487,-1.298715224591232,-0.007433389392606425,0.3991002492610438,0.17401220466933676,-2.1343079113915016,-2.2070171884505037,-0.07530876756337052
6.258333333333312,-4.406409565963744,-2.056830588363533,-1.6766940188897386,-0.8933580243316321,1.561322823698073,-1.2988903475495348,-0.007442986333714931,0.39911113172759505,0.17403930322230116,-2.1339695148023305,-2.2070535544600602,-0.07534155064309064
6.266666666666645,-4.406416265513391,-2.056819090523024,-1.6766842135487146,-0.8933406704429909,1.561320364981967,-1.2996197717396214,-0.0074410030427768635,0.3991140361657166,0.174047941505443,-2.133160688281486,-2.2078123776795495,-0.0754127464604687
6.274999999999979,-4.406409842637997,-2.056785292910896,-1.6766665552418614,-0.8932022994461408,1.5612354869599334,-1.3002747873189264,-0.007440835608210808,0.3991284198220886,0.17407843234162104,-2.1323538220998914,-2.208428381489747,-0.07569879516717007
6.283333333333312,-4.406380192035237,-2.056779009498866,-1.6766802991632603,-0.8932586739011789,1.5605930300560873,-1.3015797734497738,-0.007400382397259445,0.3991373478802833,0.17407246932362042,-2.131168040724427,-2.2100897302693143,-0.07659700827977206
6.291666666666646,-4.406547619791776,-2.057326232795053,-1.676705326741764,-0.8992668938613778,1.5613523716333089,-1.3010992783021431,-0.007260057026659878,0.3986992693777284,0.17330421362244205,-2.1356674737520587,-2.2134613533064043,-0.07085338096974872
6.2999999999999785,-4.406637825024324,-2.057612741624242,-1.6767240443690197,-0.9023892358693918,1.5616807341531225,-1.3012484266659363,-0.007179937576427533,0.39847069888501735,0.17290395906277806,-2.1376019589572763,-2.2156604699854348,-0.06796569894542112
6.308333333333312,-4.406696977774425,-2.057802652532293,-1.6767413086897671,-0.9044750362352229,1.5619153703746491,-1.301261085377741,-0.0071276007501348965,0.3983161204666443,0.17263635260653484,-2.1389842094774725,-2.2170323719778744,-0.06600578054148584
6.316666666666645,-4.406739442743459,-2.057934286136443,-1.6767565836368925,-0.9059799358848852,1.5620879046285974,-1.3014835582980837,-0.007089899342335414,0.3982035877512683,0.17244482233297315,-2.1397447179338056,-2.218250190782554,-0.06459725093972339
6.324999999999979,-4.406755890311644,-2.0579941612789243,-1.6767689208286114,-0.9066749835326348,1.5621444914558489,-1.301551125208683,-0.007071604479453349,0.39815107717005477,0.17235538626987193,-2.1401415897913365,-2.218787002486273,-0.06397272394105817
6.333333333333312,-4.406771665839323,-2.058054434299636,-1.6767818015822804,-0.9073449282244216,1.562198229796471,-1.3014553939404112,-0.007053882229414764,0.39810029814470954,0.1722679808882881,-2.1407027195914026,-2.2191324688459835,-0.06336176029898233
6.3416666666666455,-4.406798737689642,-2.0581632808794925,-1.676801887917379,-0.9085125764732728,1.562249826192024,-1.3015942285531468,-0.007020005157081155,0.39801322091739055,0.17211495464710258,-2.141360742387603,-2.2200792164627203,-0.062366274446479374
6.349999999999978,-4.406823900618746,-2.0582387720035444,-1.6768079550138522,-0.9094344869425436,1.562325327370299,-1.3019061031690575,-0.006994947451159206,0.3979451566031444,0.17200080573383913,-2.1416377536827076,-2.2210187666827466,-0.06155565103466004
6.358333333333312,-4.406843301264484,-2.058253719225255,-1.6767966060700727,-0.9098204520572808,1.562510359978347,-1.302254602679477,-0.006993621793014515,0.39791519024771704,0.17196300544777432,-2.1414518048559357,-2.221574970042361,-0.06103848748544424
6.366666666666645,-4.406863026304283,-2.058260325108852,-1.6767841860637205,-0.9101255096417528,1.5627120869333055,-1.302587824283049,-0.006995329968479094,0.3978907053116749,0.17193601225245966,-2.141221423205624,-2.2220507743876428,-0.06056279865857741
6.374999999999979,-4.406881306966635,-2.058261613567553,-1.676772026465892,-0.9103667373728802,1.562903460746947,-1.3028978075230082,-0.006998214363913886,0.3978709337217566,0.1719167804839135,-2.140976070896812,-2.222461141505124,-0.060149719929697226
6.3833333333333115,-4.406895874853593,-2.058255727360209,-1.6767603071671218,-0.9105165531885184,1.563068296432916,-1.3031943493935252,-0.007002522939026775,0.3978581923906116,0.17190847653443866,-2.1406901740511506,-2.222804908294549,-0.05984284301624997
6.391666666666645,-4.406906610501955,-2.058242982800422,-1.6767482938172689,-0.9105772315801146,1.5632054038955945,-1.3034514256284837,-0.007008203896006898,0.39785249099192194,0.17191096669145087,-2.1403937935287343,-2.2230556118692446,-0.05964141341908978
6.399999999999979,-4.40692483443195,-2.058240097486242,-1.6767478411573091,-0.9105267277071668,1.563573660853287,-1.3032784964211954,-0.007030884942835673,0.39784725334487187,0.1719165428869589,-2.140441948097832,-2.2227073536936053,-0.05917150438327895
6.408333333333312,-4.406946645968919,-2.058241549362869,-1.6767450667884165,-0.9105393925138786,1.564034264308108,-1.302936648105831,-0.007058071208250822,0.39783570592735107,0.17191531985433406,-2.14068727404812,-2.2221876308228348,-0.05852150827885944
6.416666666666646,-4.406956229656776,-2.05821579506562,-1.6767415560069583,-0.9102335906253028,1.564361161423094,-1.3025326396855017,-0.007086834641897813,0.3978500604359444,0.17195362828537142,-2.1408208269205544,-2.221428591157119,-0.05830054638699027
6.4249999999999785,-4.406971271716673,-2.0581994924833005,-1.6767375915809513,-0.9100471090067888,1.5647501386950136,-1.302146522642288,-0.007115630935700915,0.39785453876829596,0.17197761818045262,-2.14099774118806,-2.2207481869784638,-0.057903211316148846
6.433333333333312,-4.406982082173286,-2.0581707546428496,-1.676734654743106,-0.9097507749885656,1.565084622032615,-1.3021598751535928,-0.007144225197822329,0.3978678499539091,0.17201608222883769,-2.1406756276968952,-2.2204426965911552,-0.05768492138830605
6.441666666666645,-4.4069896665024615,-2.0581439225488523,-1.6767328150806473,-0.9094540527830348,1.5653770137957956,-1.302021488727107,-0.007170767587413217,0.39788202442626447,0.1720535965096227,-2.1405327477185274,-2.2199902471635435,-0.05751530121660032
6.449999999999979,-4.406991900975294,-2.058117071715584,-1.6767299226615924,-0.9091226767273148,1.5656054219725954,-1.3015723405258213,-0.007195289349272828,0.3979004280439319,0.17209458632798863,-2.140725235786827,-2.21920247710014,-0.05744444081751145
6.458333333333312,-4.406995843395031,-2.058108097225189,-1.6767285758009245,-0.9089568651560318,1.5657558067967172,-1.3009420514279866,-0.007209275060087266,0.3979088321702414,0.17211335744359935,-2.1412595665582366,-2.218358544644263,-0.05733830106955454
6.4666666666666455,-4.4070041539631895,-2.0580994250704325,-1.6767233670920838,-0.9088084265313334,1.5659056352844665,-1.3003156984457769,-0.007221310381725262,0.3979167464727767,0.17213147393447437,-2.141802875829143,-2.2175232548621544,-0.05722314263486856
6.474999999999978,-4.407016069180058,-2.058109657823618,-1.676720302967611,-0.9088615506595752,1.5660438102981225,-1.2997310518733851,-0.007226393650370571,0.39791035848506734,0.1721235116032523,-2.142445751840478,-2.216876041470471,-0.056965550946500326
6.483333333333312,-4.407028288519951,-2.058123985102144,-1.6767184156713213,-0.9089676162928052,1.566181011126278,-1.299238316321475,-0.007230028362188874,0.39790002625819876,0.172108868648148,-2.1430244036309785,-2.216365773152592,-0.056671564645269866
6.491666666666645,-4.407040379127527,-2.0581395993658886,-1.6767171615957503,-0.9090963446934792,1.5663214590564922,-1.2988174859723605,-0.00723342155178395,0.39788787907931955,0.17209150978581605,-2.1435381031887966,-2.2159483760066414,-0.056358727845727936
6.499999999999979,-4.407052363538253,-2.05815581689047,-1.6767159737290798,-0.9092412148850316,1.566461646143927,-1.2984462005763848,-0.007236467851705003,0.39787456676009564,0.1720724415122866,-2.1440078559893223,-2.215595611723557,-0.056036409454463046
6.5083333333333115,-4.407063710019513,-2.0581713352308637,-1.676714728441224,-0.9093855292729904,1.5665906249535004,-1.298134172363324,-0.007238903770145264,0.39786156072117723,0.17205371322267754,-2.144415098472378,-2.2153100846618825,-0.05573297987341296
6.516666666666645,-4.407074390774429,-2.058186165456232,-1.676713534076359,-0.9095277453061786,1.56671326596919,-1.297851129584954,-0.007241149743543835,0.3978488327524893,0.1720354296165456,-2.144790383594458,-2.215056695377594,-0.05544145230612414
6.524999999999978,-4.407084157990528,-2.0581995161774738,-1.6767123784091926,-0.9096580697903758,1.56682857402852,-1.297593903691803,-0.007243446064454361,0.39783710192919275,0.1720187842867571,-2.1451307042335293,-2.214825754211573,-0.05517064363241607
6.533333333333312,-4.40709292762244,-2.0582110673918548,-1.6767112640767847,-0.9097720051470416,1.566936630146565,-1.2973591276302214,-0.007245933170358531,0.39782668527949444,0.17200430588941604,-2.14543664571712,-2.2146105938286706,-0.05492374410744381
6.541666666666645,-4.407100689589677,-2.0582207965873303,-1.6767102039607311,-0.909868399931889,1.5670375064820772,-1.2971439721968967,-0.00724864622921412,0.39781766213713304,0.17199210326868647,-2.145710548400738,-2.214407403210617,-0.0547013575193898
6.5499999999999785,-4.407107475416161,-2.058228817978612,-1.6767092093923404,-0.90994775131661,1.5671313433042926,-1.2969460471338377,-0.007251572446623515,0.3978099938837652,0.17198208405086501,-2.145955397917852,-2.2142139284198095,-0.05450273508965592
6.558333333333311,-4.407115023876419,-2.058237851334409,-1.6767102721810123,-0.9100752890622862,1.5672643944902445,-1.297130493225669,-0.007256043756857111,0.3977975110207553,0.17196674917025456,-2.1458001770096913,-2.2144561511780005,-0.05423092062261072
6.566666666666645,-4.407120783243316,-2.058229611674756,-1.6767090839347218,-0.9100348821939904,1.567384992586733,-1.2974735289492925,-0.007264116228938839,0.3977975776447649,0.17197384067697352,-2.1453575106872966,-2.21475536748318,-0.054117865434200385
6.574999999999978,-4.407125222555182,-2.058212897489742,-1.6767070507897852,-0.9099094990456352,1.5674940494944356,-1.2978902481207402,-0.007273750376423969,0.39780406926672107,0.1719921022024478,-2.1447782754942457,-2.2150785268537185,-0.05409167981026846
6.583333333333312,-4.407136588864233,-2.058189045406043,-1.6767022546910826,-0.9097379568996712,1.5677445903494782,-1.2982833350757996,-0.007292853072912008,0.39781084981536863,0.17201797964813012,-2.1441481153307933,-2.2152916986216833,-0.0539123098783186
6.591666666666645,-4.4071339301767285,-2.058156345981715,-1.676699417187639,-0.9094091871207046,1.5678129871159896,-1.2983770413927918,-0.00730672335543921,0.3978328531600099,0.17206102454782407,-2.1437929854799864,-2.2151422830395386,-0.05408532083934651
6.599999999999978,-4.407130238614586,-2.0581239039511843,-1.67669621525493,-0.9090587904368836,1.5678200876446768,-1.2984311008723497,-0.007316728641816891,0.39785798248731125,0.1721060566104911,-2.1434883048591673,-2.2149547046632607,-0.05435566694514495
6.608333333333311,-4.4071298226320685,-2.0581237650948863,-1.6766964656293284,-0.9090190562216292,1.5677971828924535,-1.2982256754960728,-0.00731599527448958,0.3978613685960208,0.17210965439697862,-2.143696488026951,-2.214713631033841,-0.05440599064097436
6.616666666666645,-4.407134635901224,-2.058125438840034,-1.6766943146435715,-0.9090177911296838,1.567833550518616,-1.2980913155162828,-0.007317086359849459,0.39786103324576216,0.1721096970920838,-2.143835180165414,-2.2145512846675715,-0.05435175622349319
6.624999999999978,-4.407140092370435,-2.058131861187618,-1.6766931060653385,-0.9090692777929044,1.5678638281461228,-1.2980163205495123,-0.007316216683227862,0.3978569516529676,0.1721028892008859,-2.1439478595960333,-2.2144919059938744,-0.054266534618071745
6.6333333333333115,-4.40714599441468,-2.058155309329153,-1.6766965379232357,-0.9093140524252936,1.5678889043485644,-1.2980877280481968,-0.007310186782069123,0.3978384763234202,0.1720708038751531,-2.1440354850534424,-2.2147303426698666,-0.05404049826212111
6.641666666666644,-4.407148979231627,-2.058165896639635,-1.676698472224054,-0.9094224000490524,1.5679162967557756,-1.2981014381810456,-0.007308618650331037,0.3978298249367996,0.1720564089702057,-2.1440889362390987,-2.2148117807556305,-0.05391697201633628
6.649999999999978,-4.4071504748135375,-2.058168897088969,-1.6766994638922776,-0.9094524100002378,1.5679412134528508,-1.2981109696350033,-0.007309245602191199,0.39782692354180943,0.17205227012499755,-2.144092422212739,-2.214835177700778,-0.05385904666392123
6.658333333333311,-4.4071513281135175,-2.0581677004189363,-1.6766998603410983,-0.9094410633138318,1.5679621918972575,-1.2981412259652252,-0.0073107732758696965,0.397827138431315,0.1720536452852314,-2.144045311527424,-2.214853213998051,-0.053840600464119794
6.666666666666645,-4.40715185813054,-2.058164166233313,-1.6766999050103537,-0.9094066251723468,1.5679778120093288,-1.2981909283983997,-0.007312544151336587,0.39782917493557984,0.1720581029065466,-2.143962465773659,-2.214877658138623,-0.05384887568937948
6.674999999999978,-4.407152376410932,-2.058158954097601,-1.6766996424518743,-0.9093571523418312,1.5679925933956904,-1.2982654991807496,-0.00731460489483772,0.3978323450923085,0.17206464751657416,-2.1438421196063118,-2.2149183776715566,-0.05387167240991522
6.683333333333311,-4.407153082895447,-2.058155292285779,-1.6766995652000292,-0.909325595048673,1.568000708063611,-1.2983618041485028,-0.007315659818181818,0.3978343788977254,0.1720689270906141,-2.1437126737035928,-2.2149969970742784,-0.0538904199278447
6.691666666666644,-4.407153271168238,-2.058140125274126,-1.6766954545217438,-0.9091487966919464,1.5680063807915732,-1.298205788868124,-0.007320208858438274,0.39784750964055277,0.17209185695476992,-2.1437605305668206,-2.2147001120452527,-0.05401665048053579
6.699999999999978,-4.407156973348641,-2.058152525630196,-1.6766974711335023,-0.909282876570018,1.5680054648426764,-1.298331506014413,-0.007315563906759302,0.3978377188695202,0.17207441821680097,-2.1437191169189185,-2.214928099861333,-0.05391696782258783
6.708333333333311,-4.407159189538655,-2.0581579422311607,-1.6766987859305966,-0.9093471954684562,1.5680105234321495,-1.2984619207495136,-0.007313566264849031,0.3978328145750459,0.17206616214628428,-2.1436208473383727,-2.2151112763494503,-0.05386498488280223
6.716666666666645,-4.407160754843395,-2.058160246276856,-1.6766998164820202,-0.9093830766195258,1.568014938343534,-1.2986210690016786,-0.007312423595087105,0.3978299725897491,0.17206175060754597,-2.1434708731270726,-2.2153060108454765,-0.05383805301732766
6.724999999999977,-4.407161332950452,-2.0581486204414405,-1.676696670215047,-0.909246236290211,1.568014450204462,-1.2985209424548945,-0.007315390262805765,0.39784025560070946,0.1720794455548842,-2.1434876463524297,-2.2150996384214836,-0.05394329827087104
6.733333333333311,-4.407165505058358,-2.05816629211427,-1.6767003193294512,-0.9094442081526324,1.5680107241575156,-1.2987464771648578,-0.007308817416239937,0.39782570815008694,0.17205376349487234,-2.1433820760291633,-2.2154815737436677,-0.0538009947839551
6.741666666666644,-4.4071680299715,-2.0581747338213723,-1.6767027205324447,-0.9095502223264548,1.56801892188978,-1.2989632513755411,-0.007305945351450036,0.39781756477205943,0.1720402801194879,-2.143216642124595,-2.2157864951327846,-0.053715641298253104
6.749999999999978,-4.407170011319026,-2.0581797118209937,-1.6767045359934676,-0.9096211521754508,1.568026683900759,-1.2991706842040895,-0.007304068996151067,0.39781201005286093,0.1720314587993143,-2.1430367511804826,-2.2160568362079336,-0.05365857947113584
6.758333333333311,-4.40717019097903,-2.058162965879801,-1.6767016628912546,-0.9094467676815318,1.5680476029996264,-1.2992155761229072,-0.007309676868182659,0.39782433602431133,0.1720544329054311,-2.142860408034622,-2.215974602194192,-0.053771835564715056
6.766666666666644,-4.407173366093195,-2.05816542702148,-1.6767016021890904,-0.9094726460896742,1.5680518109298995,-1.299322788906231,-0.0073081706411933815,0.397822440813248,0.17205116119528238,-2.1427624089548996,-2.2161043397245654,-0.0537507466608668
6.774999999999977,-4.407180025968689,-2.0581852141751686,-1.6767183095786224,-0.90955516679353,1.5681234749871176,-1.2990335360169198,-0.007308377225503985,0.39781202257096226,0.17203163837614527,-2.1431353255530268,-2.2158396227665937,-0.0535545501583227
6.783333333333311,-4.407189069314836,-2.058230050893476,-1.6767357287693012,-0.9099448130265771,1.5681772655099853,-1.2990638518587692,-0.007299340024682252,0.39778016116072484,0.17197451814739584,-2.143372672939944,-2.2161375568113604,-0.053157537608289215
6.791666666666644,-4.40719534918499,-2.0582369271791414,-1.6767484757641289,-0.9099235169115456,1.568286134079543,-1.2988768180639318,-0.007305126627465232,0.3977768305775886,0.17197039301103562,-2.1435453865562826,-2.2158956359010227,-0.053002216118299965
6.799999999999978,-4.407205582768071,-2.0582648431258925,-1.6767658079009466,-0.9101480576171128,1.56840617373056,-1.2989370286466182,-0.00730445938430036,0.39775498936070164,0.17193472251994102,-2.1436153432413,-2.216088464671271,-0.052647435897831316
6.8083333333333105,-4.407214611924226,-2.0582710094252525,-1.6767799096307316,-0.910101670667388,1.5685568349092025,-1.2984141180912714,-0.007312906440683791,0.3977522032975401,0.17193277506128804,-2.1441295901639323,-2.2154518239774945,-0.05243777776949135
6.816666666666644,-4.407222544423104,-2.058278414052141,-1.67679441878514,-0.9101329847663066,1.568694378757062,-1.2986504411633912,-0.00731897467787445,0.3977440484743336,0.17192320605605527,-2.1438637766997632,-2.215693803601996,-0.05222297137200623
6.824999999999977,-4.407230366494532,-2.0582750279687585,-1.6768060745416982,-0.9099985469618196,1.5688537294336882,-1.298167361349507,-0.007330676675784002,0.39774769375455815,0.17193354267387811,-2.144267941971637,-2.215034897818613,-0.05207521039043838
6.833333333333311,-4.407237209633474,-2.058275695571262,-1.6768189093545205,-0.9099725750564448,1.5689990583961029,-1.2984838273154975,-0.0073391518196551115,0.39774367411806294,0.17193218784310305,-2.1438696567167597,-2.2153204573907304,-0.05190074121638109
6.841666666666644,-4.4072414284941885,-2.0582661507847173,-1.6768304104016571,-0.9098321795209484,1.5691363023218006,-1.2987176689113658,-0.007350667369270856,0.39774817796028344,0.17194546440550712,-2.1434838761432293,-2.2154407389056545,-0.051824231614757243
6.849999999999977,-4.407223857404637,-2.058264120544764,-1.6768729747414424,-0.909562331999156,1.568907756835725,-1.2977138174432112,-0.007343451460830951,0.397765254119264,0.17195935903827514,-2.1445033458923146,-2.2142907043823032,-0.052254411731037106
6.85833333333331,-4.407210343264342,-2.058272520913276,-1.6769089098213603,-0.909465593690126,1.5686914940839858,-1.2971769980663193,-0.007332082813917368,0.3977709507936193,0.17195535102434717,-2.1451202386183366,-2.213751967995345,-0.05256189136110437
6.866666666666644,-4.407199027034989,-2.0582835161516915,-1.6769407783964991,-0.9094129960909096,1.5684871108527074,-1.2966091077394843,-0.007320014880055189,0.39777398090644167,0.1719474388995885,-2.145795646572567,-2.213200863568373,-0.052821246321484897
6.874999999999977,-4.407191146862385,-2.058300473027733,-1.6769705626260991,-0.9094114795625112,1.5683085905373753,-1.2956118695060566,-0.007307593093787858,0.39777320221529705,0.17193317476373715,-2.146969671982359,-2.2122077268242033,-0.05298664656708002
6.883333333333311,-4.407185643354116,-2.0583233450054346,-1.6769949903182713,-0.9095258584677312,1.568136934819825,-1.2951290710740258,-0.007292466930105598,0.39776498678973554,0.17190757732023176,-2.14765266124912,-2.2118426570647305,-0.05308266680881575
6.8916666666666435,-4.407179925273745,-2.0583406760238625,-1.677017270385495,-0.9095934438141904,1.5679841333423217,-1.294698814746981,-0.007280058905700972,0.39775998815913627,0.17188891153093244,-2.148237379687439,-2.2114942946818203,-0.05319457672718872
6.899999999999977,-4.407175644541018,-2.05835749656079,-1.6770388139757957,-0.9096320052552134,1.5678525723867496,-1.2938112306024243,-0.0072694407078599445,0.3977567068136506,0.1718732667766022,-2.1492976423055463,-2.21062189509986,-0.05327884286029236
6.90833333333331,-4.407172574696305,-2.0583783511548246,-1.6770560792596154,-0.9097671580579408,1.5677204539624188,-1.293496712538098,-0.007256366922701163,0.39774732106525845,0.17184847204482895,-2.1497922067130175,-2.2104325020377664,-0.05332075699426906
6.916666666666644,-4.40716863789446,-2.058391513134839,-1.6770721667468556,-0.9098263511389776,1.5676084051614252,-1.2932334504248186,-0.00724696257182782,0.39774301162115405,0.17183381121900926,-2.15016999534553,-2.2102394660352584,-0.053398403024330396
6.924999999999977,-4.407165715500903,-2.058403642664266,-1.6770881360466643,-0.9098450958347534,1.5675135751619036,-1.2924755729329984,-0.007239424083771229,0.3977412195651147,0.17182323936616167,-2.151057775859791,-2.209475877452964,-0.05346036622214349
6.9333333333333105,-4.407165715500903,-2.058403642664266,-1.6770881360466643,-0.9098450958347534,1.5675135751619036,-1.2924755729329984,-0.007239424083771229,0.3977412195651147,0.17182323936616167,-2.151057775859791,-2.209475877452964,-0.05346036622214349
6.941666666666643,-4.407165715500903,-2.058403642664266,-1.6770881360466643,-0.9098450958347534,1.5675135751619036,-1.2924755729329984,-0.007239424083771229,0.3977412195651147,0.17182323936616167,-2.151057775859791,-2.209475877452964,-0.05346036622214349
6.949999999999977,-4.407165715500903,-2.058403642664266,-1.6770881360466643,-0.9098450958347534,1.5675135751619036,-1.2924755729329984,-0.007239424083771229,0.3977412195651147,0.17182323936616167,-2.151057775859791,-2.209475877452964,-0.05346036622214349
6.95833333333331,-4.407165715500903,-2.058403642664266,-1.6770881360466643,-0.9098450958347534,1.5675135751619036,-1.2924755729329984,-0.007239424083771229,0.3977412195651147,0.17182323936616167,-2.151057775859791,-2.209475877452964,-0.05346036622214349
6.966666666666644,-4.407165715500903,-2.058403642664266,-1.6770881360466643,-0.9098450958347534,1.5675135751619036,-1.2924755729329984,-0.007239424083771229,0.3977412195651147,0.17182323936616167,-2.151057775859791,-2.209475877452964,-0.05346036622214349
6.9749999999999766,-4.407165715500903,-2.058403642664266,-1.6770881360466643,-0.9098450958347534,1.5675135751619036,-1.2924755729329984,-0.007239424083771229,0.3977412195651147,0.17182323936616167,-2.151057775859791,-2.209475877452964,-0.05346036622214349
6.98333333333331,-4.407165715500903,-2.058403642664266,-1.6770881360466643,-0.9098450958347534,1.5675135751619036,-1.2924755729329984,-0.007239424083771229,0.3977412195651147,0.17182323936616167,-2.151057775859791,-2.209475877452964,-0.05346036622214349
6.991666666666643,-4.407165715500903,-2.058403642664266,-1.6770881360466643,-0.9098450958347534,1.5675135751619036,-1.2924755729329984,-0.007239424083771229,0.3977412195651147,0.17182323936616167,-2.151057775859791,-2.209475877452964,-0.05346036622214349
6.999999999999977,-4.407165715500903,-2.058403642664266,-1.6770881360466643,-0.9098450958347534,1.5675135751619036,-1.2924755729329984,-0.007239424083771229,0.3977412195651147,0.17182323936616167,-2.151057775859791,-2.209475877452964,-0.05346036622214349
7.00833333333331,-4.407165715500903,-2.058403642664266,-1.6770881360466643,-0.9098450958347534,1.5675135751619036,-1.2924755729329984,-0.007239424083771229,0.3977412195651147,0.17182323936616167,-2.151057775859791,-2.209475877452964,-0.05346036622214349
7.0166666666666435,-4.407165715500903,-2.058403642664266,-1.6770881360466643,-0.9098450958347534,1.5675135751619036,-1.2924755729329984,-0.007239424083771229,0.3977412195651147,0.17182323936616167,-2.151057775859791,-2.209475877452964,-0.05346036622214349
7.024999999999976,-4.407165715500903,-2.058403642664266,-1.6770881360466643,-0.9098450958347534,1.5675135751619036,-1.2924755729329984,-0.007239424083771229,0.3977412195651147,0.17182323936616167,-2.151057775859791,-2.209475877452964,-0.05346036622214349
7.03333333333331,-4.407165715500903,-2.058403642664266,-1.6770881360466643,-0.9098450958347534,1.5675135751619036,-1.2924755729329984,-0.007239424083771229,0.3977412195651147,0.17182323936616167,-2.151057775859791,-2.209475877452964,-0.05346036622214349
7.041666666666643,-4.407165715500903,-2.058403642664266,-1.6770881360466643,-0.9098450958347534,1.5675135751619036,-1.2924755729329984,-0.007239424083771229,0.3977412195651147,0.17182323936616167,-2.151057775859791,-2.209475877452964,-0.05346036622214349
7.049999999999977,-4.407165715500903,-2.058403642664266,-1.6770881360466643,-0.9098450958347534,1.5675135751619036,-1.2924755729329984,-0.007239424083771229,0.3977412195651147,0.17182323936616167,-2.151057775859791,-2.209475877452964,-0.05346036622214349
7.05833333333331,-4.407165715500903,-2.058403642664266,-1.6770881360466643,-0.9098450958347534,1.5675135751619036,-1.2924755729329984,-0.007239424083771229,0.3977412195651147,0.17182323936616167,-2.151057775859791,-2.209475877452964,-0.05346036622214349
7.066666666666643,-4.407165715500903,-2.058403642664266,-1.6770881360466643,-0.9098450958347534,1.5675135751619036,-1.2924755729329984,-0.007239424083771229,0.3977412195651147,0.17182323936616167,-2.151057775859791,-2.209475877452964,-0.05346036622214349
7.074999999999976,-4.407165715500903,-2.058403642664266,-1.6770881360466643,-0.9098450958347534,1.5675135751619036,-1.2924755729329984,-0.007239424083771229,0.3977412195651147,0.17182323936616167,-2.151057775859791,-2.209475877452964,-0.05346036622214349
7.08333333333331,-4.407165715500903,-2.058403642664266,-1.6770881360466643,-0.9098450958347534,1.5675135751619036,-1.2924755729329984,-0.007239424083771229,0.3977412195651147,0.17182323936616167,-2.151057775859791,-2.209475877452964,-0.05346036622214349
7.091666666666643,-4.407165715500903,-2.058403642664266,-1.6770881360466643,-0.9098450958347534,1.5675135751619036,-1.2924755729329984,-0.007239424083771229,0.3977412195651147,0.17182323936616167,-2.151057775859791,-2.209475877452964,-0.05346036622214349
7.0999999999999766,-4.407165715500903,-2.058403642664266,-1.6770881360466643,-0.9098450958347534,1.5675135751619036,-1.2924755729329984,-0.007239424083771229,0.3977412195651147,0.17182323936616167,-2.151057775859791,-2.209475877452964,-0.05346036622214349
7.108333333333309,-4.407165715500903,-2.058403642664266,-1.6770881360466643,-0.9098450958347534,1.5675135751619036,-1.2924755729329984,-0.007239424083771229,0.3977412195651147,0.17182323936616167,-2.151057775859791,-2.209475877452964,-0.05346036622214349
7.116666666666643,-4.407165715500903,-2.058403642664266,-1.6770881360466643,-0.9098450958347534,1.5675135751619036,-1.2924755729329984,-0.007239424083771229,0.3977412195651147,0.17182323936616167,-2.151057775859791,-2.209475877452964,-0.05346036622214349
7.124999999999976,-4.407165715500903,-2.058403642664266,-1.6770881360466643,-0.9098450958347534,1.5675135751619036,-1.2924755729329984,-0.007239424083771229,0.3977412195651147,0.17182323936616167,-2.151057775859791,-2.209475877452964,-0.05346036622214349
7.13333333333331,-4.407165715500903,-2.058403642664266,-1.6770881360466643,-0.9098450958347534,1.5675135751619036,-1.2924755729329984,-0.007239424083771229,0.3977412195651147,0.17182323936616167,-2.151057775859791,-2.209475877452964,-0.05346036622214349
7.141666666666643,-4.407165715500903,-2.058403642664266,-1.6770881360466643,-0.9098450958347534,1.5675135751619036,-1.2924755729329984,-0.007239424083771229,0.3977412195651147,0.17182323936616167,-2.151057775859791,-2.209475877452964,-0.05346036622214349
7.149999999999976,-4.407165715500903,-2.058403642664266,-1.6770881360466643,-0.9098450958347534,1.5675135751619036,-1.2924755729329984,-0.007239424083771229,0.3977412195651147,0.17182323936616167,-2.151057775859791,-2.209475877452964,-0.05346036622214349
7.158333333333309,-4.407165715500903,-2.058403642664266,-1.6770881360466643,-0.9098450958347534,1.5675135751619036,-1.2924755729329984,-0.007239424083771229,0.3977412195651147,0.17182323936616167,-2.151057775859791,-2.209475877452964,-0.05346036622214349
7.166666666666643,-4.407165715500903,-2.058403642664266,-1.6770881360466643,-0.9098450958347534,1.5675135751619036,-1.2924755729329984,-0.007239424083771229,0.3977412195651147,0.17182323936616167,-2.151057775859791,-2.209475877452964,-0.05346036622214349
7.174999999999976,-4.407165715500903,-2.058403642664266,-1.6770881360466643,-0.9098450958347534,1.5675135751619036,-1.2924755729329984,-0.007239424083771229,0.3977412195651147,0.17182323936616167,-2.151057775859791,-2.209475877452964,-0.05346036622214349
7.18333333333331,-4.407165715500903,-2.058403642664266,-1.6770881360466643,-0.9098450958347534,1.5675135751619036,-1.2924755729329984,-0.007239424083771229,0.3977412195651147,0.17182323936616167,-2.151057775859791,-2.209475877452964,-0.05346036622214349
7.1916666666666424,-4.407165715500903,-2.058403642664266,-1.6770881360466643,-0.9098450958347534,1.5675135751619036,-1.2924755729329984,-0.007239424083771229,0.3977412195651147,0.17182323936616167,-2.151057775859791,-2.209475877452964,-0.05346036622214349
7.199999999999976,-4.407165715500903,-2.058403642664266,-1.6770881360466643,-0.9098450958347534,1.5675135751619036,-1.2924755729329984,-0.007239424083771229,0.3977412195651147,0.17182323936616167,-2.151057775859791,-2.209475877452964,-0.05346036622214349
7.208333333333309,-4.407165715500903,-2.058403642664266,-1.6770881360466643,-0.9098450958347534,1.5675135751619036,-1.2924755729329984,-0.007239424083771229,0.3977412195651147,0.17182323936616167,-2.151057775859791,-2.209475877452964,-0.05346036622214349
7.216666666666643,-4.407165715500903,-2.058403642664266,-1.6770881360466643,-0.9098450958347534,1.5675135751619036,-1.2924755729329984,-0.007239424083771229,0.3977412195651147,0.17182323936616167,-2.151057775859791,-2.209475877452964,-0.05346036622214349
7.224999999999976,-4.407165715500903,-2.058403642664266,-1.6770881360466643,-0.9098450958347534,1.5675135751619036,-1.2924755729329984,-0.007239424083771229,0.3977412195651147,0.17182323936616167,-2.151057775859791,-2.209475877452964,-0.05346036622214349
7.233333333333309,-4.407165715500903,-2.058403642664266,-1.6770881360466643,-0.9098450958347534,1.5675135751619036,-1.2924755729329984,-0.007239424083771229,0.3977412195651147,0.17182323936616167,-2.151057775859791,-2.209475877452964,-0.05346036622214349
7.241666666666642,-4.407165715500903,-2.058403642664266,-1.6770881360466643,-0.9098450958347534,1.5675135751619036,-1.2924755729329984,-0.007239424083771229,0.3977412195651147,0.17182323936616167,-2.151057775859791,-2.209475877452964,-0.05346036622214349
7.249999999999976,-4.407165715500903,-2.058403642664266,-1.6770881360466643,-0.9098450958347534,1.5675135751619036,-1.2924755729329984,-0.007239424083771229,0.3977412195651147,0.17182323936616167,-2.151057775859791,-2.209475877452964,-0.05346036622214349
7.258333333333309,-4.407165715500903,-2.058403642664266,-1.6770881360466643,-0.9098450958347534,1.5675135751619036,-1.2924755729329984,-0.007239424083771229,0.3977412195651147,0.17182323936616167,-2.151057775859791,-2.209475877452964,-0.05346036622214349
7.266666666666643,-4.407165715500903,-2.058403642664266,-1.6770881360466643,-0.9098450958347534,1.5675135751619036,-1.2924755729329984,-0.007239424083771229,0.3977412195651147,0.17182323936616167,-2.151057775859791,-2.209475877452964,-0.05346036622214349
7.2749999999999755,-4.407165715500903,-2.058403642664266,-1.6770881360466643,-0.9098450958347534,1.5675135751619036,-1.2924755729329984,-0.007239424083771229,0.3977412195651147,0.17182323936616167,-2.151057775859791,-2.209475877452964,-0.05346036622214349
7.283333333333309,-4.407165715500903,-2.058403642664266,-1.6770881360466643,-0.9098450958347534,1.5675135751619036,-1.2924755729329984,-0.007239424083771229,0.3977412195651147,0.17182323936616167,-2.151057775859791,-2.209475877452964,-0.05346036622214349
7.291666666666642,-4.407165715500903,-2.058403642664266,-1.6770881360466643,-0.9098450958347534,1.5675135751619036,-1.2924755729329984,-0.007239424083771229,0.3977412195651147,0.17182323936616167,-2.151057775859791,-2.209475877452964,-0.05346036622214349
7.299999999999976,-4.407165715500903,-2.058403642664266,-1.6770881360466643,-0.9098450958347534,1.5675135751619036,-1.2924755729329984,-0.007239424083771229,0.3977412195651147,0.17182323936616167,-2.151057775859791,-2.209475877452964,-0.05346036622214349
7.308333333333309,-4.407165715500903,-2.058403642664266,-1.6770881360466643,-0.9098450958347534,1.5675135751619036,-1.2924755729329984,-0.007239424083771229,0.3977412195651147,0.17182323936616167,-2.151057775859791,-2.209475877452964,-0.05346036622214349
7.3166666666666424,-4.407165715500903,-2.058403642664266,-1.6770881360466643,-0.9098450958347534,1.5675135751619036,-1.2924755729329984,-0.007239424083771229,0.3977412195651147,0.17182323936616167,-2.151057775859791,-2.209475877452964,-0.05346036622214349
7.324999999999975,-4.407165715500903,-2.058403642664266,-1.6770881360466643,-0.9098450958347534,1.5675135751619036,-1.2924755729329984,-0.007239424083771229,0.3977412195651147,0.17182323936616167,-2.151057775859791,-2.209475877452964,-0.05346036622214349
7.333333333333309,-4.407165715500903,-2.058403642664266,-1.6770881360466643,-0.9098450958347534,1.5675135751619036,-1.2924755729329984,-0.007239424083771229,0.3977412195651147,0.17182323936616167,-2.151057775859791,-2.209475877452964,-0.05346036622214349
7.341666666666642,-4.407165715500903,-2.058403642664266,-1.6770881360466643,-0.9098450958347534,1.5675135751619036,-1.2924755729329984,-0.007239424083771229,0.3977412195651147,0.17182323936616167,-2.151057775859791,-2.209475877452964,-0.05346036622214349
