timestamp,actual_q_0,actual_q_1,actual_q_2,actual_q_3,actual_q_4,actual_q_5,actual_TCP_pose_0,actual_TCP_pose_1,actual_TCP_pose_2,actual_TCP_pose_3,actual_TCP_pose_4,actual_TCP_pose_5
0.0,-3.12758706307926,-1.595533213359328,-1.475867986323481,-1.6616040323512156,1.5700299078643891,-0.0167712324183686,-0.30393962850376904,0.10816666352165778,0.3267894528822713,2.1771389343263388,2.2452147789525645,0.023613667077090495
0.00416666666666667,-3.12758706307926,-1.595533213359328,-1.475867986323481,-1.6616040323512156,1.5700299078643891,-0.0167712324183686,-0.30393962850376904,0.10816666352165778,0.3267894528822713,2.1771389343263388,2.2452147789525645,0.023613667077090495
0.00833333333333334,-3.12758706307926,-1.595533213359328,-1.475867986323481,-1.6616040323512156,1.5700299078643891,-0.0167712324183686,-0.30393962850376904,0.10816666352165778,0.3267894528822713,2.1771389343263388,2.2452147789525645,0.023613667077090495
0.012500000000000011,-3.12758706307926,-1.595533213359328,-1.475867986323481,-1.6616040323512156,1.5700299078643891,-0.0167712324183686,-0.30393962850376904,0.10816666352165778,0.3267894528822713,2.1771389343263388,2.2452147789525645,0.023613667077090495
0.01666666666666668,-3.12758706307926,-1.595533213359328,-1.475867986323481,-1.6616040323512156,1.5700299078643891,-0.0167712324183686,-0.30393962850376904,0.10816666352165778,0.3267894528822713,2.1771389343263388,2.2452147789525645,0.023613667077090495
0.02083333333333335,-3.12758706307926,-1.595533213359328,-1.475867986323481,-1.6616040323512156,1.5700299078643891,-0.0167712324183686,-0.30393962850376904,0.10816666352165778,0.3267894528822713,2.1771389343263388,2.2452147789525645,0.023613667077090495
0.025000000000000022,-3.12758706307926,-1.595533213359328,-1.475867986323481,-1.6616040323512156,1.5700299078643891,-0.0167712324183686,-0.30393962850376904,0.10816666352165778,0.3267894528822713,2.1771389343263388,2.2452147789525645,0.023613667077090495
0.02916666666666669,-3.12758706307926,-1.595533213359328,-1.475867986323481,-1.6616040323512156,1.5700299078643891,-0.0167712324183686,-0.30393962850376904,0.10816666352165778,0.3267894528822713,2.1771389343263388,2.2452147789525645,0.023613667077090495
0.03333333333333336,-3.12758706307926,-1.595533213359328,-1.475867986323481,-1.6616040323512156,1.5700299078643891,-0.0167712324183686,-0.30393962850376904,0.10816666352165778,0.3267894528822713,2.1771389343263388,2.2452147789525645,0.023613667077090495
0.03750000000000003,-3.12758706307926,-1.595533213359328,-1.475867986323481,-1.6616040323512156,1.5700299078643891,-0.0167712324183686,-0.30393962850376904,0.10816666352165778,0.3267894528822713,2.1771389343263388,2.2452147789525645,0.023613667077090495
0.0416666666666667,-3.12758706307926,-1.595533213359328,-1.475867986323481,-1.6616040323512156,1.5700299078643891,-0.0167712324183686,-0.30393962850376904,0.10816666352165778,0.3267894528822713,2.1771389343263388,2.2452147789525645,0.023613667077090495
0.04583333333333337,-3.12758706307926,-1.595533213359328,-1.475867986323481,-1.6616040323512156,1.5700299078643891,-0.0167712324183686,-0.30393962850376904,0.10816666352165778,0.3267894528822713,2.1771389343263388,2.2452147789525645,0.023613667077090495
0.050000000000000044,-3.12758706307926,-1.595533213359328,-1.475867986323481,-1.6616040323512156,1.5700299078643891,-0.0167712324183686,-0.30393962850376904,0.10816666352165778,0.3267894528822713,2.1771389343263388,2.2452147789525645,0.023613667077090495
0.05416666666666671,-3.12758706307926,-1.595533213359328,-1.475867986323481,-1.6616040323512156,1.5700299078643891,-0.0167712324183686,-0.30393962850376904,0.10816666352165778,0.3267894528822713,2.1771389343263388,2.2452147789525645,0.023613667077090495
0.05833333333333338,-3.12758706307926,-1.595533213359328,-1.475867986323481,-1.6616040323512156,1.5700299078643891,-0.0167712324183686,-0.30393962850376904,0.10816666352165778,0.3267894528822713,2.1771389343263388,2.2452147789525645,0.023613667077090495
0.06250000000000006,-3.12758706307926,-1.595533213359328,-1.475867986323481,-1.6616040323512156,1.5700299078643891,-0.0167712324183686,-0.30393962850376904,0.10816666352165778,0.3267894528822713,2.1771389343263388,2.2452147789525645,0.023613667077090495
0.06666666666666672,-3.12758706307926,-1.595533213359328,-1.475867986323481,-1.6616040323512156,1.5700299078643891,-0.0167712324183686,-0.30393962850376904,0.10816666352165778,0.3267894528822713,2.1771389343263388,2.2452147789525645,0.023613667077090495
0.07083333333333339,-3.12758706307926,-1.595533213359328,-1.475867986323481,-1.6616040323512156,1.5700299078643891,-0.0167712324183686,-0.30393962850376904,0.10816666352165778,0.3267894528822713,2.1771389343263388,2.2452147789525645,0.023613667077090495
0.07500000000000007,-3.12758706307926,-1.595533213359328,-1.475867986323481,-1.6616040323512156,1.5700299078643891,-0.0167712324183686,-0.30393962850376904,0.10816666352165778,0.3267894528822713,2.1771389343263388,2.2452147789525645,0.023613667077090495
0.07916666666666673,-3.12758706307926,-1.595533213359328,-1.475867986323481,-1.6616040323512156,1.5700299078643891,-0.0167712324183686,-0.30393962850376904,0.10816666352165778,0.3267894528822713,2.1771389343263388,2.2452147789525645,0.023613667077090495
0.0833333333333334,-3.12758706307926,-1.595533213359328,-1.475867986323481,-1.6616040323512156,1.5700299078643891,-0.0167712324183686,-0.30393962850376904,0.10816666352165778,0.3267894528822713,2.1771389343263388,2.2452147789525645,0.023613667077090495
0.08750000000000008,-3.12758706307926,-1.595533213359328,-1.475867986323481,-1.6616040323512156,1.5700299078643891,-0.0167712324183686,-0.30393962850376904,0.10816666352165778,0.3267894528822713,2.1771389343263388,2.2452147789525645,0.023613667077090495
0.09166666666666674,-3.12758706307926,-1.595533213359328,-1.475867986323481,-1.6616040323512156,1.5700299078643891,-0.0167712324183686,-0.30393962850376904,0.10816666352165778,0.3267894528822713,2.1771389343263388,2.2452147789525645,0.023613667077090495
0.09583333333333341,-3.12758706307926,-1.595533213359328,-1.475867986323481,-1.6616040323512156,1.5700299078643891,-0.0167712324183686,-0.30393962850376904,0.10816666352165778,0.3267894528822713,2.1771389343263388,2.2452147789525645,0.023613667077090495
0.10000000000000009,-3.12758706307926,-1.595533213359328,-1.475867986323481,-1.6616040323512156,1.5700299078643891,-0.0167712324183686,-0.30393962850376904,0.10816666352165778,0.3267894528822713,2.1771389343263388,2.2452147789525645,0.023613667077090495
0.10416666666666675,-3.12758706307926,-1.595533213359328,-1.475867986323481,-1.6616040323512156,1.5700299078643891,-0.0167712324183686,-0.30393962850376904,0.10816666352165778,0.3267894528822713,2.1771389343263388,2.2452147789525645,0.023613667077090495
0.10833333333333342,-3.12758706307926,-1.595533213359328,-1.475867986323481,-1.6616040323512156,1.5700299078643891,-0.0167712324183686,-0.30393962850376904,0.10816666352165778,0.3267894528822713,2.1771389343263388,2.2452147789525645,0.023613667077090495
0.11250000000000009,-3.12758706307926,-1.595533213359328,-1.475867986323481,-1.6616040323512156,1.5700299078643891,-0.0167712324183686,-0.30393962850376904,0.10816666352165778,0.3267894528822713,2.1771389343263388,2.2452147789525645,0.023613667077090495
0.11666666666666677,-3.12758706307926,-1.595533213359328,-1.475867986323481,-1.6616040323512156,1.5700299078643891,-0.0167712324183686,-0.30393962850376904,0.10816666352165778,0.3267894528822713,2.1771389343263388,2.2452147789525645,0.023613667077090495
0.12083333333333343,-3.12758706307926,-1.595533213359328,-1.475867986323481,-1.6616040323512156,1.5700299078643891,-0.0167712324183686,-0.30393962850376904,0.10816666352165778,0.3267894528822713,2.1771389343263388,2.2452147789525645,0.023613667077090495
0.1250000000000001,-3.12758706307926,-1.595533213359328,-1.475867986323481,-1.6616040323512156,1.5700299078643891,-0.0167712324183686,-0.30393962850376904,0.10816666352165778,0.3267894528822713,2.1771389343263388,2.2452147789525645,0.023613667077090495
0.12916666666666676,-3.12758706307926,-1.595533213359328,-1.475867986323481,-1.6616040323512156,1.5700299078643891,-0.0167712324183686,-0.30393962850376904,0.10816666352165778,0.3267894528822713,2.1771389343263388,2.2452147789525645,0.023613667077090495
0.13333333333333344,-3.12758706307926,-1.595533213359328,-1.475867986323481,-1.6616040323512156,1.5700299078643891,-0.0167712324183686,-0.30393962850376904,0.10816666352165778,0.3267894528822713,2.1771389343263388,2.2452147789525645,0.023613667077090495
0.13750000000000012,-3.12758706307926,-1.595533213359328,-1.475867986323481,-1.6616040323512156,1.5700299078643891,-0.0167712324183686,-0.30393962850376904,0.10816666352165778,0.3267894528822713,2.1771389343263388,2.2452147789525645,0.023613667077090495
0.14166666666666677,-3.12758706307926,-1.595533213359328,-1.475867986323481,-1.6616040323512156,1.5700299078643891,-0.0167712324183686,-0.30393962850376904,0.10816666352165778,0.3267894528822713,2.1771389343263388,2.2452147789525645,0.023613667077090495
0.14583333333333345,-3.12758706307926,-1.595533213359328,-1.475867986323481,-1.6616040323512156,1.5700299078643891,-0.0167712324183686,-0.30393962850376904,0.10816666352165778,0.3267894528822713,2.1771389343263388,2.2452147789525645,0.023613667077090495
0.15000000000000013,-3.12758706307926,-1.595533213359328,-1.475867986323481,-1.6616040323512156,1.5700299078643891,-0.0167712324183686,-0.30393962850376904,0.10816666352165778,0.3267894528822713,2.1771389343263388,2.2452147789525645,0.023613667077090495
0.15416666666666679,-3.12758706307926,-1.595533213359328,-1.475867986323481,-1.6616040323512156,1.5700299078643891,-0.0167712324183686,-0.30393962850376904,0.10816666352165778,0.3267894528822713,2.1771389343263388,2.2452147789525645,0.023613667077090495
0.15833333333333346,-3.12758706307926,-1.595533213359328,-1.475867986323481,-1.6616040323512156,1.5700299078643891,-0.0167712324183686,-0.30393962850376904,0.10816666352165778,0.3267894528822713,2.1771389343263388,2.2452147789525645,0.023613667077090495
0.16250000000000014,-3.12758706307926,-1.595533213359328,-1.475867986323481,-1.6616040323512156,1.5700299078643891,-0.0167712324183686,-0.30393962850376904,0.10816666352165778,0.3267894528822713,2.1771389343263388,2.2452147789525645,0.023613667077090495
0.1666666666666668,-3.12758706307926,-1.595533213359328,-1.475867986323481,-1.6616040323512156,1.5700299078643891,-0.0167712324183686,-0.30393962850376904,0.10816666352165778,0.3267894528822713,2.1771389343263388,2.2452147789525645,0.023613667077090495
0.17083333333333348,-3.12758706307926,-1.595533213359328,-1.475867986323481,-1.6616040323512156,1.5700299078643891,-0.0167712324183686,-0.30393962850376904,0.10816666352165778,0.3267894528822713,2.1771389343263388,2.2452147789525645,0.023613667077090495
0.17500000000000016,-3.12758706307926,-1.595533213359328,-1.475867986323481,-1.6616040323512156,1.5700299078643891,-0.0167712324183686,-0.30393962850376904,0.10816666352165778,0.3267894528822713,2.1771389343263388,2.2452147789525645,0.023613667077090495
0.1791666666666668,-3.12758706307926,-1.595533213359328,-1.475867986323481,-1.6616040323512156,1.5700299078643891,-0.0167712324183686,-0.30393962850376904,0.10816666352165778,0.3267894528822713,2.1771389343263388,2.2452147789525645,0.023613667077090495
0.1833333333333335,-3.12758706307926,-1.595533213359328,-1.475867986323481,-1.6616040323512156,1.5700299078643891,-0.0167712324183686,-0.30393962850376904,0.10816666352165778,0.3267894528822713,2.1771389343263388,2.2452147789525645,0.023613667077090495
0.18750000000000017,-3.12758706307926,-1.595533213359328,-1.475867986323481,-1.6616040323512156,1.5700299078643891,-0.0167712324183686,-0.30393962850376904,0.10816666352165778,0.3267894528822713,2.1771389343263388,2.2452147789525645,0.023613667077090495
0.19166666666666682,-3.12758706307926,-1.595533213359328,-1.475867986323481,-1.6616040323512156,1.5700299078643891,-0.0167712324183686,-0.30393962850376904,0.10816666352165778,0.3267894528822713,2.1771389343263388,2.2452147789525645,0.023613667077090495
0.1958333333333335,-3.12758706307926,-1.595533213359328,-1.475867986323481,-1.6616040323512156,1.5700299078643891,-0.0167712324183686,-0.30393962850376904,0.10816666352165778,0.3267894528822713,2.1771389343263388,2.2452147789525645,0.023613667077090495
0.20000000000000018,-3.12758706307926,-1.595533213359328,-1.475867986323481,-1.6616040323512156,1.5700299078643891,-0.0167712324183686,-0.30393962850376904,0.10816666352165778,0.3267894528822713,2.1771389343263388,2.2452147789525645,0.023613667077090495
0.20416666666666683,-3.12758706307926,-1.595533213359328,-1.475867986323481,-1.6616040323512156,1.5700299078643891,-0.0167712324183686,-0.30393962850376904,0.10816666352165778,0.3267894528822713,2.1771389343263388,2.2452147789525645,0.023613667077090495
0.2083333333333335,-3.12758706307926,-1.595533213359328,-1.475867986323481,-1.6616040323512156,1.5700299078643891,-0.0167712324183686,-0.30393962850376904,0.10816666352165778,0.3267894528822713,2.1771389343263388,2.2452147789525645,0.023613667077090495
0.21250000000000016,-3.127070045672351,-1.6248957265906667,-1.362127918534414,-1.7449564323714948,1.5703041910213105,-0.0163575456300375,-0.3092114365601657,0.10791128668397519,0.344468015556116,2.177408711704115,2.245718222886328,0.022191624711475916
0.21666666666666684,-3.12676670180817,-1.652402979423605,-1.258305651525257,-1.818552205845089,1.5701073543170203,-0.0162082493993842,-0.31304105849280905,0.10777731021381998,0.36021061149795697,2.1786857705481713,2.247383917733498,0.019421763929316386
0.22083333333333352,-3.126769552833419,-1.6784277099511682,-1.1634528124071073,-1.8847270909222869,1.5699157516320068,-0.0162878614585078,-0.31572620543078284,0.1077540870063656,0.3739959046721663,2.1800105466831043,2.2489241813476513,0.01670981874935862
0.22500000000000017,-3.1270481107207044,-1.703100401152731,-1.0767330555337016,-1.944344284019323,1.569720942425352,-0.0165644309006343,-0.31756993439669806,0.1078307325431009,0.3859936944260055,2.1813119983013114,2.250262473764243,0.014241983986390639
0.22916666666666685,-3.127569439120909,-1.7265168134603062,-0.9973937685364136,-1.9980577945694131,1.569545120868712,-0.0170838054410506,-0.3188126346413104,0.10799246053041352,0.39639142415703094,2.1824932753677757,2.2514759103059405,0.011993030084058859
0.23333333333333353,-3.128303684890166,-1.7487580290168734,-0.924766988149951,-2.0464613350704357,1.5693937875667312,-0.0178159734355437,-0.3196367872131925,0.1082269057994387,0.4053663700348489,2.1835493954831304,2.252559229969195,0.009966815902360072
0.23750000000000018,-3.129223865696008,-1.769892437854125,-0.8582555047246477,-2.090079396394632,1.569268619797197,-0.0187339129412173,-0.32018012107465355,0.10852328134089445,0.413084351595579,2.1844823507191604,2.2535146600880633,0.00815838723624542
0.24166666666666686,-3.130306035216817,-1.789978446548868,-0.7973242720153746,-2.129378882198228,1.569169202924549,-0.0198136791246835,-0.3205450114117048,0.10887240341443781,0.4196972483698693,2.1852975637716603,2.2543480324857477,0.006558519231710291
0.24583333333333354,-3.131528930981242,-1.8090650407685536,-0.7414927627758412,-2.1647731429173787,1.569093036245511,-0.0210340634229906,-0.3208061867396241,0.10926658258195569,0.42534308724800424,2.1860054448313457,2.255070388310566,0.005150488637266526
0.2500000000000002,-3.132874212769396,-1.82719491582354,-0.6903282364755444,-2.1966345237040428,1.5690375124666869,-0.0223767743794535,-0.32101679843236464,0.1096994854847818,0.430145292388492,2.186616099315526,2.255692389876484,0.003917880134830071
0.2541666666666669,-3.134326211920008,-1.8444057880932576,-0.6434398694832939,-2.2252995519400907,1.5690000772488868,-0.0238261733595663,-0.3212134084216723,0.11016596323648162,0.4342134873056088,-2.1861360994025,-2.2551893828119107,-0.0028439054678462633
0.2583333333333335,-3.135871628744899,-1.860731143760685,-0.6004736893198687,-2.251072490391632,1.568978198344568,-0.0253689863078961,-0.3214199078019221,0.11066187437438918,0.4376447366819284,-2.185700369633498,-2.254732254687971,-0.001915553844231635
0.26250000000000023,-3.1374993049236863,-1.876201083441176,-0.5611082412899445,-2.2742292213611983,1.5689694818575866,-0.0269940751352832,-0.3216505819069264,0.11118392568354993,0.44052470868034405,-2.185333715610573,-2.2543466617571633,-0.001117827059830331
0.2666666666666669,-3.139199999734985,-1.8908429662019968,-0.5250509055758873,-2.295020457248888,1.5689717315418263,-0.028692216407899,-0.32191250690235945,0.11172952961668937,0.44292885797289516,-2.1850280554552755,-2.254024308240805,-0.0004365192243724339
0.27083333333333354,-3.1409661809955143,-1.9046819299417648,-0.4920347786980506,-2.313674494326755,1.568982953503858,-0.0304558871280549,-0.32220742046133016,0.11229668312217453,0.4449235465552208,-2.1847759353619796,-2.2537575152580454,0.00014154381100138256
0.27500000000000024,-3.1427918233901107,-1.9177412486280176,-0.4618160330304182,-2.33039943771502,1.56900132611815,-0.0322790621982249,-0.3225331732687069,0.11288386358871928,0.4465671068982047,-2.184570482151992,-2.253539174396797,0.0006285282135212851
0.2791666666666669,-3.144672183609613,-1.9300426973939195,-0.4341716728211018,-2.345384867017629,1.5690245752475236,-0.0341568836068881,-0.32288490523200414,0.11348997670375728,0.4479107959536932,-2.1844051128646127,-2.2533622104224005,0.0010351171584214135
0.28333333333333355,-3.1466037335382544,-1.9416067165605293,-0.4088982186177277,-2.3588052902284358,1.5690513883749724,-0.0360800982349832,-0.32325578497533697,0.11411419694039157,0.4489993726442671,-2.184281562838521,-2.2532154856808697,0.0013696193399960928
0.28750000000000026,-3.1485842115921314,-1.9524526582652504,-0.3858078452377224,-2.370819658236149,1.5690825571383984,-0.0380573304078693,-0.3236376854996764,0.11475587561192449,0.44987251608635936,-2.184183336770244,-2.253106506598056,0.001643687714412104
0.2916666666666669,-3.1506120336006624,-1.962598712066876,-0.3647295047536544,-2.3815729479841443,1.5691172623941234,-0.0400862420174232,-0.3240218340048014,0.11541464615280789,0.4505649217445965,-2.184107076443262,-2.2530300866085375,0.0018653316439765479
0.29583333333333356,-3.1526863530930163,-1.9720618712835516,-0.3455067051386774,-2.391197096346672,1.5691546055654115,-0.0421645715800711,-0.3243990916076709,0.11609031268688094,0.4511071727383076,-2.1840502677411395,-2.2529804202635564,0.002042057776059016
0.30000000000000027,-3.1548070082801987,-1.980858308014683,-0.327996329960987,-2.399812692076977,1.5691938868315427,-0.0442908346680756,-0.3247602656053106,0.11678280833085034,0.4515261050541337,-2.184010972958675,-2.252952508511238,0.002180229750799077
0.3041666666666669,-3.156974441835989,-1.989003338017214,-0.3120675066929014,-2.407529755961101,1.5692346833960773,-0.0464667292336765,-0.32509629327237255,0.11749216271322359,0.4518453186776847,-2.18398487501329,-2.2529447117326686,0.002285579376060196
0.30833333333333357,-3.159189533716745,-1.9965112839165728,-0.2976009373100475,-2.414448134814005,1.5692761892441212,-0.0486920440462614,-0.3253984018352989,0.11821850310199707,0.45208560249532503,-2.18397030752928,-2.2529528353393125,0.0023629179851054464
0.3125000000000003,-3.161453594930085,-2.0033959758760216,-0.2844878182622228,-2.420658619282341,1.5693180033894882,-0.050963702585233,-0.32565829743743735,0.118961991700202,0.4522651414670335,-2.183969975238132,-2.252969767842779,0.0024164673462734264
0.31666666666666693,-3.1637681972984164,-2.009671000639251,-0.2726281613408846,-2.426244722722976,1.569357277954328,-0.0532892792004605,-0.325868145613221,0.11972300508998204,0.4523998460823194,-2.1839743678960475,-2.252999208730942,0.002446180238095167
0.3208333333333336,-3.166134881653826,-2.0153483179497327,-0.2619321892835656,-2.4312778509897184,1.5693889377607169,-0.0556703022483496,-0.3260208274158424,0.12050202805225071,0.452504059935889,-2.1839779102704977,-2.253035344218702,0.0024531534100940217
0.3250000000000003,-3.168556177158268,-2.020439144866362,-0.2523189036963788,-2.4358238563189905,1.5694202737930685,-0.0581020155929057,-0.3261095735332546,0.12129878779808119,0.4525901631426882,-2.1839902805421563,-2.2530717608444792,0.002450045158658282
0.32916666666666694,-3.171034710274266,-2.02495552935239,-0.2437141942541561,-2.439946449042396,1.5694538064851824,-0.0605845462188596,-0.3261281683196548,0.12211337148172827,0.4526682945153354,-2.1840163485250508,-2.253107860290574,0.002438106722920117
0.3333333333333336,-3.1735730149991936,-2.0289089351223586,-0.2360500368378283,-2.4437010426264725,1.5694888255530453,-0.0631238615732272,-0.32607104992098856,0.12294604270338293,0.45274760874336445,-2.184051350837395,-2.2531464616289356,0.002417819201414066
0.3375000000000003,-3.176174144730654,-2.032309714215415,-0.2292677003054609,-2.4471417053129323,1.5695339649204934,-0.06570976996707,-0.32593286043224723,0.12379640077572886,0.4528352161788173,-2.1841171865293236,-2.2531803406304416,0.002393380252583148
0.34166666666666695,-3.178838414439565,-2.035165236496596,-0.2233134119310292,-2.450296373988899,1.5695558870930402,-0.0683850379328097,-0.3257098520393165,0.12466656022317692,0.45293995732088194,-2.1841410424551313,-2.2532299132158427,0.0023453730912105625
0.3458333333333336,-3.1815700608881694,-2.0374870207622564,-0.2181382741347309,-2.453213581313128,1.569578689423651,-0.0711292036393462,-0.32539770321606515,0.12555513354959358,0.45306610323354746,-2.1841677408660827,-2.2532858596542846,0.002290163906152368
0.3500000000000003,-3.1843718014325466,-2.039285503822711,-0.21369763151387,-2.4559249175321947,1.569604039386759,-0.0739398146830617,-0.32499343694954147,0.12646204910224199,0.45321848590018765,-2.1842025375574523,-2.2533419497864884,0.002232550388191471
0.35416666666666696,-3.187245866456705,-2.0405693850088173,-0.2099537302931635,-2.458457933232697,1.569628057114974,-0.076821639597404,-0.32449433123158555,0.12738747301720743,0.45340105883263515,-2.1842400206492223,-2.253398304300015,0.002169611076208684
0.3583333333333336,-3.1901947037506653,-2.0413478184241187,-0.2068724028022966,-2.4608369120516023,1.5696510078692,-0.0797773766997211,-0.3238982033171942,0.12833126109763562,0.453616868536324,-2.184279671172868,-2.2534549525649568,0.002102451531386401
0.3625000000000003,-3.193220620271955,-2.0416300426854543,-0.2044235028966107,-2.463082291294849,1.5696727784895863,-0.0828100904674332,-0.3232034297447449,0.12929321655373793,0.4538681563190971,-2.1843203579758916,-2.253512434431837,0.002031457258677193
0.366666666666667,-3.1963257800521974,-2.041425341220528,-0.2025805224556954,-2.4652107383507014,1.569693485088392,-0.0859220205122445,-0.3224089138880881,0.13027304302678563,0.45415647164982254,-2.1843617761059795,-2.2535706055416864,0.001957371821875974
0.3708333333333336,-3.1995121618296736,-2.040743155650806,-0.2013202122674281,-2.4672356684821963,1.5697131412752994,-0.0891151923475251,-0.32151406396725146,0.13127036214884003,0.4544826935176669,-2.184403690765587,-2.2536293288460065,0.0018806442652683642
0.37500000000000033,-3.2027815219664912,-2.039593162445948,-0.2006222063423735,-2.469167360349887,1.5697315527075983,-0.0923919155916805,-0.32051879195204436,0.13228471605543404,0.45484709544385493,-2.1844451913056244,-2.2536889113481493,0.0018014905865277992
0.379166666666667,-3.2061354125098407,-2.0379853923511777,-0.2004686301454573,-2.471013100625416,1.5697491225949909,-0.0957529749815987,-0.319423518218072,0.13331551456280263,0.4552493958242599,-2.184487046264911,-2.2537484168248425,0.001720986261196088
0.38333333333333364,-3.209575119012954,-2.0359303615341267,-0.2008436987956166,-2.472777613432999,1.5697661251904569,-0.0991991692983021,-0.31822915856696005,0.1343620814944333,0.4556887813988504,-2.1845296515768973,-2.253807156555886,0.0016400376145681514
0.38750000000000034,-3.213101588420944,-2.033439218895608,-0.2017332892114592,-2.47446363420473,1.569781965066657,-0.1027327773803195,-0.31693710226964117,0.13542369928602388,0.4561639182665741,-2.1845711238637135,-2.253866188722212,0.0015581898811365153
0.391666666666667,-3.2167154978116024,-2.030523863573044,-0.2031244881366559,-2.4760715661032293,1.5697970351032575,-0.1063536566185035,-0.31554924945662766,0.1364994914798959,0.45667305607877,-2.184612247919193,-2.253924475524112,0.0014765477205993772
0.39583333333333365,-3.2204171628096323,-2.027197146016998,-0.2050051179279927,-2.477600279207612,1.569811314309565,-0.1100621979644838,-0.31406798268661107,0.13758851703517977,0.45721401259200606,-2.184652692809341,-2.2539818450406846,0.0013955557166423626
0.40000000000000036,-3.224206529161731,-2.023473029626856,-0.2073632325717448,-2.479047282505684,1.5698247837409578,-0.1138583852711832,-0.3124961740752224,0.1386897461828473,0.4577842318517984,-2.184692158916704,-2.2540380737518526,0.0013156698365885192
0.404166666666667,-3.228083149633457,-2.0193667822878085,-0.2101865928980363,-2.4804090719040457,1.569837423131171,-0.1177417931397653,-0.31083718546127237,0.13980206660930605,0.45838082323892837,-2.1847303604718524,-2.2540929157545366,0.0012373376388255448
0.40833333333333366,-3.2320461621319847,-2.014895170322245,-0.2134621272775073,-2.4816814803269027,1.5698492084282256,-0.1217115740823463,-0.3090948681494639,0.14092429109905247,0.45900060419837396,-2.1847670166733386,-2.254146113978176,0.0011609897915026693
0.4125000000000003,-3.236094269953577,-2.0100766522657136,-0.2171753892422013,-2.482860032649324,1.5698601114333262,-0.1257664431667901,-0.30727356210846596,0.14205516677083393,0.45964014508282,-2.1848018499008846,-2.2541974082585985,0.0010870326980950533
0.416666666666667,-3.2402257244798225,-2.004931564299768,-0.2213100274886996,-2.4839402971448545,1.5698701047502808,-0.129904653623659,-0.3053780941045622,0.14319338562026102,0.4602958163522764,-2.1848345995569605,-2.254246533644952,0.0010158473239582548
0.42083333333333367,-3.2444383100473315,-1.9994822872338764,-0.2258472880551867,-2.484918224511166,1.5698791535988146,-0.1341240033596696,-0.3034137739340523,0.14433759759716971,0.4609638379868648,-2.1848649986210518,-2.254293245004098,0.0009477708712283955
0.4250000000000003,-3.248729331789017,-1.9937533851363716,-0.2307655701559245,-2.485790462352204,1.569887220821298,-0.1384218171304936,-0.3013863885025806,0.14548642411627927,0.46164033063822385,-2.1848927872679598,-2.2543373183057547,0.0008830942124521301
0.42916666666666703,-3.253095605941572,-1.9877717034262252,-0.2360400590859309,-2.486554632295843,1.569894271163332,-0.1427949318411568,-0.2993021928281236,0.14663847268052774,0.4623213682051046,-2.184917725037717,-2.254378551898345,0.0008220597159376211
0.4333333333333337,-3.257533452479329,-1.9815664159831188,-0.2416424584272771,-2.487209558507328,1.5699002740746124,-0.1472396870789048,-0.29716789729588644,0.14779235230628612,0.4630030308247587,-2.184939599012402,-2.254416770213153,0.0007648579800692706
0.43750000000000033,-3.262038689856801,-1.9751690122140235,-0.2475408406137318,-2.4877554373880453,1.5699052059529084,-0.1517519188784972,-0.29499065050163487,0.14894668923060062,0.463681457159536,-2.1849582302969983,-2.2544518282508057,0.0007116248140556084
0.44166666666666704,-3.266606631574179,-1.968613217715479,-0.2536996290535522,-2.488193940702453,1.5699090519183792,-0.1563269557607681,-0.2927780170817247,0.15010014239006844,0.4643528947940383,-2.1849734790909254,-2.2544836156272563,0.000662439429404694
0.4458333333333337,-3.271232084349475,-1.9619348458261976,-0.2600797177503556,-2.488528248586451,1.5699118072571014,-0.1609596165139222,-0.29053795003719923,0.15125141815113777,0.46501374739005197,-2.18498524857445,-2.2545120597027024,0.0006173242552216416
0.45000000000000034,-3.2759093478471573,-1.9551715817318789,-0.266638725490681,-2.488763013199375,1.5699134804915331,-0.1656442051714373,-0.28827875728725705,0.1523992836678114,0.46566061727334945,-2.1849934931793533,-2.2545371234028693,0.0005762492563882545
0.45416666666666705,-3.280632215842764,-1.948362704975086,-0.2733313731802299,-2.4889042587923416,1.5699140896735406,-0.170374519771751,-0.286009062289751,0.15354257906617325,0.4662903421732322,-2.184998209021188,-2.2545588124678924,0.0005391298347401859
0.4583333333333337,-3.2853940070738594,-1.9415487999055647,-0.2801099995749628,-2.4889597683791638,1.5699140071753563,-0.1751436747258736,-0.28373773040389055,0.1546802031541638,0.4668999593512415,-2.185000155150134,-2.254577450696475,0.0005057048012237618
0.46250000000000036,-3.2901874860291898,-1.9347712534538692,-0.2869250456358191,-2.48893741061328,1.5699129597952686,-0.1799444406364743,-0.28147389152338753,0.15581118798442095,0.4674869110325855,-2.184999022904946,-2.254592732522242,0.00047583305675353443
0.46666666666666706,-3.2950049562063586,-1.928072000767444,-0.2937256937881106,-2.488846126190704,1.5699109301197325,-0.18476922142374,-0.27922683002821513,0.1569346482573153,0.4680489064363498,-2.184994705590065,-2.254604774357085,0.0004493596633910968
0.4708333333333337,-3.299838256554435,-1.921493098136347,-0.3004605081493006,-2.4886955673891515,1.5699080118641144,-0.1896098837111709,-0.27700593071360985,0.15804979155827792,0.4685839439625216,-2.1849873454711295,-2.2546137858107254,0.0004260800668120616
0.47500000000000037,-3.304678770840963,-1.915076301969044,-0.3070780520529409,-2.4884957326131056,1.569904302472099,-0.1944577936643893,-0.274820620551736,0.1591559256888711,0.4690903286993423,-2.184977164407916,-2.254619956521549,0.00040576237481356327
0.4791666666666671,-3.309517453640319,-1.9088626854489863,-0.3135274732159244,-2.4882567251664,1.5698998882944746,-0.1993038779166331,-0.2726803055147635,0.16025245902591442,0.4695666670644937,-2.184964396492652,-2.254623465397377,0.0003881652053733808
0.4833333333333337,-3.314344865630115,-1.9028922863614093,-0.3197590411312538,-2.487988562693812,1.5698948492955929,-0.204138669792618,-0.27059430587373745,0.16133889790518555,0.4700118507978617,-2.18494927474662,-2.254624491549167,0.00037304895438093096
0.4875000000000004,-3.319151216923397,-1.8972037866107552,-0.3257246243740444,-2.4877010156017603,1.5698892632739567,-0.2089523539093814,-0.26857179129406217,0.16241484233515538,0.47042503548797643,-2.1849320287030665,-2.2546232146686185,0.00036018578243531506
0.4916666666666671,-3.3239264187646853,-1.891834227467858,-0.3313781017984845,-2.487403473741735,1.5698832064553394,-0.2137348166690471,-0.26662171694111647,0.16347998053586826,0.4708056148193853,-2.1849128820199013,-2.2546198098500803,0.00034936654681318305
0.49583333333333374,-3.328660143831104,-1.8868187616731296,-0.3366757072419349,-2.4871048416233843,1.5698767523178023,-0.2184757059678972,-0.2647527613585596,0.16453408239005965,0.47115319144634005,-2.184892047987565,-2.2546144416132696,0.0003404060289225892
0.5000000000000004,-3.333341894896169,-1.8821904413806572,-0.3415763122175809,-2.486813460530188,1.569869970112644,-0.2231644999634968,-0.2629732668052944,0.16557699187498914,0.47146754522112405,-2.1848697244883417,-2.254607258927218,0.00033314670414863256
0.5041666666666671,-3.337961081131413,-1.8779800388439731,-0.3460416545020123,-2.486537053312518,1.5698629234860977,-0.2277905837432585,-0.2612911825797656,0.16660861856846257,0.47174859961241633,-2.1848460894075146,-2.2545983912951053,0.0003274611248840003
0.5083333333333337,-3.342507100929389,-1.8742158954089327,-0.3500365230970789,-2.4862826861420912,1.5698556693035766,-0.2323433324896424,-0.25971401176024783,0.16762892831918097,0.4719963870712945,-2.1848212970730114,-2.2545879458452824,0.00032325284994379227
0.5125000000000004,-3.3469694298462414,-1.8709237934292504,-0.3535289112375592,-2.486056740666202,1.5698482568208187,-0.2368121998105615,-0.25824876162740057,0.16863793315106307,0.47221101411767974,-2.1847954755586736,-2.2545760054173507,0.00032045644017057425
0.516666666666667,-3.3513377120616026,-1.868126845322188,-0.3564901495478604,-2.4858648899502414,1.5698407274538446,-0.241186809721584,-0.2569018979117624,0.1696356804643281,0.47239262685038147,-2.1847687246876006,-2.2545626276754125,0.000319037190391019
0.5208333333333338,-3.3556018535535053,-1.8658453946621096,-0.3588950311998355,-2.485712072166432,1.5698331144399285,-0.2454570497876495,-0.2556793031102867,0.17062224171132703,0.47254137729260653,-2.1847411156786585,-2.2545478446648946,0.0003189891568479066
0.5250000000000005,-3.3597521151950427,-1.864096923809062,-0.360721939470435,-2.485602456057927,1.5698254427284866,-0.249613164324271,-0.25458623882936443,0.17159770063726196,0.4726573913094805,-2.1847126911662578,-2.254531663066076,0.00032033291228506346
0.5291666666666671,-3.3637792040015517,-1.862895963895389,-0.3619529864206061,-2.485539393888313,1.569817729145453,-0.2536458456971807,-0.25362731221340945,0.1725621412623689,0.47274073858259247,-2.184683465979438,-2.254514065115097,0.00032311293752140927
0.5333333333333338,-3.36767436085804,-1.86225400404575,-0.3625741688456049,-2.485525358796677,1.5698099827883096,-0.2575463220193472,-0.25280644650230893,0.17351563583226814,0.47279140520019036,-2.1846534286729424,-2.254495010115523,0.00032739470000566845
0.5375000000000004,-3.37142944324338,-1.8621793981204084,-0.3625755443704095,-2.4855618651805726,1.569802205579785,-0.2613064397678388,-0.25212685576104354,0.174458233016734,0.47280926951118296,-2.184622543654332,-2.254474436392733,0.0003332615485289998
0.5416666666666671,-3.37503700169352,-1.862677269157428,-0.3619514268597902,-2.4856493728567965,1.5697943930164455,-0.2649187400870526,-0.2515910239098649,0.17538994669096278,0.47279408190532796,-2.184590753950988,-2.2544522637914803,0.0003408114323274198
0.5458333333333337,-3.3784903490254607,-1.863749413703136,-0.3607005957189869,-2.485787178081138,1.5697865350484042,-0.2683765278097993,-0.25120068821058655,0.17631074569065613,0.47274544932679924,-2.1845579844919674,-2.2544283966093657,0.0003501535111743836
0.5500000000000005,-3.3817836216110893,-1.8653942106102943,-0.3588265089277927,-2.485973297126006,1.5697786171276864,-0.271673932507852,-0.25095682748152603,0.1772205449747203,0.47266282535036397,-2.184524145963609,-2.254402727078142,0.00036140462535754305
0.5541666666666671,-3.384911832271581,-1.8676065411420104,-0.3563375044416823,-2.4862043507052083,1.5697706213180942,-0.2748059611482871,-0.2508596553380795,0.17811919866242448,0.472545506777238,-2.184489139049182,-2.2543751392093223,0.0003746856771396635
0.5583333333333338,-3.3878709145710766,-1.8703777296214656,-0.3532469700655684,-2.4864754601351926,1.5697625275625726,-0.2777685421628242,-0.25090861888868043,0.1790064954090928,0.4723926375955873,-2.184452859191253,-2.254345513212077,0.00039011785953360205
0.5625000000000004,-3.390657758469328,-1.8736955155049144,-0.3495734578090588,-2.486780167992676,1.5697543149640238,-0.2805585608904251,-0.2511024032812721,0.17988215656169942,0.47220322116393726,-2.1844152016086826,-2.2543137302074068,0.00040781880166941244
0.5666666666666671,-3.3932702373655936,-1.8775440689006904,-0.3453407167151678,-2.487110397191436,1.5697459630832609,-0.2831738864415419,-0.25143894254301064,0.18074583746009185,0.4719761411775036,-2.1843760665077157,-2.2542796772124407,0.00042789865397050374
0.5708333333333337,-3.3957072265969863,-1.8819040613609537,-0.3405776182166343,-2.487456462321385,1.5697374531791686,-0.2856133900489322,-0.2519154370389935,0.18159713213294226,0.4717101916662076,-2.184335364285989,-2.2542432521907134,0.0004504561878555285
0.5750000000000005,-3.3979686133893328,-1.8867528022462967,-0.3353179513549076,-2.48780714523876,1.5697287693142998,-0.2878769549074932,-0.2525283777565088,0.18243558147849248,0.47140411577173175,-2.184293020463182,-2.254204368902888,0.00047557504884897456
0.5791666666666672,-3.400055298164074,-1.8920644478262252,-0.3296000718445479,-2.48814984341423,1.5697198992588273,-0.2899654774135245,-0.25327357740985323,0.18326068482302318,0.47105665243615275,-2.184248980088909,-2.254162961315467,0.0005033202851290413
0.5833333333333338,-3.4019691870233526,-1.8978102856041548,-0.32346639864254,-2.4884707943282787,1.5697108350739393,-0.2918808596239105,-0.25414620806506516,0.184071914537152,0.4706665895204496,-2.184203211239913,-2.2541189871622964,0.000533735364797094
0.5875000000000005,-3.403713175177872,-1.903959090731134,-0.3169627640096307,-2.4887553729219896,1.569701573397739,-0.2936259927082013,-0.25514084472126886,0.184868733177493,0.4702328211682679,-2.1841557075115126,-2.2540724305793893,0.0005668397657960132
0.5916666666666671,-3.405291121114144,-1.910477545178582,-0.3101376359994763,-2.4889884520629426,1.569692115340931,-0.2952047311813403,-0.2562515139730352,0.1856506124507451,0.4697544067882873,-2.1841064892117052,-2.2540233034910777,0.0006026272991629542
0.5958333333333338,-3.4067078114319203,-1.9173307045799344,-0.3030412447584706,-2.4891548096852563,1.5696824660357986,-0.2966218578449397,-0.25747174663212463,0.18641705316618237,0.46923062869718435,-2.184055603241672,-2.2539716457239085,0.0006410652283942693
0.6000000000000005,-3.407968916507275,-1.9244824933157405,-0.2957246535660878,-2.4892395612381515,1.5696726339152454,-0.2978830395889364,-0.2587946330663998,0.18716760530049728,0.4686610454237726,-2.1840031217745994,-2.253917523955615,0.0006820941691020986
0.6041666666666672,-3.4090809374599877,-1.931896205778263,-0.2882388209771569,-2.4892285932217213,1.5696626297598033,-0.2989947745202299,-0.2602128799225072,0.18790188732604518,0.46804553799589055,-2.1839491398057524,-2.2538610295470995,0.0007256287650019568
0.6083333333333338,-3.410051145244419,-1.9395349917257407,-0.2806337009238352,-2.489108973586728,1.569652465674627,-0.2999643312365807,-0.261718867000365,0.1886196040530036,0.4673843470014818,-2.18389377196355,-2.2538022756585128,0.0007715589674057065
0.6125000000000005,-3.4108875130162737,-1.9473623057799685,-0.2729574230776774,-2.4888693170782754,1.569642154034406,-0.3007996813459334,-0.26330470321304555,0.18932056240190148,0.4666780989585123,-2.183837148922797,-2.2537413938841717,0.0008197516734250091
0.6166666666666671,-3.41159864322545,-1.955342304916879,-0.2652555872037775,-2.488500088170305,1.5696317066579932,-0.3015094268476387,-0.2649622807250641,0.1900046846748732,0.4659278214020801,-2.1837794134656865,-2.253678530829456,0.0008700529472247991
0.6208333333333338,-3.4121936910375923,-1.9634401833014496,-0.2575706944134571,-2.4879938303222104,1.5696211342458135,-0.3021027237539812,-0.26668332672194744,0.19067201911807108,0.46513494670539146,-2.1837207170646926,-2.2536138450276515,0.000922290165579768
0.6250000000000006,-3.412682285760437,-1.9716224390802013,-0.2499417259414568,-2.487345316108214,1.5696104459228293,-0.3025892036528695,-0.26845945242448455,0.19132274772685243,0.4643013055192866,-2.1836612167870864,-2.2535475040453012,0.0009762740674204763
0.6291666666666672,-3.4130744519232628,-1.9798570729865823,-0.2424038693969815,-2.486551619058929,1.5695996491649584,-0.3029788949739732,-0.2702821992043367,0.19195719135337325,0.4634291110466394,-2.18360107288497,-2.2534796824106134,0.0010318006366915493
0.6333333333333339,-3.41338053151996,-1.9881137227983283,-0.2349883827176884,-2.4856121126636133,1.5695887499536223,-0.3032821453932758,-0.27214308175390195,0.19257581228725135,0.46252093581316317,-2.183540446937694,-2.253410560056593,0.0010886528415023787
0.6375000000000005,-3.4136111087264407,-1.9963637408327908,-0.2277225798626563,-2.484528405620074,1.569577753212235,-0.3035095466765076,-0.27403362841405593,0.1931792145308473,0.4615796825660151,-2.1834795007697303,-2.2533403214868613,0.0011466020875487263
0.6416666666666672,-3.413776938159512,-2.0045802234193464,-0.2206299180378288,-2.483304224337913,1.5695666634102188,-0.3036718630199972,-0.2759454187718648,0.19376814201498338,0.46060855097779185,-2.1834183959599076,-2.253269155454333,0.0012054094332035151
0.6458333333333338,-3.4138888775087937,-2.012738001915208,-0.2137301648324666,-2.4819452545374308,1.5695554852740323,-0.3037799637168049,-0.27787011862770744,0.19434347499499874,0.45961100167123736,-2.1833572937989825,-2.2531972549964356,0.0012648266450414627
0.6500000000000006,-3.413957825119341,-2.020813604618428,-0.2070396241863098,-2.48045895347097,1.569544224529498,-0.3038447607251003,-0.27979951242411577,0.1949062248529253,0.4585907188468622,-2.1832963555511133,-2.2531248176757797,0.0013245971380183804
0.6541666666666672,-3.413994662886308,-2.028785198207112,-0.2005714019807406,-2.4788543433631283,1.5695328886150075,-0.3038771514578182,-0.28172553322876825,0.19545752751871373,0.45755157250090306,-2.1832357430594653,-2.253052045972286,0.0013844567002092925
0.6583333333333339,-3.4140102046452085,-2.036632515876795,-0.1943356945583682,-2.47714179515339,1.5695214874345316,-0.3038879671426636,-0.28364029025262144,0.19599863567209178,0.45649758110005384,-2.1831756192635696,-2.252979147753371,0.0014441344219169767
0.6625000000000005,-3.4140151500616693,-2.0443367782107784,-0.1883400865011088,-2.475332810007263,1.569510033958645,-0.3038879265824245,-0.2855360939248272,0.19653090990012506,0.4554328752902505,-2.1831161486578057,-2.2529063364592865,0.0015033536876830603
0.6666666666666672,-3.4140200439413944,-2.051880611519988,-0.1825898472452805,-2.473439804689648,1.569498546197862,-0.3038875918411999,-0.28740547857562265,0.19705580885078133,0.4543616629440655,-2.183057502267239,-2.2528338280818008,0.0015618350355254137
0.6708333333333338,-3.414035240610769,-2.059247966820178,-0.1770882184143991,-2.47147590477847,1.5694870450260212,-0.3038973378684487,-0.2892412225647204,0.19757487889260875,0.4532881959717543,-2.1829998507994435,-2.2527618459066647,0.0016192939515133687
0.6750000000000006,-3.4140708732600293,-2.066424042150538,-0.1718366864871712,-2.4694547491617853,1.5694755547506396,-0.3039273208719723,-0.2910363660538783,0.19808974293194065,0.4522167388775912,-2.1829433657013713,-2.252690619420114,0.0016754425850050742
0.6791666666666673,-3.414136827829657,-2.0733952095977126,-0.1668352369873469,-2.4673903076826607,1.5694641035129435,-0.3039874510948961,-0.29278422633720164,0.1986020886963949,0.451151539252759,-2.182888219956847,-2.2526203826326934,0.0017299917764949696
0.6833333333333339,-3.4142427210544124,-2.080148947985856,-0.1620825884531068,-2.465296713259851,1.5694527233136295,-0.3040873702298333,-0.2944784108060456,0.1991136566208514,0.45009680011660136,-2.18283458819269,-2.2525513727686017,0.0017826527020706573
0.6875000000000006,-3.4143978822804297,-2.0866737815367498,-0.157576404986373,-2.463188108706682,1.569441449984452,-0.3042364330704796,-0.29611282759378066,0.1996262274157037,0.4490566542139823,-2.182782645802356,-2.252483828986206,0.0018331390737432774
0.6916666666666672,-3.414611338625259,-2.0929592247891566,-0.1533134877221395,-2.461078508495897,1.569430322836038,-0.304443692233048,-0.29768169407934547,0.20014160946134363,0.44803514005066686,-2.182732568363064,-2.2524179907839463,0.0018811688647499783
0.6958333333333339,-3.414891803066763,-2.0989957335057707,-0.1492899456019552,-2.458981674722089,1.5694193841645203,-0.3047178860277051,-0.2991795433718384,0.20066162611317997,0.4470361797222001,-2.182684530458253,-2.2523540962888586,0.0019264662770396037
0.7000000000000006,-3.4152476650595407,-2.104774661228308,-0.1455013464263851,-2.456911006879948,1.5694086786475143,-0.3050674288073665,-0.30060122890957736,0.20118810300879497,0.4460635584671392,-2.182638704373116,-2.2522923802993686,0.0019687637943952606
0.7041666666666673,-3.4156869832666983,-2.1102882211654883,-0.1419428495496804,-2.45487944446477,1.5693982527408528,-0.3055004035981867,-0.30194192741178283,0.20172285547250998,0.4451209058453589,-2.1825952584858306,-2.2522330723878516,0.0020078044215544434
0.7083333333333339,-3.416217480018753,-2.1155294529209923,-0.1386093214076318,-2.4528993816807185,1.569388154093466,-0.3060245565150214,-0.3031971403396737,0.2022676760903606,0.44421167852600457,-2.1825543554686413,-2.252176394936368,0.002043344132280237
0.7125000000000006,-3.416846537102222,-2.1204921938630323,-0.1354954356058878,-2.450982593300609,1.5693784308511427,-0.3066472923301042,-0.3043626941778207,0.20282432256465963,0.4433391444783007,-2.182516150867035,-2.2521225611640667,0.002075153907613264
0.7166666666666672,-3.417581192514548,-2.125171054545778,-0.1325957585397876,-2.449140170485774,1.5693691308735085,-0.3073756711391614,-0.305434739696553,0.20339450589837835,0.4425063686846683,-2.1824807912192075,-2.252071772973755,0.0021030219842299715
0.7208333333333339,-3.4184284768933764,-2.129561402118932,-0.1299049751328487,-2.4473820363753207,1.5693662839128253,-0.3082071890812554,-0.3064098622903352,0.20397952488970222,0.4417162010236394,-2.1824609568814006,-2.2520156702253975,0.0021352632041232726
0.7250000000000006,-3.419394308162118,-2.1336592764595994,-0.1274174436084375,-2.445717502024424,1.569361784391086,-0.3091609957143463,-0.3072847487114802,0.20458147264062965,0.44097135067495885,-2.1824389135169855,-2.251965716126234,0.002160778230246869
0.7291666666666673,-3.420484732871068,-2.137461555767793,-0.1251278062339341,-2.4441559276746747,1.5693570168150863,-0.3102410518550816,-0.30805649935197266,0.20520175538913113,0.44027412603262794,-2.182417997384551,-2.2519206634784186,0.0021807725335560133
0.733333333333334,-3.4217054047035944,-2.1409657937916324,-0.1230308366619814,-2.442705376637454,1.569352538142254,-0.3114519392427053,-0.3087225463246794,0.20584175032841998,0.43962663521643264,-2.1823998335238057,-2.251879777962641,0.0021956789797455793
0.7375000000000006,-3.423061606978308,-2.1441702066062813,-0.1211214483168962,-2.4413728580316247,1.5693485387948631,-0.3127985795265023,-0.30928063206211187,0.20650276079962648,0.4390307621873879,-2.182384974438308,-2.251842816269133,0.0022056172358652436
0.7416666666666673,-3.424558259626029,-2.147073705257754,-0.1193947233317972,-2.4401644501378845,1.5693450835665217,-0.3142858329502964,-0.30972881035649286,0.2071859918450454,0.4384881330513065,-2.1823735521516068,-2.2518097807042365,0.0022105910477528876
0.7458333333333339,-3.4261999167123034,-2.149675898155489,-0.1178459335580072,-2.43908532211998,1.56934220337772,-0.3159182900106183,-0.31006544546567777,0.20789253536763996,0.4380001042125788,-2.182365567761992,-2.251780754767481,0.002210582949603595
0.7500000000000007,-3.427990759998315,-2.15197708683685,-0.1164705528871318,-2.4381397230788693,1.5693399196343152,-0.3177001874833387,-0.3102892112101381,0.20862336052708386,0.4375677584275645,-2.1823609849973327,-2.2517558251448206,0.0022055907730798713
0.7541666666666673,-3.429934590734643,-2.153978263602606,-0.1152642624509214,-2.437330971021221,1.5693382485198917,-0.3196353777921227,-0.31039909066163424,0.2093793063738235,0.43719190263339847,-2.182359751842212,-2.2517350535151825,0.0021956399171353127
0.758333333333334,-3.4320348200021398,-2.155681112297076,-0.1142229495558842,-2.4366614485078486,1.569337201011104,-0.3217273145306082,-0.31039437664883646,0.21016107561562386,0.4368730663296323,-2.1823618030857794,-2.251718468317273,0.0021807867948483084
0.7625000000000006,-3.4342944574556253,-2.157088011500139,-0.1133427011573743,-2.4361326045695884,1.5693367824233193,-0.323979042291845,-0.310274673127408,0.21096922921070954,0.4366115006273392,-2.182367058006037,-2.2517060648028564,0.0021611190530917397
0.7666666666666673,-3.436716098258674,-2.158202039469253,-0.1126197922171817,-2.435744961368885,1.5693369921688023,-0.3263931845081287,-0.31003989746885896,0.21180418172404308,0.4364071782522864,-2.182375419138251,-2.2516978058055295,0.0021367549035515633
0.7708333333333339,-3.43930190811996,-2.159026980209416,-0.1120506688628434,-2.4354981248495773,1.5693378234825928,-0.3289719291950357,-0.3096902835851577,0.21266619746594972,0.4362597948014986,-2.18238677116928,-2.2516936221948702,0.0021078422872344437
0.7750000000000007,-3.442053606443653,-2.15956733078872,-0.1116319268288959,-2.4353908003219757,1.5693392632547212,-0.3317170140245291,-0.3092263858958496,0.21355538746321615,0.4361687710111087,-2.182400979368779,-2.2516934155935044,0.002074556955335417
0.7791666666666673,-3.4449724475668853,-2.1598283092526143,-0.1113602848805976,-2.435420812284484,1.5693412920882217,-0.3346297077918022,-0.308649083999982,0.21447170725367712,0.436133256376358,-2.182417889857188,-2.2516970591762244,0.0020371008430474795
0.783333333333334,-3.448059200152521,-2.1598158631295443,-0.1112325535075363,-2.4355851289326607,1.5693438842820877,-0.3377107914719727,-0.3079595880035444,0.21541495558987012,0.43615213399944397,-2.182437328548367,-2.2517044003342597,0.0019956997880360514
0.7875000000000006,-3.4513141248360832,-2.159536678113758,-0.1112455988977263,-2.4358798914673083,1.569347008097789,-0.3409605350456877,-0.3071594443441398,0.2163847740533011,0.43622402677015204,-2.182459103116737,-2.251715260863967,0.0019506013378271718
0.7916666666666673,-3.454736950324692,-2.158998186540802,-0.1113963021473158,-2.4363004488407776,1.5693506258933343,-0.3443786754884813,-0.30625054186500816,0.2173806476467718,0.4363473049328634,-2.1824830021418418,-2.2517294403524875,0.001902071911849755
0.795833333333334,-3.4583268481156706,-2.158208575536201,-0.1116815139645496,-2.436841397654654,1.5693546945640588,-0.3479643909238117,-0.30523511807257414,0.21840190639324583,0.4365200950015382,-2.1825087972999575,-2.2517467171769088,0.0018503940872808804
0.8000000000000007,-3.462082406146484,-2.1571767941402187,-0.1120980049406235,-2.4374966277479366,1.5693591659615844,-0.3517162744912957,-0.30411576521417677,0.21944772798009646,0.4367402901529899,-2.182536244804525,-2.2517668504943917,0.001795863619103092
0.8041666666666674,-3.4660016017111666,-2.1559125592061115,-0.1126424117084862,-2.438259373593434,1.5693639873640708,-0.3556323081489013,-0.30289543599103286,0.2205171414986751,0.4370055620225096,-2.182565086403445,-2.2517895832796437,0.0017387861659288388
0.808333333333334,-3.4700817740296004,-2.1544263595193165,-0.1133111794461185,-2.4391222714113074,1.5693691021001213,-0.3597098350007548,-0.3015774486315084,0.22160903229414308,0.43731337392924896,-2.182595051875286,-2.2518146443703153,0.0016794740411413237
0.8125000000000007,-3.4743195969420464,-2.152729457556476,-0.1141005012222957,-2.440077421800959,1.5693744501763836,-0.3639455317753202,-0.30016549101752876,0.22272214795620016,0.43766099555885757,-2.1826258615104943,-2.251841750552827,0.0016182429980316458
0.8166666666666673,-3.4787110522745217,-2.1508338883399967,-0.1150062550418677,-2.441116457859923,1.5693799689668275,-0.3683353821106654,-0.2986636235612774,0.223855105460486,0.43804551901329614,-2.1826572286521717,-2.251870609016537,0.0015554089744116075
0.820833333333334,-3.4832514044636973,-2.1487524547748684,-0.1160239394776899,-2.4422306182964317,1.5693855939272976,-0.3728746510933112,-0.2970762805284299,0.22500639945916978,0.43846387618583627,-2.1826888623139733,-2.251900919873368,0.001491284931765024
0.8250000000000006,-3.4879351771020355,-2.146498718769918,-0.1171486091590366,-2.443410824964087,1.5693912593430444,-0.3775578616970718,-0.2954082694956129,0.22617441170113126,0.4389128573619603,-2.182720469898819,-2.2519323787350514,0.0014261778349520557
0.8291666666666674,-3.4927561321080454,-2.1440869874332638,-0.1183748115761571,-2.444647764006839,1.56939689909066,-0.382378773833936,-0.29366476864447044,0.22735742154518268,0.4393891309216944,-2.1827517599700945,-2.2519646793140056,0.0013603858218357151
0.833333333333334,-3.497707252273207,-2.14153229362842,-0.119696526906576,-2.44593196958578,1.5694024474128792,-0.3873303667751934,-0.29185132161712846,0.22855361751177578,0.43988926397741546,-2.182782445047962,-2.2519975160345544,0.001294195616623284
0.8375000000000007,-3.502780727965133,-2.1388503700922032,-0.1211071126844025,-2.4472539089514567,1.5694078396578912,-0.3924048257248245,-0.28997382965204654,0.22976110978875433,0.44040974379847264,-2.1828122442811337,-2.252030586504992,0.0012278802809743525
0.8416666666666673,-3.507967948786931,-2.1360576164066565,-0.1225992554953677,-2.4486040674460154,1.5694130130020707,-0.3975935333813897,-0.2880385407853892,0.23097794359151766,0.44094699977373725,-2.1828408859971393,-2.2520635939357025,0.0011616973101401418
0.845833333333334,-3.513259500993882,-2.133171058094775,-0.1241649318724922,-2.4499730319995034,1.5694179071660674,-0.4028870672488761,-0.2860520359026099,0.23220211324110207,0.44149742567394573,-2.18286811018559,-2.2520962494681362,0.001095887099953889
0.8500000000000006,-3.518645171484762,-2.130208297194688,-0.125795380602809,-2.451351571754578,1.5694224654628872,-0.4082752028555869,-0.28402121145931697,0.23343157677940474,0.44205740193360143,-2.182893671872131,-2.252128273921933,0.0010306721719108593
0.8541666666666674,-3.5241139591772344,-2.1271874538162434,-0.1274810888219658,-2.452730714732912,1.569426636277362,-0.4137469191296649,-0.28195325872843874,0.23466427094452874,0.44262331756399975,-2.18291735104902,-2.2521593945308434,0.0009662568766000921
0.8583333333333341,-3.5296540935596257,-2.1241270989987364,-0.1292117931417605,-2.454101809805474,1.569430369244052,-0.4192904234379384,-0.2798556403623339,0.23589812682162778,0.4431915921111673,-2.182938941819205,-2.252189348325523,0.000902824594542232
0.8625000000000007,-3.5352530625195944,-2.121046176745545,-0.1309764986002366,-2.455456588230576,1.569433616822687,-0.424893178857546,-0.27773606259855477,0.23713108491825652,0.4437586964502868,-2.1829582551541864,-2.2522178837316917,0.0008405389278158036
0.8666666666666674,-3.54089764935326,-2.11796391700094,-0.132763515935204,-2.456787217260393,1.56943633640146,-0.4305419465538548,-0.275602444029408,0.23836110996112653,0.4443211722353051,-2.1829751159854376,-2.252244769679561,0.0007795451774535148
0.870833333333334,-3.546573978758452,-2.114899740210586,-0.134560518775006,-2.4580863394561296,1.5694384906694896,-0.4362228272461648,-0.2734628816583622,0.23958620542266823,0.44487564990209333,-2.182989369212864,-2.2522697915999967,0.0007199712619443274
0.8750000000000007,-3.552267572715419,-2.11187315350385,-0.1363546200962726,-2.4593471036522065,1.5694400496099323,-0.4419213212936917,-0.2713256136364823,0.2408044271839584,0.44541886479506104,-2.183000877938732,-2.2522927590903565,0.0006619297769185706
0.8791666666666674,-3.5579634156081568,-2.1089036390451708,-0.1381324684526925,-2.4605631799286822,1.5694409905513595,-0.4476223899390563,-0.2691989794895023,0.24201389639749404,0.445947671745303,-2.183009527700647,-2.252313501539309,0.0006055197728693823
0.8833333333333341,-3.563646028710745,-2.106010535877405,-0.1398803623475306,-2.461728760984604,1.5694412970114249,-0.4533105284888618,-0.26709137790135945,0.24321281127600702,0.44645905779669287,-2.1830152262467655,-2.2523318649393094,0.000550827875086081
0.8875000000000007,-3.569299553817171,-2.1032129170216862,-0.1415843808895861,-2.4628385518875904,1.5694409577230422,-0.4589698504380555,-0.26501122237778446,0.2443994575168519,0.44695015274390926,-2.183017901284813,-2.2523477106671965,0.0004979296504254676
0.8916666666666674,-3.5749078454584944,-2.100529463588898,-0.1432305284758889,-2.463887749106106,1.5694399660377207,-0.4645841806847374,-0.2629668952204131,0.2455722171793328,0.447418237363395,-2.1830174979692765,-2.252360915131846,0.0004468912813646722
0.895833333333334,-3.580454571000617,-2.097978337927168,-0.1448048905736011,-2.4648720103455006,1.569438319979417,-0.4701371569640892,-0.2609667002696324,0.24672957587314212,0.44786074925456165,-2.1830139767716843,-2.2523713705856765,0.0003977716428690239
0.9000000000000007,-3.5859233175247502,-2.095577057773452,-0.1462937973036508,-2.465787414763993,1.569436021941241,-0.4756123354160943,-0.2590188150356943,0.24787012825991092,0.4482752865088033,-2.1830073137131545,-2.2523789824017797,0.00035062422090455437
0.9041666666666675,-3.591297704479519,-2.0933423730590603,-0.1476839909175747,-2.466630415990893,1.5694330780487695,-0.4809933042014153,-0.2571312425130295,0.24899258176372294,0.44865960945105887,-2.1829974975260957,-2.2523836683105634,0.0003054987317606195
0.9083333333333341,-3.596561500826114,-2.091290147903356,-0.148962793412175,-2.467397790232845,1.5694294977107706,-0.4862638007008041,-0.2553117633196633,0.2500957585024546,0.44901164040078756,-2.182984528150713,-2.252385356966194,0.00026244265297856325
0.9125000000000008,-3.601698745249077,-2.08943524956485,-0.1501182701528942,-2.46808658114147,1.5694252930668044,-0.491407831511629,-0.2535678886240535,0.25117859548752824,0.44932946181577627,-2.182968415327871,-2.252383986006786,0.00022150256872857527
0.9166666666666674,-3.606693867943055,-2.0877914459049824,-0.1511393858416344,-2.468694044097118,1.5694204784234016,-0.4964097954339903,-0.2519068142546637,0.2522401431400319,0.4496113130823546,-2.182949175775174,-2.2523795018389916,0.00018272517481082354
0.9208333333333341,-3.6115318123212767,-2.0863713135579744,-0.1520161489910789,-2.469217591528731,1.5694150698743772,-0.5012546038752682,-0.25033537666008443,0.2532795623174284,0.4498555861329617,-2.1829268333835103,-2.252371856899484,0.00014615826935723185
0.9250000000000007,-3.616198155053632,-2.0851861572005785,-0.1527397415999642,-2.469654741733279,1.5694090845884103,-0.505927802751934,-0.24886001083796747,0.2542961199327458,0.45006082049252766,-2.1829014156434576,-2.2523610101626574,0.00011185114599178092
0.9291666666666675,-3.6206792227041857,-2.0842459421129136,-0.1533026312169375,-2.4700030728843783,1.5694025406948666,-0.5104156873310577,-0.2474867110033713,0.25528918344280044,0.45022569769678444,-2.182872954891168,-2.2523469243785152,7.985531871020764e-05
0.9333333333333341,-3.624962203360999,-2.0835592395394964,-0.1536986627206825,-2.4702601836742843,1.5693954576809244,-0.5147054118790492,-0.2462209940053435,0.2562582142766677,0.45034903590767644,-2.182841489289516,-2.252329562622033,5.022624633930959e-05
0.9375000000000008,-3.6290352517618887,-2.0831331870349685,-0.1539231281040435,-2.470423663693823,1.5693878542963295,-0.5187850998535267,-0.2450678660139684,0.25720276086397986,0.4504297842740257,-2.182807057198819,-2.252308893892822,2.3019911081743395e-05
0.9416666666666674,-3.632887586259969,-2.082973462281154,-0.1539728126953006,-2.4704910719506263,1.5693797484747176,-0.5226439404897107,-0.24403179268619912,0.2581224510093465,0.45046701817701934,-2.1827696967896166,-2.252284891860357,-1.7067924656913487e-06
0.9458333333333341,-3.636509576395743,-2.083084271106288,-0.1538460172553293,-2.470459926276524,1.5693711572260314,-0.5262722759796138,-0.2431166730165736,0.25901698409843893,0.4504599351194773,-2.1827294463010305,-2.252257534245544,-2.3896264282229503e-05
0.9500000000000007,-3.6398928198396874,-2.0834683495043365,-0.1535425556374264,-2.4703277035332327,1.569362096693018,-0.529661677063624,-0.24232581713259693,0.25988612340427075,0.4504078514883113,-2.1826863456414984,-2.2522268014298596,-4.349040734967559e-05
0.9541666666666675,-3.643030207712247,-2.084126978628453,-0.1530637285750996,-2.4700918509065573,1.5693525819018193,-0.5328050089960468,-0.24166192802508196,0.260729688714703,0.4503102004379671,-2.1826404358018077,-2.2521926773046674,-6.043147099910795e-05
0.9583333333333341,-3.645915977451714,-2.085060012343129,-0.1524122746160142,-2.469749807997488,1.569342626734896,-0.5356964837744996,-0.24112708743562403,0.26154754952264475,0.4501665308532494,-2.1825917600814084,-2.2521551491000933,-7.466283747024957e-05
0.9625000000000008,-3.648545752624368,-2.086265916145761,-0.1515922997417258,-2.4692990387659863,1.5693322439403758,-0.538331700299331,-0.2407227459211809,0.2623396189788255,0.4499765075201624,-2.1825403641337138,-2.2521142082210446,-8.612978032448981e-05
0.9666666666666675,-3.6509165693160064,-2.087741816333575,-0.1506091878798209,-2.468737072640677,1.5693214450952582,-0.5407076698964685,-0.24044971710810137,0.2631058487904481,0.4497399124141078,-2.1824862975620016,-2.2520698499390543,-9.478047124360475e-05
0.9708333333333341,-3.653026888965967,-2.089483558115759,-0.1494694947252313,-2.468061553459425,1.5693102406539976,-0.5428228292989572,-0.24030817611921948,0.26384622519562606,0.44945664705778254,-2.182429614425243,-2.2520220742497754,-0.00010056694777808041
0.9750000000000008,-3.654876597730032,-2.091485771231452,-0.1481808277959974,-2.467270294632487,1.5692986399268725,-0.544677040633388,-0.24029766211485584,0.2645607661270348,0.44912673583937246,-2.182370373149877,-2.2519708871894504,-0.0001034462229656495
0.9791666666666675,-3.656466992672068,-2.0937419418065617,-0.1467517159037744,-2.4663613389092447,1.5692866511988517,-0.5462715775096388,-0.24041708491847677,0.2652495196367563,0.4487503300517772,-2.1823086374331795,-2.2519163015412627,-0.00010338132642789745
0.9833333333333342,-3.657800755306368,-2.0962444889352496,-0.1451914712314724,-2.4653330207775905,1.569274281857323,-0.5476090984921521,-0.24066473559409224,0.2659125636110644,0.4483277125126252,-2.182244477064906,-2.251858337526919,-0.00010034235623655345
0.9875000000000008,-3.658881913187927,-2.09898484462923,-0.143510047340257,-2.464184029569647,1.5692615385135424,-0.5486936087825882,-0.241038300854702,0.26655000677012564,0.44785930253206585,-2.182177968540552,-2.2517970236514673,-9.430757738330267e-05
0.9916666666666675,-3.659715790435559,-2.1019535357811243,-0.1417178962787341,-2.462913471408134,1.5692484271568012,-0.5495304108640501,-0.24153488112433288,0.2671619908947123,0.4473456610182878,-2.1821091955928176,-2.251732397528631,-8.526448397257698e-05
0.9958333333333341,-3.660308948189676,-2.105140267029842,-0.1398258278644166,-2.4615209281069723,1.5692349533404657,-0.550126045107171,-0.24215101210341708,0.26774869420918757,0.44678749545265795,-2.1820382496910975,-2.251664506734714,-7.321084815455069e-05
1.0000000000000009,-3.66066911615554,-2.10853400338358,-0.1378448737666389,-2.460006511320889,1.5692211223795447,-0.5504882215988532,-0.2428826895943817,0.26831033579279767,0.4461856645608726,-2.1819652302340367,-2.2515934096546175,-5.8155693814730686e-05
1.0041666666666675,-3.6608051164394273,-2.112123051783082,-0.1357861587792645,-2.458370910407828,1.5692069395639434,-0.5506257444202813,-0.2437253973835983,0.26884718088327253,0.44554118243780405,-2.181890244439036,-2.2515191763671827,-4.01201940402156e-05
1.0083333333333342,-3.660726780958078,-2.115895140872151,-0.1336607813160158,-2.456615432780588,1.5691924104738952,-0.550548427394545,-0.24467413792909454,0.2693595468960788,0.44485522191143007,-2.1818134095409643,-2.251441887175274,-1.913836852442311e-05
1.0125000000000008,-3.660444863783821,-2.119837498439566,-0.131479704409948,-2.4547420360871266,1.5691775410422453,-0.5502670089720817,-0.24572346551230007,0.26984780998554386,0.4441291169867086,-2.18173485020112,-2.251361635657669,4.741827338725299e-06
1.0166666666666675,-3.659970949685328,-2.123936926207707,-0.1292536585855188,-2.452753351298648,1.569162337841514,-0.549793060293611,-0.24686752164313916,0.27031241192601657,0.44336436414750513,-2.1816546994215043,-2.251278528540783,3.1457748239295366e-05
1.0208333333333341,-3.659317360173814,-2.128179871625877,-0.1269930569817821,-2.450652696185176,1.5691468082149946,-0.5491388919579839,-0.24810007234288042,0.270753867108764,0.44256262249105816,-2.181573097829457,-2.2511926865889307,6.093124181332524e-05
1.0250000000000008,-3.658497058265583,-2.132552496515365,-0.124707923123705,-2.4484440787725283,1.5691309606355264,-0.5483174581575949,-0.24941454701579566,0.27117276941310275,0.44172571259827276,-2.181490194161015,-2.2511042436942104,9.306844294915664e-05
1.0291666666666675,-3.6575235531700088,-2.13704074245902,-0.1224078312725017,-2.446132191369758,1.569114805853146,-0.5473422587305621,-0.2508040785214488,0.27156979867357983,0.44085561405241414,-2.1814061480641276,-2.2510133438428808,0.000127760890787042
1.033333333333334,-3.656410806035112,-2.1416303935553302,-0.1201018588067247,-2.4437223960736234,1.5690983561189642,-0.5462272483525441,-0.2522615440585431,0.2719457267906545,0.4399544613499613,-2.1813211263161776,-2.250920144971784,0.0001648834365796462
1.0375000000000008,-3.6551731376465697,-2.146307136157608,-0.1177985503023646,-2.4412207011199403,1.5690816252543092,-0.5449867445805647,-0.25377960661482035,0.2723014230582713,0.43902453838793937,-2.181235302362658,-2.2508248192710147,0.0002042937305632657
1.0416666666666676,-3.653825138956778,-2.151056615262473,-0.115505892182223,-2.4386337287769533,1.5690646290135544,-0.5436353378673646,-0.2553507564560294,0.2726378584900077,0.4380682717738912,-2.181148856047466,-2.250727551748522,0.00024583276123268455
1.0458333333333343,-3.652381586515932,-2.155864489809416,-0.1132312893565713,-2.4359687102108376,1.5690473716407194,-0.5421881344577347,-0.2569673488994798,0.2729561089486937,0.43708822096975736,-2.181061620578353,-2.2506289132445647,0.0002892914821538785
1.050000000000001,-3.65085736102167,-2.1607164826988674,-0.1109815733159578,-2.4332333658896284,1.5690299468024511,-0.5406593291824094,-0.25862165500178347,0.27325735346395896,0.4360870722901257,-2.180974573121244,-2.250528368971232,0.00033459590679876236
1.0541666666666676,-3.649267361710215,-2.165598431759025,-0.1087630100492629,-2.430435864476411,1.5690123099446316,-0.5390641588469056,-0.26030589495164624,0.27354288918044023,0.43506762499920426,-2.1808875123336513,-2.2504264715083178,0.0003814435887504972
1.0583333333333342,-3.64762644734768,-2.1704963264388333,-0.1065812785526627,-2.427584833078346,1.5689944772022344,-0.5374175387124717,-0.2620122719830588,0.27381411472775485,0.43403278376027404,-2.180800577949851,-2.2503234930040206,0.00042960235424664754
1.0625000000000009,-3.645949365263938,-2.1753963643404246,-0.1044415023999363,-2.4246892797168806,1.568976479739305,-0.5357342436123576,-0.263733014550886,0.27407253349149957,0.4329855387821318,-2.180713966207862,-2.250219698850591,0.00047883547484100326
1.0666666666666675,-3.644250689846301,-2.1802849864278278,-0.1023482658431392,-2.421758509989699,1.5689583518655554,-0.5340288584384895,-0.265460411105744,0.27431975068859343,0.4319289566660319,-2.180627892709921,-2.250115336214481,0.0005288969873758624
1.0708333333333342,-3.642544768210743,-2.1851489191686784,-0.1003056349636776,-2.4188020719314123,1.5689401298727166,-0.5323157434684777,-0.26718684312923535,0.27455746879610865,0.43086616432288216,-2.1805425755270953,-2.250010660866737,0.00057952709660418
1.0750000000000008,-3.640845671015244,-2.1899752112212063,-0.0983171825754421,-2.4158296947158258,1.5689218513358174,-0.530608997578493,-0.2689048157759132,0.27478748125481517,0.4298003336964864,-2.1804582212971906,-2.249905950743971,0.0006304516337417402
1.0791666666666675,-3.639167148667319,-2.194751268563432,-0.0963860154958347,-2.4128512246817926,1.5689035568970582,-0.528922399297762,-0.27060698668378175,0.27501166486462575,0.4287346659399446,-2.180375041549266,-2.249801488691679,0.0006813863604339064
1.0833333333333341,-3.637522592775473,-2.19946488713533,-0.0945148018882924,-2.409876558132784,1.5688852923611032,-0.5272693582172021,-0.27228619250372466,0.27523197098509045,0.42767237600396824,-2.180293259599881,-2.249697546982077,0.0007320442522252303
1.0875000000000008,-3.635925003099137,-2.204104283274855,-0.0927057992153197,-2.4069155823170405,1.568867106639602,-0.5256629013641367,-0.273935472156094,0.2754504157731961,0.42661667649868523,-2.180213087988743,-2.249594407736864,0.0007821337355824362
1.0916666666666675,-3.6343869591241633,-2.2086581214953545,-0.0909608898679909,-2.4039781259729422,1.5688490464435725,-0.5241156682202653,-0.2755480873377353,0.2756690695599769,0.42557075933755767,-2.1801347105589954,-2.24949239717126,0.0008313458711723045
1.0958333333333343,-3.6329205956727337,-2.2131155403064344,-0.089281608931284,-2.401073887545828,1.5688311626556437,-0.5226398197102671,-0.27711754237972125,0.2758900451200839,0.4245377812528339,-2.180058346518135,-2.249391801767878,0.0008793735279606353
1.100000000000001,-3.63153758298956,-2.217466176743732,-0.0876691717185422,-2.3982123795388324,1.5688135051682028,-0.5212470713765552,-0.27863760037863483,0.27611548578443257,0.4235208479841749,-2.179984187521637,-2.249292922785712,0.0009259063558010603
1.1041666666666676,-3.6302491107304258,-2.2217001881381107,-0.0861245024398185,-2.3954028790386017,1.568796125215277,-0.5199486570690486,-0.2801022969581682,0.2763475523882594,0.4225229983124632,-2.1799124217575763,-2.2491960554463017,0.0009706356953178012
1.1083333333333343,-3.629065875526851,-2.225808272249314,-0.0846482587373934,-2.392654383374824,1.5687790746214132,-0.5187554133368237,-0.2815059513528194,0.2765884099942227,0.42154718890310017,-2.179843125310173,-2.249101594717525,0.001013254295796712
1.112500000000001,-3.627998070158612,-2.229781683770122,-0.0832408635504677,-2.389975554567061,1.5687624053093694,-0.5176775747651923,-0.2828431770006836,0.2768402146414514,0.42059627957741275,-2.1797764755118467,-2.2490098192283967,0.0010534618969951833
1.1166666666666676,-3.627055376482824,-2.2336122515374,-0.0819025269480382,-2.387374682552814,1.568746169905202,-0.5167248552408815,-0.2841088888431581,0.27710509969269836,0.4196730188601095,-2.1797126534266114,-2.2489209894634548,0.001090966342868867
1.1208333333333342,-3.62624695992616,-2.2372923919771144,-0.0806332687249965,-2.3848596442918373,1.5687304203157444,-0.51590645124405,-0.28529830918655524,0.277385162333848,0.41878003107731754,-2.1796518306745267,-2.2488353539420887,0.0011254853332187298
1.1250000000000009,-3.625581465653173,-2.2408151216673646,-0.0794329396731223,-2.382437867744565,1.5687152071183073,-0.5152310386722269,-0.2864069721746718,0.27768245022216065,0.4179198037001868,-2.1795941673541055,-2.2487531485342336,0.001156748301492678
1.1291666666666675,-3.625067016000675,-2.244174068444336,-0.0783012410686743,-2.3801162994162883,1.568700578988094,-0.51470677125822,-0.2874307269555117,0.27799894839272205,0.4170946754437272,-2.179539809820194,-2.2486745963649803,0.0011844981785239976
1.1333333333333342,-3.6247112087064735,-2.2473634809064484,-0.0772377424076679,-2.377901374335218,1.5686865824408187,-0.5143412767102471,-0.28836573981293223,0.27833656648779453,0.41630682533825425,-2.1794888913599295,-2.248599903798327,0.0012084940146151054
1.1375000000000008,-3.624521115643934,-2.2503782365159,-0.0762418973537495,-2.375798989156783,1.5686732615195438,-0.5141416536873409,-0.28920849540770255,0.2786971264274021,0.41555826271249197,-2.179441532437579,-2.2485292567171613,0.0012285134778897847
1.1416666666666675,-3.624503281769982,-2.2532138486729325,-0.0753130577223545,-2.3738144792822444,1.568660656993902,-0.5141144731588985,-0.2899557972895473,0.2790823506354075,0.41485081796822393,-2.1793978368259905,-2.2484628219391647,0.0012443540423290652
1.1458333333333344,-3.624663723885951,-2.255866472784972,-0.0744504859002973,-2.3719525987679124,1.5686488061596564,-0.5142657759604391,-0.29060476803531554,0.27949385083294237,0.41418613420274003,-2.179357892050789,-2.248400744952769,0.0012558348927193502
1.150000000000001,-3.625007928976113,-2.258332911204006,-0.0736533653496879,-2.370217503311853,1.5686377421139173,-0.5146010733665929,-0.2911528490444605,0.27993311750301814,0.41356565983146154,-2.1793217658669297,-2.2483431512915923,0.001262797865334915
1.1541666666666677,-3.6255408518316097,-2.260610617297934,-0.0729208094614145,-2.3686127360266487,1.568627493434649,-0.5151253446056869,-0.2915978002876286,0.28040151004167757,0.412990642111663,-2.179289505605006,-2.2482901456021867,0.0012651087412131029
1.1583333333333343,-3.626266911734931,-2.2626976985974943,-0.0722518686544664,-2.3671412155835267,1.5686180838797568,-0.5158430328309763,-0.2919377001399448,0.2809002476649818,0.4124621216832023,-2.1792611379695033,-2.24824180981975,0.0012626585384394745
1.162500000000001,-3.6271899881747074,-2.264592918883457,-0.071645536023476,-2.3658052292084557,1.5686095331210137,-0.516758041040806,-0.292170945225454,0.28143040098004524,0.4119809279217282,-2.1792366695314964,-2.2481982041451003,0.0012553651337344834
1.1666666666666676,-3.628313414887984,-2.2662956999838784,-0.0711007510271812,-2.3646064228846764,1.568601854507834,-0.5178737255673224,-0.2922962510719777,0.2819928847492571,0.4115476756036811,-2.179216084118237,-2.248159363067186,0.0012431724544595007
1.1708333333333343,-3.629639972879618,-2.267806122370615,-0.070616401919366,-2.363545799465213,1.5685950557652009,-0.5191928901262681,-0.2923126527410954,0.28258845118837683,0.41116276216412934,-2.179199342581435,-2.2481252974503905,0.0012260514417572626
1.175000000000001,-3.631171881784637,-2.2691249246609035,-0.0701913267612193,-2.3626237170520668,1.5685891385579676,-0.5207177755302796,-0.292219506065647,0.2832176842640091,0.4108263662127916,-2.1791863838314103,-2.248095991883242,0.0012040001031506204
1.1791666666666676,-3.632910789873264,-2.270253502370508,-0.0698243129748026,-2.361839892019939,1.5685840988791446,-0.5224500509378128,-0.29201648928653173,0.28388099486175267,0.41053844680740703,-2.179177124365271,-2.2480714069971466,0.0011770434918059415
1.1833333333333342,-3.634857762437604,-2.2711939053786288,-0.0695140956404898,-2.361193403174789,1.5685799267985263,-0.52439080148885,-0.2917036052754511,0.284578616970069,0.41029874394722615,-2.1791714589435887,-2.248051478472941,0.0011452331380651562
1.1875000000000009,-3.637013268776277,-2.271948834322256,-0.0692593545269502,-2.360682699461442,1.568576606623427,-0.5265405158439816,-0.29128118421823496,0.28531060483261145,0.41010677998697703,-2.1791692606518835,-2.2480361183577013,0.0011086463472630519
1.1916666666666675,-3.639377167790281,-2.272521635321356,-0.0690587100513604,-2.3603056099326527,1.5685741168471308,-0.5288990721207008,-0.290749886708072,0.28607683112089577,0.40996186225554737,-2.179170380813021,-2.2480252157434815,0.0010673851754761901
1.1958333333333344,-3.641948692378527,-2.2729162934936467,-0.068910718347588,-2.3600593568577164,1.568572430350254,-0.5314657211860547,-0.2901107072647375,0.2868769861855487,0.40986308656154946,-2.1791746512328096,-2.2480186366131316,0.0010215751558609277
1.200000000000001,-3.644726432846761,-2.273137424223413,-0.0688138653100337,-2.359940571570602,1.568571514519312,-0.5342390717273345,-0.2893649779790619,0.2877105783504425,0.4098093420307219,-2.179181882940501,-2.2480162262866026,0.0009713639156959625
1.2041666666666677,-3.647708319538254,-2.2731902628473377,-0.0687665602390669,-2.359945313610845,1.5685713315689918,-0.5372170713088479,-0.28851437236305666,0.2885769353495728,0.40979931678844844,-2.1791918694580783,-2.2480178092678798,0.0009169194118265998
1.2083333333333344,-3.6508916050391833,-2.273080651859728,-0.068767128626486,-2.3600690924986227,1.5685718388069156,-0.5403969894336402,-0.28756090907621723,0.2894752068872735,0.4098315049665931,-2.179204386833982,-2.2480231912179383,0.0008584282099728016
1.212500000000001,-3.654272846283489,-2.272815025777244,-0.068813804893477,-2.360306892747232,1.5685729889490718,-0.5437753992904432,-0.28650695543688975,0.29040436836968186,0.40990421469353533,-2.1792191956043383,-2.248032160187997,0.0007960933778169186
1.2166666666666677,-3.657847886982896,-2.27240039343139,-0.0689047248963199,-2.360653201894633,1.5685747306061295,-0.5473481596960553,-0.285355230500492,0.29136322581271984,0.4100155771717927,-2.179236043062472,-2.24804448788151,0.0007301324628445133
1.2208333333333343,-3.661611840844075,-2.2718443171441582,-0.0690379184589279,-2.3611020414664816,1.5685770086403852,-0.5511103990153238,-0.2841088073984884,0.2923504219169571,0.4101635569499889,-2.179254664053982,-2.2480599320705257,0.0006607752659704203
1.225000000000001,-3.665559076047189,-2.271154889265232,-0.0692113024714037,-2.3616470006822343,1.5685797647426496,-0.555056498429331,-0.28277111490058454,0.2933644433733286,0.4103459630332675,-2.1792747844081646,-2.248078237432536,0.0005882616692987602
1.2291666666666676,-3.669683201575272,-2.2703407050884565,-0.0694226743370421,-2.362281273079301,1.5685829378640748,-0.5591800790693605,-0.2813459376918423,0.2944036292913512,0.4105604611916917,-2.1792961218433713,-2.2480991383102236,0.000512839370370452
1.2333333333333343,-3.673977055925101,-2.2694108327402587,-0.0696697064196367,-2.362997695435056,1.5685864648261305,-0.5634739897526948,-0.27983741535920675,0.2954661808083057,0.410804587070229,-2.1793183890900334,-2.248122359758281,0.0004347618290893386
1.237500000000001,-3.678432698825808,-2.2683747795804337,-0.0699499417285691,-2.3637887890643654,1.568590280832358,-0.5679302988657622,-0.2782500397133458,0.2965501718006715,0.41107576015193925,-2.1793412958110485,-2.2481476199110992,0.0003542860762807569
1.2416666666666676,-3.6830414065844823,-2.267242455215621,-0.0702607908274498,-2.364646803061269,1.5685943200445531,-0.5725402895447982,-0.27658865023393403,0.29765356063775944,0.4113712985086677,-2.179364550768425,-2.248174631862806,0.00027167080059221763
1.2458333333333345,-3.687793671665833,-2.2660241311617204,-0.0705995305996578,-2.3655637591619545,1.5685985161831866,-0.5772944588807615,-0.2748584274383357,0.29877420291108203,0.4116884341383267,-2.179387864331576,-2.2482031054274936,0.00018717454988164526
1.250000000000001,-3.69267920712179,-2.2647303973135484,-0.0709633048519047,-2.3665314975403886,1.56860280304595,-0.5821825220278791,-0.27306488397983886,0.2999098650615008,0.4120243288268341,-2.179410950646206,-2.2482327486671303,0.00010105410314687457
1.2541666666666678,-3.697686956467576,-2.26337211529434,-0.0713491271652848,-2.367541723694901,1.568607115010909,-0.5871934224458546,-0.2712138532449919,0.3010582387545209,0.4123760903365281,-2.179433529198058,-2.248263270340411,1.3562899357252796e-05
1.2583333333333344,-3.7028051095301815,-2.261960369004554,-0.0717538860507744,-2.3685860550046973,1.5686113874554055,-0.5923153472605818,-0.26931147538063516,0.30221695591249587,0.4127407888503723,-2.179455326787996,-2.2482943808514464,-7.505019631982828e-05
1.262500000000001,-3.7080211246477983,-2.260506412829998,-0.0721743526800344,-2.369656064563068,1.568615556776075,-0.5975357460634577,-0.26736418082892505,0.3033836043510908,0.41311547358727135,-2.179476081058147,-2.248325788236007,-0.00016454175320748424
1.2666666666666677,-3.713321758268615,-2.259021617287121,-0.0726071907761628,-2.3707433323089995,1.5686195612985567,-0.6028413705258129,-0.265378670279445,0.3045557433697311,0.4134971888670983,-2.1794955337743724,-2.2483572137843266,-0.00025467544909378494
1.2708333333333344,-3.7186931014024207,-2.2575174143605694,-0.0730489698835215,-2.371839490132816,1.5686233430090453,-0.608218301769637,-0.26336189263205023,0.3057309197264828,0.41388298958162667,-2.1795134437016808,-2.2483883849217428,-0.0003452210151838605
1.275000000000001,-3.724120623570475,-2.2560052405713207,-0.073496180772646,-2.372936262940867,1.568626847197038,-0.6136519949122015,-0.26132101994471996,0.3069066836287575,0.4142699569327082,-2.1795295854973267,-2.2484190353948836,-0.00043595495501638445
1.2791666666666677,-3.729589224413896,-2.254496479686916,-0.0739452534268876,-2.3740255083231365,1.568630022535137,-0.6191273309502197,-0.25926341965391386,0.3080806044488449,0.4146552133509348,-2.179543749611109,-2.248448905786337,-0.0005266607461040085
1.2833333333333343,-3.7350832929859608,-2.2530024057390423,-0.0743925771527204,-2.3750992543658085,1.5686328210172311,-0.6246286775015624,-0.2571966241530548,0.30925028601037563,0.4150359364843515,-2.1795557412695055,-2.2484777457242604,-0.0006171293084756178
1.287500000000001,-3.740586774516479,-2.251534126668581,-0.0748345228251205,-2.3761497341808777,1.5686351983460498,-0.6301399546001965,-0.2551282979688905,0.31041338120188033,0.41540937226536445,-2.1795653819046312,-2.2485053131767927,-0.0007071584766192619
1.2916666666666676,-3.7460832444395846,-2.2501025294471324,-0.0752674668573668,-2.3771694172936315,1.568637113816463,-0.6356447099260659,-0.2530662026982037,0.31156760581822657,0.415772846833547,-2.179572508146162,-2.2485313761120698,-0.0007965531654568146
1.2958333333333345,-3.7515559892585633,-2.248718227110421,-0.075687816478955,-2.3781510375243493,1.5686385304978223,-0.6411261996980653,-0.25101815996749816,0.31271075137184273,0.41612377730657735,-2.1795769719983094,-2.2485557127429576,-0.0008851248849305274
1.3000000000000012,-3.7569880937070175,-2.2473915082465763,-0.0760920353027107,-2.3790876170903887,1.5686394148856109,-0.6465674902806692,-0.248992012629421,0.3138406967447078,0.4164596814909893,-2.179578624067193,-2.2485781267118425,-0.0009726918522093737
1.3041666666666678,-3.762362533540233,-2.246132289626074,-0.0764766713515426,-2.3799724875722785,1.568639738783898,-0.6519515136544664,-0.24699558479071929,0.31495541846265807,0.41677818575733827,-2.1795773569193537,-2.2485984078845065,-0.0010590757972618325
1.3083333333333345,-3.767662273156429,-2.244950072958054,-0.0768383827368151,-2.3807993066697293,1.5686394771232954,-0.6572611942981119,-0.2450366406408764,0.31605299984763174,0.41707703196588414,-2.1795730715279213,-2.248616363532024,-0.0011441048980180054
1.312500000000001,-3.772870367056498,-2.2438539040760315,-0.0771739638835648,-2.381562069696084,1.5686386081936337,-0.6624795458753051,-0.24312284260671668,0.31713163838582065,0.41735408357053,-2.179565680690013,-2.2486318111129475,-0.0012276122259770584
1.3166666666666678,-3.7779700642677128,-2.242852337350714,-0.0774803707484641,-2.3822551194607056,1.5686371143018158,-0.667589772158055,-0.24126170932247967,0.3181896515987336,0.417607329933787,-2.1795551128532704,-2.2486445743511485,-0.0013094342101386978
1.3208333333333344,-3.782944914611047,-2.241953404472829,-0.077754744459864,-2.382873153240155,1.568634981424199,-0.6725753749571558,-0.23946057360610412,0.31922548138716755,0.41783488948997666,-2.179541309977177,-2.2486544847653223,-0.0013894106833493606
1.325000000000001,-3.787778875664963,-2.241164588046256,-0.0779944333359076,-2.3834112274976427,1.5686321979186966,-0.6774202671721116,-0.23772654089708847,0.3202376969056393,0.4180350116030794,-2.1795242210180144,-2.2486613886264997,-0.0014673866343948526
1.3291666666666677,-3.792456419172012,-2.2404927991274186,-0.0781970126601801,-2.383864759359225,1.568628754045272,-0.682108881379625,-0.2360664485259888,0.32122499579633207,0.418206077738287,-2.1795037988470054,-2.248665148679546,-0.0015432123894923413
1.3333333333333344,-3.796962635696653,-2.239944359031678,-0.0783603022612917,-2.384229526090805,1.568624642091529,-0.6866262810592714,-0.2344868262233184,0.32218620391519176,0.41834660176185734,-2.1794799923534827,-2.2486656507710943,-0.0016167429789913112
1.337500000000001,-3.8012833359854703,-2.2395249845518688,-0.0784823830912018,-2.3845016563982795,1.5686198640887346,-0.6909582260033308,-0.23299385904740316,0.32312027340735217,0.41845523000243817,-2.1794527829047077,-2.248662760656546,-0.0016878244374931306
1.3416666666666677,-3.8054051488873193,-2.239239780074745,-0.0785616109259547,-2.3846776220247783,1.5686144325803444,-0.6950910990146575,-0.23159335217095428,0.32402628060005,0.41853073949447817,-2.179422375209479,-2.2486561357250143,-0.0017562908540569447
1.3458333333333343,-3.809315614533308,-2.239093235670764,-0.0785966131312744,-2.384754262344981,1.568608345531684,-0.6990124209924491,-0.23029069389215426,0.3249034226694803,0.41857203523234365,-2.179388735062771,-2.2486456970279085,-0.0018220100258644768
1.3500000000000012,-3.813003269736743,-2.239089218895117,-0.0785863028740946,-2.384728758716945,1.5686016010352946,-0.7027107113738942,-0.22909082600121528,0.3257510123454689,0.4185781503681837,-2.179351830091449,-2.2486313716768143,-0.0018848554082127262
1.3541666666666679,-3.8164577271125055,-2.2392309779099917,-0.0785298823385757,-2.384598636142748,1.5685941989931338,-0.7061755591387313,-0.22799821545704252,0.3265684726699848,0.41854824255406986,-2.1793116448050323,-2.2486130901562125,-0.0019447048950824424
1.3583333333333345,-3.819669745740347,-2.2395211435298843,-0.078426843030254,-2.384361757902218,1.568586142505463,-0.7093964173935816,-0.2270168288231958,0.32735533099799646,0.41848159227552606,-2.179269612995225,-2.248589393512618,-0.0020014280860661104
1.3625000000000012,-3.822631293014983,-2.23996173417932,-0.0782769634870712,-2.3840163226352358,1.56857743712937,-0.7123654192801075,-0.22615010977353592,0.3281112129253347,0.4183776007790989,-2.179225522522894,-2.248560435597735,-0.002054909584270092
1.3666666666666678,-3.8253355969074265,-2.240554162213905,-0.0780803044165377,-2.3835608621162923,1.5685680889339373,-0.7150759530096065,-0.225400959789678,0.3288358361533389,0.41823578834432756,-2.1791791752220897,-2.2485263723087243,-0.002105040555272248
1.3708333333333345,-3.8277771882039895,-2.2412992423729614,-0.0778372013489239,-2.382994240647053,1.5685581045101884,-0.7175227031721044,-0.22477172249459607,0.3295290044458417,0.41805579251239744,-2.179130388549426,-2.2484873611960787,-0.0021517191866311275
1.375000000000001,-3.829951932269193,-2.2421972008743114,-0.077548255169491,-2.3823156550582327,1.568547490789488,-0.7197016812437017,-0.22426417147037145,0.33019060184723054,0.41783736684684236,-2.1790789969661004,-2.248443560059196,-0.0021948513863815126
1.3791666666666678,-3.831857050129833,-2.2432476854989294,-0.0772143207383714,-2.38152463615273,1.568536254964567,-0.7216102456021156,-0.22387950170636217,0.33082058737532744,0.4175803799725092,-2.179024853450049,-2.2483951261001307,-0.002234351461186021
1.3833333333333344,-3.833491128790822,-2.2444497763275786,-0.0768364937777977,-2.380621051409343,1.5685244044695072,-0.7232471110442927,-0.22361832468883938,0.33141899031910843,0.4172848149915185,-2.1789678308036797,-2.2483422154763524,-0.002270142785917391
1.387500000000001,-3.8348541208101943,-2.2458019970689227,-0.0764160961785037,-2.379605108563997,1.5685119469393485,-0.7246123477970042,-0.2234806671707004,0.33198590628600794,0.416950769289568,-2.1789078225889265,-2.2482849829952225,-0.0023021585466536125
1.3916666666666677,-3.83594733332711,-2.247302326883298,-0.0759546600322572,-2.3784773601160416,1.568498890218482,-0.7257073701799674,-0.22346597358697792,0.3325214940796095,0.4165784546832485,-2.178844743908245,-2.2482235821000995,-0.002330342477475185
1.3958333333333344,-3.836773406850129,-2.2489482127374023,-0.0754539106424639,-2.3772387085265207,1.5684852424198286,-0.7265349151900415,-0.2235731120814493,0.33302597348100854,0.4161681978425202,-2.178778532110482,-2.2481581651425895,-0.0023546495861859838
1.4000000000000012,-3.8373362842459207,-2.250736582297476,-0.0749157485211438,-2.375890411672845,1.5684710119582,-0.7270990114014605,-0.22380038405354072,0.33349962396671,0.4157204410039151,-2.1787091471767344,-2.2480888835846224,-0.002375046931373079
1.404166666666668,-3.837641170471477,-2.2526638575433275,-0.0743422308715629,-2.3744340884397603,1.5684562076697313,-0.7274049387271784,-0.2241455371531926,0.33394278437796227,0.4152357427783437,-2.1786365721775187,-2.2480158885414117,-0.0023915143353091454
1.4083333333333345,-3.8376944836979434,-2.254725969150979,-0.0737355525058247,-2.372871724024096,1.568440838930939,-0.7274591796538189,-0.22460578156401295,0.33435585349809416,0.41471477905920595,-2.1785608135425267,-2.247939331316107,-0.0024040451078118545
1.4125000000000012,-3.837503798576866,-2.256918371826228,-0.0730980265064796,-2.3712056743476264,1.568424915771555,-0.727269362684793,-0.22517780944186833,0.3347392915073296,0.41415834391348133,-2.178481901082634,-2.247859363826935,-0.0024126467683204746
1.4166666666666679,-3.837077782444717,-2.2592360607262068,-0.072432064898431,-2.3694386696483947,1.568408449068784,-0.7268441987931551,-0.22585781730887625,0.3350936221969495,0.4135673503035514,-2.178399888091332,-2.247776139279581,-0.0024173416731672432
1.4208333333333345,-3.836426125351722,-2.261673589148378,-0.0717401593380413,-2.36757381647174,1.5683914506980756,-0.7261934117410135,-0.22664153120391978,0.3354194358587254,0.4129428306010378,-2.1783148511444903,-2.2476898126227587,-0.0024181676622598326
1.4250000000000012,-3.835559464831224,-2.264225087634196,-0.0710248620998566,-2.365614597864205,1.568373933693967,-0.7253276631885159,-0.2275242343578571,0.3357173927093186,0.4122859367488325,-2.178226889755967,-2.2476005409659194,-0.002415178654638756
1.4291666666666678,-3.83448930635831,-2.2668842846303456,-0.0702887675442255,-2.363564871558629,1.568355912438132,-0.7242584735452938,-0.228500797137317,0.33598822669488976,0.4115979399495053,-2.178136125967776,-2.2475084840501762,-0.0024084451649092524
1.4333333333333345,-3.833227940454943,-2.269644528833449,-0.0695344941681774,-2.3614288656918325,1.5683374028416583,-0.7229981395224824,-0.22956570899603523,0.33623274952285115,0.410880229801955,-2.1780427037166192,-2.2474138046100065,-0.002398054749393858
1.437500000000001,-3.831788357394419,-2.272498813281575,-0.0687646674418876,-2.359211172010116,1.568318422583657,-0.7215596493119435,-0.23071311213902396,0.33645185473384676,0.4101343127708891,-2.1779467881664223,-2.247316668763867,-0.0023841122951155703
1.4416666666666678,-3.830184160459238,-2.2754398012697696,-0.0679819035078728,-2.356916736364518,1.5682989911685177,-0.7199565962816448,-0.23193683658598177,0.33664652166064996,0.4093618099089795,-2.1778485650426815,-2.24721724632082,-0.0023667405021442676
1.4458333333333344,-3.828429478637428,-2.278459854017884,-0.0671887938650282,-2.354550846176951,1.5682791300146062,-0.7182029993585584,-0.23323043633926327,0.3368178190791586,0.40856445380873446,-2.177748343918388,-2.2471156098251774,-0.0023460792815035987
1.4500000000000013,-3.826538879621184,-2.2815510600368336,-0.066387891116666,-2.3521191150574703,1.568258861883392,-0.7163125419060214,-0.2345872262837279,0.3369669084115996,0.40774408472167967,-2.1776473147401774,-2.247010999726242,-0.0023222802981589276
1.454166666666668,-3.824527283944205,-2.284705266318201,-0.0655816960257414,-2.349627464909382,1.5682382104002992,-0.7143002071298926,-0.23600031955662998,0.3370950463074953,0.4069026456601842,-2.177545614692661,-2.2469036995079334,-0.002295524557069516
1.4583333333333346,-3.822720237501619,-2.287601056932335,-0.0648564905357409,-2.3474777839693104,1.5682362745995129,-0.7124772632648068,-0.2372769168062373,0.3372095369005661,0.4061123522930916,-2.1775760063063325,-2.246899354408042,-0.0022655259207371627
1.4625000000000012,-3.821094378265777,-2.2902160598786967,-0.0642036975936904,-2.345557499349431,1.5682371230843897,-0.7108335411892569,-0.23842629302134172,0.3373090848417823,0.4053944464483078,-2.1776234984847656,-2.2469083347678516,-0.0022378334279175537
1.466666666666668,-3.8196309454642634,-2.2925677139859766,-0.0636161639189017,-2.343826744796614,1.5682374810409234,-0.7093524308146569,-0.23946025164764678,0.33739516425485055,0.4047477189373209,-2.1776650103982726,-2.2469115286516472,-0.0022130718321359782
1.4708333333333345,-3.818313567503832,-2.294680217287205,-0.0630873900867801,-2.3422629337048755,1.5682366849013227,-0.7080184720587923,-0.24039020227001373,0.3374696204068415,0.4041665155614837,-2.177696079340908,-2.246906357723498,-0.002191166045326194
1.4750000000000012,-3.817127632985644,-2.2965772973766607,-0.0626114762491272,-2.3408489000490142,1.5682346604052233,-0.7068178090799215,-0.24122657528428465,0.33753413736954835,0.4036446540301017,-2.177716291685087,-2.246894095134019,-0.0021719544195357415
1.4791666666666679,-3.8160600202965114,-2.2982807657343938,-0.0621831392125926,-2.339570028469905,1.5682315753247105,-0.7057374377441911,-0.24197879209160034,0.33759015506750867,0.4031762616788371,-2.1777268319722696,-2.246876235337288,-0.0021551304237462966
1.4833333333333345,-3.815098925389232,-2.2998103333844986,-0.0617976227171233,-2.3384133371010343,1.5682276389806786,-0.7047654796566893,-0.24265533151295166,0.3376388906483225,0.4027559670213431,-2.17772914629239,-2.246854111947915,-0.0021403816168321797
1.4875000000000012,-3.814233722532873,-2.3011837382129565,-0.0614506462790702,-2.337367141640709,1.5682230547045612,-0.7038911300442244,-0.24326381993652238,0.3376813727684531,0.40237890478167737,-2.1777246617212707,-2.246828802806852,-0.0021274174659970365
1.4916666666666678,-3.8134548453039,-2.302416915939413,-0.0611383570953628,-2.336420880470319,1.5682179981736233,-0.7031046271252623,-0.24381111434355715,0.33771847214301104,0.40204068603490933,-2.1777146495145634,-2.246801187122712,-0.002115988048075309
1.4958333333333345,-3.812753681907307,-2.303524178226174,-0.0608572871531237,-2.3355650169029,1.5682126178686735,-0.7023971760565088,-0.24430337815692105,0.33775092681106056,0.4017373552085175,-2.177700218620588,-2.2467720032891716,-0.0021058826375367446
1.5000000000000013,-3.812122479663691,-2.304518378737132,-0.0606043155946474,-2.334790934672829,1.5682070388886291,-0.7017608475266669,-0.24474615223780516,0.3377793641862052,0.4014653492905852,-2.177682338843809,-2.2467418596879463,-0.0020969220441438285
1.504166666666668,-3.811554259122541,-2.305411060408181,-0.0603766338884573,-2.334090841179208,1.5682013643144217,-0.7011884985445372,-0.24514441824483377,0.33780431924122223,0.40122146166143274,-2.177661844100969,-2.246711253134251,-0.002088954690803557
1.5083333333333346,-3.811042736647042,-2.306212587351372,-0.0601717143637202,-2.333457680570897,1.5681956721851251,-0.7006737211439982,-0.24550265525077802,0.33782624974198616,0.40100280917966924,-2.177639412103785,-2.246680606632007,-0.0020818602082215507
1.5125000000000013,-3.810582255806629,-2.3069322668694023,-0.0599872818562103,-2.3328850758919497,1.5681900347339284,-0.7002107199684116,-0.24582489072675293,0.33784554727558647,0.4008067989664458,-2.1776156506246274,-2.246650237800844,-0.0020755217983295113
1.516666666666668,-3.810167724236732,-2.3075784565923447,-0.0598212887823843,-2.332367254048544,1.5681845036614035,-0.6997942837415944,-0.24611474616313117,0.3378625488276831,0.4006311010234818,-2.1775910625703894,-2.2466204004550785,-0.0020698483937827937
1.5208333333333346,-3.8097945574611294,-2.308158660674382,-0.0596718921006623,-2.331898989483049,1.568179117910543,-0.6994197305655848,-0.24637547813406369,0.3378775447208246,0.4004736225231148,-2.1775660563692205,-2.2465912987894034,-0.0020647634088958792
1.5250000000000012,-3.809458628320322,-2.3086796171337114,-0.0595374329319289,-2.3314755536042866,1.5681739070158862,-0.6990828507886093,-0.2466100151834741,0.33789078557757696,0.4003324840021193,-2.1775409648125867,-2.2465630921619426,-0.002060200581787142
1.529166666666668,-3.8091562213706047,-2.3091473760889265,-0.0594164181743121,-2.331092667769376,1.568168892636021,-0.6987798580725118,-0.24682099095509477,0.33790248824152613,0.40020599801173273,-2.177516057707857,-2.2465359007135413,-0.002056102385232416
1.5333333333333345,-3.8088839918230017,-2.309567369946266,-0.0593075039395073,-2.330746460544232,1.5681640899060785,-0.6985073465935188,-0.24701077396187396,0.3379128407360158,0.40009264986222287,-2.1774915513909745,-2.246509811321546,-0.002052418636958455
1.5375000000000012,-3.8086389285754807,-2.3099444764412227,-0.0592094806432204,-2.330433429027587,1.568159508576029,-0.6982622526259611,-0.24718149433821884,0.33792200643479925,0.39999108022464225,-2.1774676169195812,-2.2464848828367003,-0.0020491053871827735
1.5416666666666679,-3.808418320930833,-2.3102830752478662,-0.0591212595843695,-2.330150403846913,1.5681551540033656,-0.6980418201608655,-0.247335067882519,0.33793012757451857,0.3999000694302846,-2.1774443869911444,-2.246461150784373,-0.002046123967363976
1.5458333333333345,-3.808219728632974,-2.3105870988171326,-0.0590418608656911,-2.329894517481894,1.5681510279920412,-0.6978435699971639,-0.24747321766573888,0.3379373282224702,0.3998185233102172,-2.177421961920815,-2.2464386314375235,-0.0020434402108530933
1.5500000000000014,-3.808040954890905,-2.3108600780303608,-0.0589704025215779,-2.329663175593836,1.568147129498087,-0.697665271946695,-0.24759749345400353,0.3379437167906207,0.3997454604337095,-2.177400414801355,-2.2464173253251603,-0.0020410238131775243
1.554166666666668,-3.807880022092542,-2.311105183196477,-0.0589060907324772,-2.329454031072787,1.568143455220976,-0.697504919829026,-0.24770928916784882,0.3379493881708786,0.3996800006146424,-2.177379795957801,-2.2463972202342335,-0.0020388478047425472
1.5583333333333347,-3.807735149940589,-2.3113252608638803,-0.0588482110166026,-2.3292649605472078,1.5681400000972998,-0.6973607090025361,-0.24780985857674942,0.3379544255527552,0.399621354566938,-2.17736013675517,-2.246378293797656,-0.002036888114594839
1.5625000000000013,-3.807604735768709,-2.311522866879625,-0.0587961203024964,-2.3290940431207128,1.5681367577127054,-0.6972310161199733,-0.24790032940968743,0.33795890197541645,0.39956881459629434,-2.177341452908101,-2.246360515665101,-0.0020351232058342986
1.566666666666668,-3.80748733682094,-2.311700296071836,-0.0587492397930589,-2.328939541124022,1.5681337206433807,-0.6971143809415116,-0.2479817160410033,0.3379628816554724,0.39952174623102743,-2.177323747288241,-2.2463438493650965,-0.002033533769703031
1.5708333333333346,-3.807381654298428,-2.311859608904768,-0.0587070485430305,-2.3287998826922576,1.5681308807395085,-0.6970094899539657,-0.24805493089709352,0.33796642112626885,0.3994795806979879,-2.1773070123485097,-2.2463282538571514,-0.002032102465314477
1.5750000000000013,-3.8072865189974983,-2.3120026554109505,-0.0586690776777272,-2.3286736459950994,1.5681282293580057,-0.696915161650843,-0.24812079471243806,0.33796957021729995,0.39944180816243746,-2.1772912321713744,-2.2463136848503837,-0.002030813698585137
1.579166666666668,-3.807200878380188,-2.312131096681997,-0.0586349051898447,-2.328559544962769,1.5681257575544902,-0.6968303332737744,-0.2481800457524151,0.33797237289858256,0.3994079716546214,-2.1772763842295553,-2.246300095888967,-0.0020296534303517236
1.5833333333333346,-3.8071237849344746,-2.3122464241644645,-0.0586041512559279,-2.328456416364705,1.5681234562391455,-0.6967540488896525,-0.2482333481068131,0.33797486801008253,0.39937766161611626,-2.177262440871128,-2.246287439255288,-0.0020286090105593826
1.5875000000000012,-3.807054385695694,-2.312349976985099,-0.058576474020681,-2.3283632081156536,1.5681213163025287,-0.6966854486682693,-0.24828129914784328,0.3379770898931572,0.3993505110036016,-2.1772493705694282,-2.246275666717646,-0.0020276690340023883
1.591666666666668,-3.8069919128131926,-2.3124429575078445,-0.0585515658027212,-2.3282789686914422,1.5681193287170074,-0.6966237592282353,-0.24832443623749714,0.3379790689385121,0.3993261908936299,-2.177237138982692,-2.2462647301324803,-0.002026823212570931
1.5958333333333345,-3.806935675058041,-2.312526445301797,-0.0585291496793256,-2.328202837548713,1.568117484616668,-0.6965682849542918,-0.2483632427597096,0.33798083206260865,0.3993044065385727,-2.177225709836771,-2.2462545819313458,-0.00202606226280692
1.6000000000000014,-3.806885050177864,-2.3126014096826104,-0.0585089764124891,-2.32813403645242,1.5681157753592612,-0.6965184001848057,-0.24839815354562586,0.3379824031227564,0.3992848938280411,-2.1772150456589867,-2.2462451755053974,-0.0020253778061987706
1.604166666666668,-3.806839478014116,-2.312668720972081,-0.0584908216821972,-2.3280718616199523,1.568114192571693,-0.6964735421853303,-0.2484295597533071,0.3379838032796357,0.3992674161154678,-2.177205108375989,-2.2462364655019607,-0.002024762281664288
1.6083333333333347,-3.806798454307217,-2.3127291606100147,-0.0584744835947763,-2.328015676638481,1.5681127281871612,-0.696433204838976,-0.24845781325505156,0.3379850513132575,0.39925176136880514,-2.1771958598105456,-2.246228408081483,-0.0020242088660847547
1.6125000000000014,-3.806761525118672,-2.312783430233876,-0.0584597804426643,-2.327964906039047,1.5681113744731947,-0.6963969329365428,-0.24848323058519,0.3379861639002966,0.3992377396157739,-2.1771872621119677,-2.2462209610668182,-0.002023711398422112
1.616666666666668,-3.806728281809756,-2.312832159828578,-0.0584465486868106,-2.327919029475693,1.568110124046649,-0.6963643170624371,-0.24850609649051303,0.33798715585749584,0.3992251806547684,-2.1771792780715917,-2.2462140840615517,-0.0020232643168142787
1.6208333333333347,-3.806698356521288,-2.312875915044167,-0.0584346411405435,-2.3278775764605304,1.5681089698821606,-0.6963349889952826,-0.2485266671236368,0.33798804035541263,0.3992139320021094,-2.177171871371433,-2.2462077385296375,-0.002022862601932509
1.6250000000000013,-3.8066714181044414,-2.3129152037665413,-0.0584239253349761,-2.3278401216015414,1.5681079053156952,-0.6963086175683385,-0.24854517291536354,0.3379888291063866,0.39920385705133044,-2.1771650067798007,-2.2462018878397556,-0.0020225017252325154
1.629166666666668,-3.806647168457573,-2.312950482017164,-0.0584142820478004,-2.327806280294196,1.5681069240438357,-0.6962849049444592,-0.2485618211583459,0.3379895325300686,0.3991948334229434,-2.1771586503002736,-2.246196497280464,-0.002022177601874057
1.6333333333333346,-3.806625339228532,-2.3129821592501743,-0.0584056039791157,-2.327775704823313,1.568106020119473,-0.6962635832647992,-0.24857679833110571,0.33799015989937425,0.3991867514851895,-2.1771527692802106,-2.2461915340519893,-0.0020218865480596316
1.6375000000000013,-3.8066056888460182,-2.3130106031084243,-0.0583977945595895,-2.327748080836164,1.5681051879445995,-0.6962444116340778,-0.2485902721885124,0.3379907194693294,0.3991795130281711,-2.1771473324850428,-2.246186967239408,-0.002021625242425939
1.641666666666668,-3.806587999847138,-2.313036143693709,-0.0583907668777258,-2.32772312415158,1.5681044222608402,-0.6962271734087108,-0.24860239364221842,0.3379912185909233,0.39917303007554145,-2.1771423101440055,-2.2461827677712334,-0.0020213906911080957
1.6458333333333346,-3.806572076471615,-2.313059077400821,-0.0583844427143402,-2.327700577873196,1.568103718138268,-0.6962116737574218,-0.24861329845216523,0.3379916638118143,0.39916722381953884,-2.177137673972326,-2.246178908366667,-0.002021180196120174
1.6500000000000012,-3.8065577424960577,-2.3130796703600023,-0.0583787516735353,-2.3276802097778884,1.5681030709629735,-0.6961977374668269,-0.2486231087481643,0.337992060965485,0.3991620236666126,-2.177133397174273,-2.2461753634740833,-0.0020209913267034254
1.6541666666666681,-3.8065448392843297,-2.3130981615277344,-0.0583736304005168,-2.327661809953389,1.5681024764237166,-0.696185206967945,-0.24863193439861128,0.3379924152502269,0.39915736638221205,-2.177129454430132,-2.2461721092036937,-0.002020821893452245
1.6583333333333348,-3.806533224032463,-2.3131147654618527,-0.0583690218775951,-2.3276451886614,1.568101930498037,-0.6961739405609322,-0.24863987424171405,0.33799273129916757,0.3991531953244424,-2.1771258218709164,-2.246169123255766,-0.002020669924868594
1.6625000000000014,-3.806522768188697,-2.3131296748132395,-0.0583648747905613,-2.3276301744046237,1.568101429438085,-0.6961638108179825,-0.2486470171930664,0.3379930132424077,0.39914945975738764,-2.1771224770434974,-2.24616638484577,-0.0020205336460843632
1.666666666666668,-3.806513356031179,-2.3131430625629887,-0.0583611429583864,-2.3276166121783293,1.568100969756309,-0.6961547031470128,-0.24865344324197164,0.3379932647621852,0.3991461142358655,-2.1771193988677653,-2.246163874628266,-0.002020411459654711
1.6708333333333347,-3.8065048833875865,-2.3131550840310715,-0.0583577848199266,-2.327604361888985,1.5681005482112154,-0.6961465144997746,-0.24865922434770377,0.33799348914187255,0.3991431180541841,-2.177116567588051,-2.246161574620508,-0.0020203019281812965
1.6750000000000014,-3.8064972564825226,-2.313165878679849,-0.0583547629719375,-2.3275932969240283,1.5681001617933366,-0.6961391522098656,-0.24866442524575394,0.33799368930952495,0.39914043475225786,-2.177113964720427,-2.2461594681265415,-0.00202020375859188
1.679166666666668,-3.806490390899924,-2.3131755717333813,-0.0583520437532704,-2.32758330285838,1.5680998077115125,-0.6961325329475984,-0.24866910417311144,0.33799386787659885,0.39913803167312706,-2.177111572997184,-2.246157539662538,-0.0020201157879233115
1.6833333333333347,-3.806484210649013,-2.313184275631356,-0.058349596870636,-2.3275742762846683,1.5680994833795627,-0.6961265817799941,-0.24867331352071098,0.3379940271723933,0.39913587956654134,-2.177109376309576,-2.2461557748838974,-0.0020200369704746132
1.6875000000000013,-3.8064786473234578,-2.313192091334516,-0.0583473950617804,-2.327566123755372,1.568099186403415,-0.6961212313253334,-0.24867710042035995,0.3379941692746974,0.39913395223382436,-2.177107359649744,-2.246154160514536,-0.0020199663661950697
1.691666666666668,-3.806473639344441,-2.313199109496772,-0.0583454137923347,-2.327558760826216,1.5680989145687352,-0.6961164209927652,-0.24868050727273233,0.33799429603707243,0.3991322262097202,-2.1771055090525793,-2.246152684278698,-0.002019903130198447
1.6958333333333346,-3.8064691312792656,-2.313205411517603,-0.0583436309829729,-2.327552111191156,1.568098665829087,-0.6961120962984229,-0.24868357222234316,0.33799440911314366,0.39913068047738454,-2.1771038115380934,-2.246151334835503,-0.0020198465032930887
1.7000000000000013,-3.8064650732279626,-2.313211070486984,-0.0583420267638498,-2.3275461059002183,1.568098438294646,-0.6961082082503589,-0.24868632958483108,0.33799450997824,0.39912929621306464,-2.1771022550548267,-2.2461501017163816,-0.0020197958034362078
1.7041666666666682,-3.8064614202711047,-2.3132161520338093,-0.0583405832535902,-2.3275406826522818,1.5680982302214752,-0.6961047127953748,-0.24868881023134126,0.33799459994866937,0.39912805655738565,-2.177100828424631,-2.2461489752655197,-0.002019750418017687
1.7083333333333348,-3.806458131972733,-2.3132207150876742,-0.0583392843603781,-2.327535785155651,1.5680980400013638,-0.6961015703215264,-0.24869104193431066,0.33799468019889883,0.3991269464104692,-2.1770995212891533,-2.246147946583326,-0.0020197097969064724
1.7125000000000015,-3.8064551719328823,-2.3132248125628654,-0.0583381156029347,-2.3275313625499363,1.5680978661522278,-0.6960987452107058,-0.2486930496785392,0.33799475177686533,0.3991259522484073,-2.177098324058217,-2.246147007472944,-0.0020196734461730708
1.7166666666666681,-3.806452507384777,-2.3132284919725,-0.0583370639493985,-2.327527368883389,1.568097707309061,-0.6960962054362606,-0.24869485594102525,0.33799481561762723,0.3991250619588646,-2.177097227860294,-2.2461461503897744,-0.002019640922435623
1.7208333333333348,-3.806450108832206,-2.313231795979953,-0.0583361176723176,-2.3275237626403875,1.5680975622154247,-0.6960939222011238,-0.2486964809427109,0.337994872555533,0.39912426469382,-2.177096224495119,-2.2461453683939627,-0.0020196118277616935
1.7250000000000014,-3.806447949723104,-2.313234762893978,-0.0583352662181435,-2.327520506314275,1.5680974297154606,-0.696091869612378,-0.2486979428749489,0.3379949233350765,0.39912355073765976,-2.177095306388576,-2.2461446551057542,-0.0020195858050755995
1.729166666666668,-3.806446006155703,-2.3132374271132643,-0.0583345000897766,-2.327517566021216,1.5680973087464058,-0.6960900243885886,-0.24869925810323534,0.33799496862057515,0.3991229113890259,-2.177094466549837,-2.246144004663657,-0.0020195625340214958
1.7333333333333347,-3.8064442566140073,-2.3132398195256085,-0.0583338107408587,-2.327514911151136,1.568097198331593,-0.6960883655966078,-0.24870044135048877,0.3379950090048049,0.3991223388549843,-2.17709369853078,-2.246143411685278,-0.00201954172723934
1.7375000000000014,-3.806442681729676,-2.313241967866321,-0.0583331904806383,-2.327512514052207,1.568097097573913,-0.6960868744148867,-0.2487015058619289,0.3379950450167022,0.39912182615622965,-2.1770929963876537,-2.246142871230745,-0.002019523127011928
1.741666666666668,-3.80644126406766,-2.3132438970400413,-0.0583326323883515,-2.327510349745651,1.5680970056497183,-0.6960855339206251,-0.24870246355340542,0.33799507712823534,0.3991213670421769,-2.177092354644958,-2.246142378768592,-0.002019506502246112
1.7458333333333347,-3.806439987933245,-2.3132456294096926,-0.0583321302361666,-2.327508395667968,1.5680969218031449,-0.6960843288983614,-0.24870332514483232,0.3379951057605351,0.3991209559149096,-2.1770917682614668,-2.2461419301439713,-0.002019491645758702
1.7500000000000013,-3.806438839198342,-2.313247185055936,-0.0583316784198373,-2.327506631437954,1.5680968453408306,-0.696083245667845,-0.24870410028023154,0.3379951312893657,0.3991205877610613,-2.17709123259835,-2.246141521549106,-0.0020194783718339967
1.7541666666666682,-3.80643780514512,-2.313248582010134,-0.0583312718962925,-2.3275050386461325,1.5680967756270092,-0.6960822719292482,-0.24870479763572295,0.3379951540500057,0.39912025809080154,-2.177090743389295,-2.246141149495822,-0.0020194665140264014
1.7583333333333349,-3.806436874325243,-2.313249836463529,-0.0583309061274694,-2.3275036006644503,1.5680967120789548,-0.6960813966239753,-0.2487054250166764,0.3379951743416029,0.39911996288318924,-2.177090296712571,-2.246140810790081,-0.002019455923185835
1.7625000000000015,-3.80643603643316,-2.313250962955066,-0.0583305770297665,-2.327502302474295,1.5680966541627597,-0.6960806098094943,-0.2487059894451073,0.3379951924310641,0.39911969853722595,-2.1770898889649284,-2.246140502508347,-0.0020194464656835866
1.7666666666666682,-3.806435282192035,-2.313251974540041,-0.058330280928553,-2.327501130511071,1.568096601389423,-0.6960799025467838,-0.24870649723830462,0.33799520855652104,0.3991194618280168,-2.177089516837257,-2.246140221975733,-0.0020194380218145633
1.7708333333333348,-3.806434603251068,-2.313252882941532,-0.0583300145172301,-2.3275000725237494,1.5680965533112312,-0.6960792667991211,-0.2487069540795621,0.33799522293042955,0.3991192498675056,-2.1770891772919247,-2.2461399667457624,-0.0020194304843655867
1.7750000000000015,-3.806433992093059,-2.3132536986863697,-0.0583297748203882,-2.327499117447948,1.5680965095184098,-0.6960786953410723,-0.2487073650818114,0.33799523574232965,0.39911906006930853,-2.1770888675416717,-2.246139734581676,-0.0020194237573263707
1.7791666666666681,-3.806433441951205,-2.3132544312272305,-0.0583295591606511,-2.3274982552912475,1.568096469636031,-0.6960781816766539,-0.2487077348448672,0.3379952471613144,0.39911889011721446,-2.1770885850300288,-2.246139523439165,-0.002019417754734227
1.7833333333333348,-3.806432946734194,-2.3132550890522623,-0.0583293651288375,-2.327497477029559,1.56809643332116,-0.6960777199657465,-0.24870806750692706,0.3379952573382291,0.39911873793697666,-2.1770883274131045,-2.2461393314504394,-0.0020194123996306705
1.7875000000000014,-3.806432500958781,-2.313255679783522,-0.0583291905571089,-2.3274967745134925,1.5680964002602162,-0.6960773049579229,-0.24870836679090022,0.3379952664076362,0.39911860167104646,-2.17708809254273,-2.246139156909537,-0.002019407623136084
1.791666666666668,-3.806432099689088,-2.3132562102653664,-0.0583290334948045,-2.327496140383753,1.5680963701665491,-0.6960769319329504,-0.2487086360460895,0.33799527448956845,0.3991184796559438,-2.1770878784508128,-2.2461389982587936,-0.0020194033636049846
1.7958333333333347,-3.8064317384819706,-2.313256686643816,-0.0583288921866946,-2.3274955679947014,1.5680963427781964,-0.6960765966472919,-0.2487088782856851,0.3379952816910939,0.3991183704019907,-2.1770876833348787,-2.246138854076378,-0.002019399565879724
1.8000000000000014,-3.806431413337829,-2.31325711443782,-0.0583287650534109,-2.327495051345293,1.5680963178558254,-0.6960762952859996,-0.2487090962204989,0.3379952881077116,0.39911827257516147,-2.1770875055446743,-2.246138723064825,-0.002019396180612355
1.8041666666666683,-3.806431120656337,-2.3132574986032526,-0.0583286506738347,-2.327494585016687,1.5680962951808346,-0.6960760244194609,-0.24870929228931085,0.33799529382459975,0.3991181849808224,-2.1770873435698137,-2.2461386040404987,-0.0020193931636630154
1.808333333333335,-3.806430857196582,-2.3132578435903657,-0.0583285477692488,-2.327494164115873,1.5680962745536104,-0.6960757809645073,-0.24870946868616908,0.33799529891772595,0.399118106549178,-2.1770871960283382,-2.246138495923892,-0.002019390475553494
1.8125000000000016,-3.8064306200411897,-2.313258153395389,-0.0583284551890758,-2.3274937842247563,1.568096255791922,-0.6960755621494437,-0.24870962738495214,0.33799530345484124,0.399118036322227,-2.177087061656187,-2.246138397730736,-0.002019388080983586
1.8166666666666682,-3.806430406564027,-2.31325843160686,-0.0583283718980431,-2.327493441354147,1.5680962387294486,-0.6960753654826066,-0.24870977016146456,0.33799530749636647,0.39911797344208627,-2.17708693929747,-2.2461383085638205,-0.0020193859483920726
1.8208333333333349,-3.8064302144011295,-2.313258681447218,-0.0583282969646341,-2.327493131902211,1.5680962232144249,-0.6960751887240941,-0.24870989861331314,0.3379953110961815,0.3991179171405334,-2.177086827895506,-2.246138227605505,-0.0020193840495667885
1.8250000000000015,-3.806430041424529,-2.313258905810168,-0.0583282295506945,-2.327492852616928,1.5680962091083996,-0.6960750298603458,-0.24871001417779237,0.33799531430233193,0.399117866729638,-2.1770867264845704,-2.2461381541108367,-0.0020193823592924084
1.8291666666666682,-3.806429885718699,-2.3132591072942152,-0.0583281689020802,-2.327492600562183,1.5680961962850946,-0.69607488708129,-0.24871011814796992,0.337995317157659,0.39911782159337555,-2.177086634182299,-2.246138087401247,-0.002019380855036301
1.8333333333333348,-3.806429745559342,-2.313259288232792,-0.0583281143402408,-2.3274923730871384,1.5680961846293588,-0.6960747587597949,-0.2487102116871634,0.33799531970036034,0.39911778118011265,-2.177086550182692,-2.2461380268587834,-0.002019379516667433
1.8375000000000015,-3.806429619394304,-2.313259450721297,-0.0583280652546465,-2.3274921677985687,1.5680961740362105,-0.6960746434331931,-0.24871029584195853,0.3379953219644925,0.39911774499588104,-2.1770864737496898,-2.246137971920813,-0.0020193783262020086
1.8416666666666681,-3.806429505826389,-2.3132595966413865,-0.0583280210959727,-2.327491982535872,1.5680961644099576,-0.6960745397866726,-0.24871037155392417,0.3379953239804181,0.3991177125983514,-2.1770864042112623,-2.2461379220751847,-0.002019377267578783
1.8458333333333348,-3.806429403597889,-2.313259727682777,-0.0583279813699674,-2.3274918153485,1.5680961556633928,-0.6960744466383412,-0.248710439670151,0.3379953257752045,0.3991176835914378,-2.177086340953978,-2.2461378768557916,-0.002019376326455036
1.8500000000000014,-3.806429311576659,-2.3132598453628326,-0.0583279456319331,-2.327491664475576,1.5680961477170572,-0.6960743629258004,-0.2487105009527328,0.3379953273729808,0.3991176576204647,-2.177086283418025,-2.246137835838526,-0.002019375490025289
1.8541666666666683,-3.806429228743584,-2.3132599510441425,-0.0583279134817609,-2.327491528327484,1.568096140498564,-0.6960742876940733,-0.24871055608729417,0.33799532879525507,0.3991176343678408,-2.1770862310926296,-2.2461377986375632,-0.002019374746858864
1.858333333333335,-3.8064291541812927,-2.313260045950316,-0.058327884559462,-2.32749140546924,1.568096133941982,-0.6960742200847527,-0.2487106056906661,0.3379953300611981,0.39911761354918196,-2.177086183511859,-2.24613776490198,-0.0020193740867537058
1.8625000000000016,-3.806429087064002,-2.31326013118016,-0.0583278585411469,-2.327491294605481,1.56809612798727,-0.6960741593262427,-0.24871065031778766,0.33799533118789676,0.39911759490984094,-2.177086140250778,-2.246137734312656,-0.00201937350060699
1.8666666666666683,-3.806429026648373,-2.313260207720407,-0.0583278351354074,-2.3274911945669,1.5680961225797594,-0.696074104724987,-0.24871069046791688,0.3379953321905789,0.39911757822180066,-2.177086100921906,-2.246137706579439,-0.002019372980297156
1.870833333333335,-3.8064289722652807,-2.3132602764571546,-0.0583278140800611,-2.327491104298002,1.5680961176696828,-0.6960740556575815,-0.24871072659021903,0.3379953330828156,0.3991175632808877,-2.1770860651719977,-2.2461376814385723,-0.0020193725185803377
1.8750000000000016,-3.806428923312405,-2.313260338186124,-0.0583277951392217,-2.3274910228460466,1.568096113211741,-0.6960740115636861,-0.24871075908879176,0.33799533387669994,0.3991175499042834,-2.1770860326790675,-2.2461376586503277,-0.002019372108996639
1.8791666666666682,-3.806428879247562,-2.3132603936218845,-0.0583277781006629,-2.32749094935106,1.568096109164709,-0.6960739719396485,-0.24871078832718788,0.3379953345830076,0.39911753792828947,-2.1770860031496846,-2.2461376379968554,-0.0020193717457859185
1.8833333333333349,-3.8064288395826975,-2.313260443406129,-0.058327762773447,-2.32749088303682,1.5680961054910747,-0.6960739363327751,-0.24871081463248432,0.3379953352113399,0.39911752720632937,-2.177085976316483,-2.246137619280222,-0.0020193714238144
1.8875000000000015,-3.8064288038784873,-2.313260488115109,-0.0583277489857901,-2.327490823202709,1.5680961021567104,-0.6960739043361793,-0.24871083829894117,0.3379953357702511,0.39911751760715847,-2.1770859519358887,-2.2461376023206165,-0.0020193711385058976
1.8916666666666682,-3.8064287717394687,-2.313260528266308,-0.058327736583142,-2.327490769216368,1.5680960991305717,-0.6960738755841502,-0.24871085959129524,0.33799533626736167,0.39911750901326154,-2.1770859297860423,-2.24613758695472,-0.0020193708857823584
1.8958333333333348,-3.806428742809664,-2.313260564324438,-0.0583277254264583,-2.3274907205070523,1.568096096384422,-0.6960738497479889,-0.24871087874772158,0.33799533670946047,0.3991175013194165,-2.177085909664895,-2.24613757303421,-0.0020193706620131343
1.9000000000000015,-3.806428716768636,-2.31326059670682,-0.0583277153906454,-2.3274906765596404,1.568096093892584,-0.6960738265322666,-0.24871089598250004,0.3379953371025947,0.3991174944314094,-2.177085891388466,-2.2461375604244105,-0.0020193704639621768
1.9041666666666681,-3.806428693327942,-2.313260625788218,-0.0583277063631617,-2.327490636909222,1.56809609163171,-0.6960738056714592,-0.24871091148841107,0.3379953374521502,0.39911748826488397,-2.177085874789257,-2.2461375490030497,-0.0020193702887487935
1.908333333333335,-3.806428672227939,-2.313260651905181,-0.0583276982427587,-2.3274906011362098,1.5680960895805724,-0.6960737869269231,-0.24871092543889442,0.3379953377629244,0.3991174827443091,-2.177085859714799,-2.246137538659137,-0.0020193701338090007
1.9125000000000016,-3.806428653234907,-2.3132606753599414,-0.0583276909383488,-2.3274905688619296,1.5680960877198753,-0.6960737700841767,-0.24871093798998933,0.3379953380391894,0.39911747780205664,-2.1770858460263183,-2.2461375292919343,-0.002019369996861163
1.9166666666666683,-3.806428636138462,-2.3132606964239097,-0.0583276843679854,-2.3274905397446366,1.56809608603208,-0.6960737549504558,-0.24871094928207962,0.3379953382847493,0.3991174733775765,-2.1770858335975305,-2.246137520810022,-0.002019369875873897
1.920833333333335,-3.806428620749226,-2.313260715340824,-0.058327678457947,-2.32749051347592,1.5680960845012475,-0.696073741352516,-0.24871095944146543,0.33799533850299185,0.3991174694166537,-2.1770858223135314,-2.246137513130448,-0.0020193697690416156
1.9250000000000016,-3.806428606896731,-2.313260732329568,-0.0583276731419114,-2.327490489777454,1.5680960831128936,-0.6960737291346591,-0.24871096858177555,0.33799533869693293,0.3991174658707478,-2.1770858120697807,-2.246137506177951,-0.0020193696747571603
1.9291666666666683,-3.806428594427528,-2.313260747586709,-0.0583276683602139,-2.327490468398073,1.5680960818538583,-0.6960737181569566,-0.2487109768052395,0.33799533886925787,0.399117462696398,-2.1770858027711886,-2.2461374998842656,-0.002019369591593597
1.933333333333335,-3.8064285832034894,-2.3132607612887703,-0.0583276640591791,-2.3274904491111186,1.5680960807121869,-0.696073708293654,-0.24871098420383078,0.33799533902235673,0.399117459854693,-2.177085794331264,-2.246137494187467,-0.00201936951827948
1.9375000000000016,-3.8064285731002823,-2.313260773594278,-0.0583276601905203,-2.327490431712057,1.5680960796770185,-0.6960736994317366,-0.24871099086029536,0.3379953391583578,0.3991174573107935,-2.1770857866713547,-2.2461374890313968,-0.0020193694536882654
1.9416666666666682,-3.8064285640059854,-2.313260784645595,-0.0583276567107986,-2.32749041601632,1.5680960787384888,-0.69607369146964,-0.2487109968490784,0.33799533927915465,0.39911745503350804,-2.17708577971994,-2.2461374843651325,-0.00201936939681852
1.9458333333333349,-3.806428555819853,-2.313260794570569,-0.0583276535809366,-2.327490401857359,1.5680960778876405,-0.6960736843160911,-0.24871100223715709,0.3379953393864328,0.39911745299490986,-2.177085773411994,-2.2461374801425,-0.00201936934677852
1.9500000000000015,-3.8064285484512,-2.3132608034840154,-0.0583276507657807,-2.3274903890848897,1.5680960771163377,-0.6960736778890658,-0.24871100708478922,0.3379953394816923,0.3991174511699954,-2.1770857676884035,-2.2461374763216426,-0.002019369302780255
1.9541666666666682,-3.806428541818396,-2.3132608114890414,-0.0583276482337073,-2.327490377563305,1.5680960764171947,-0.6960736721148532,-0.24871101144618712,0.33799533956626804,0.3991174495363798,-2.177085762495438,-2.246137472864615,-0.0020193692641217683
1.958333333333335,-3.806428535847961,-2.3132608186782435,-0.0583276459562688,-2.327490367170244,1.5680960757835054,-0.6960736669272135,-0.24871101537012488,0.33799533964134737,0.3991174480740213,-2.1770857577842597,-2.246137469737024,-0.002019369230181168
1.9625000000000017,-3.806428530473752,-2.3132608251347784,-0.0583276439078743,-2.327490357795298,1.568096075209182,-0.6960736622666217,-0.24871101890048464,0.3379953397079868,0.39911744676497724,-2.1770857535104877,-2.2461374669077037,-0.00201936920040687
1.9666666666666683,-3.806428525636232,-2.313260830933325,-0.0583276420655034,-2.327490349338849,1.5680960746886987,-0.6960736580795873,-0.24871102207674478,0.3379953397671265,0.3991174455931831,-2.1770857496337954,-2.246137464348406,-0.0020193691743096796
1.970833333333335,-3.806428521281806,-2.313260836140949,-0.0583276404084479,-2.327490341711011,1.56809607421704,-0.6960736543180434,-0.24871102493442496,0.337995339819602,0.39911744454425735,-2.177085746117541,-2.2461374620335426,-0.0020193691514563505
1.9750000000000016,-3.8064285173622334,-2.3132608408178803,-0.0583276389180797,-2.327490334830687,1.568096073789654,-0.6960736509387965,-0.2487110275054809,0.33799533986615704,0.399117443605324,-2.1770857429284365,-2.246137459939926,-0.0020193691314631
1.9791666666666683,-3.806428513834092,-2.313260845018208,-0.0583276375776423,-2.3274903286247035,1.5680960734024103,-0.696073647903034,-0.248711029818662,0.33799533990745356,0.39911744276485595,-2.177085740036248,-2.2461374580465505,-0.0020193691139902986
1.983333333333335,-3.80642851065829,-2.3132608487905078,-0.0583276363720623,-2.327490323027044,1.5680960730515614,-0.6960736451758798,-0.24871103189983576,0.33799533994407854,0.3991174420125332,-2.177085737413506,-2.2461374563343948,-0.002019369098735847
1.9875000000000016,-3.806428507799644,-2.3132608521784026,-0.0583276352877811,-2.327490317978145,1.5680960727337063,-0.6960736427259949,-0.2487110337722726,0.3379953399765554,0.3991174413391177,-2.177085735035269,-2.246137454786223,-0.002019369085434422
1.9916666666666683,-3.8064285052264815,-2.3132608552210714,-0.058327634312602,-2.3274903134242697,1.5680960724457604,-0.6960736405252202,-0.24871103545691053,0.3379953400053487,0.3991174407363375,-2.1770857328788833,-2.246137453386433,-0.002019369073850301
1.995833333333335,-3.806428502910296,-2.313260857953697,-0.0583276334355543,-2.327490309316936,1.5680960721849253,-0.696073638548253,-0.24871103697258523,0.337995340030872,0.39911744019678835,-2.1770857309237823,-2.2461374521208906,-0.002019369063775321
2.0000000000000018,-3.8064285008254215,-2.313260860407877,-0.0583276326467696,-2.3274903056124043,1.5680960719486623,-0.696073636772358,-0.24871103833624544,0.337995340053492,0.3991174397138416,-2.177085729151285,-2.2461374509768026,-0.002019369055025666
2.004166666666668,-3.806428498948761,-2.313260862611988,-0.0583276319373712,-2.327490302271216,1.56809607173467,-0.6960736351771072,-0.2487110395631376,0.33799534007353543,0.3991174392815629,-2.1770857275444406,-2.2461374499425832,-0.00201936904743805
2.008333333333335,-3.8064284972595206,-2.313260864591516,-0.0583276312993746,-2.327490299257771,1.5680960715408596,-0.6960736337441458,-0.2487110406669802,0.33799534009129245,0.3991174388946394,-2.1770857260878564,-2.2461374490077457,-0.0020193690408698973
2.0125000000000015,-3.806428495738984,-2.313260866369345,-0.0583276307255981,-2.3274902965399558,1.5680960713653382,-0.6960736324569818,-0.24871104166011465,0.3379953401070203,0.39911743854831616,-2.1770857247675592,-2.246137448162797,-0.002019369035194314
2.0166666666666684,-3.8064284943703033,-2.313260867966031,-0.0583276302095814,-2.327490294088797,1.568096071206389,-0.6960736313007978,-0.24871104255364537,0.3379953401209482,0.399117438238335,-2.177085723570869,-2.246137447399145,-0.002019369030299829
2.020833333333335,-3.8064284931383137,-2.313260869400034,-0.0583276297455141,-2.32749029187816,1.568096071062455,-0.6960736302622804,-0.24871104335756222,0.33799534013327953,0.39911743796088484,-2.1770857224862765,-2.246137446709012,-0.002019369026088201
2.0250000000000017,-3.806428492029364,-2.3132608706879307,-0.0583276293281697,-2.327490289884468,1.5680960709321252,-0.696073629329468,-0.24871104408085354,0.3379953401441948,0.39911743771255376,-2.177085721503337,-2.246137446085361,-0.0020193690224727234
2.029166666666668,-3.806428491031167,-2.31326087184461,-0.0583276289528473,-2.327490288086452,1.56809607081412,-0.6960736284916138,-0.2487110447316055,0.33799534015385463,0.39911743749028794,-2.1770857206125758,-2.2461374455218235,-0.0020193690193772928
2.033333333333335,-3.8064284901326624,-2.3132608728834425,-0.0583276286153184,-2.3274902864649265,1.5680960707072795,-0.6960736277390622,-0.24871104531709382,0.33799534016240124,0.3991174372913532,-2.17708571980539,-2.2461374450126366,-0.00201936901673505
2.037500000000002,-3.806428489323893,-2.313260873816437,-0.0583276283117801,-2.327490285002585,1.5680960706105531,-0.6960736270631387,-0.2487110458438644,0.33799534016996097,0.39911743711330183,-2.177085719073979,-2.2461374445525895,-0.0020193690144861445
2.0416666666666683,-3.8064284885958983,-2.313260874654378,-0.0583276280388117,-2.327490283683817,1.5680960705229872,-0.6960736264560493,-0.2487110463178059,0.3379953401766464,0.3991174369539432,-2.1770857184112664,-2.246137444136963,-0.002019369012580219
2.045833333333335,-3.806428487940612,-2.31326087540695,-0.0583276277933365,-2.32749028249454,1.5680960704437183,-0.6960736259107926,-0.2487110467442166,0.3379953401825571,0.3991174368113163,-2.1770857178108316,-2.2461374437614907,-0.0020193690109711784
2.0500000000000016,-3.8064284873507703,-2.3132608760828526,-0.0583276275725873,-2.32749028142205,1.5680960703719642,-0.6960736254210782,-0.24871104712786446,0.33799534018778116,0.39911743668366534,-2.177085717266847,-2.246137443422315,-0.0020193690096189133
2.0541666666666685,-3.80642848681984,-2.313260876689897,-0.0583276273740752,-2.327490280454892,1.5680960703070157,-0.696073624981255,-0.2487110474730374,0.3379953401923974,0.3991174365694188,-2.177085716774035,-2.246137443115945,-0.0020193690084889314
2.058333333333335,-3.806428486341936,-2.3132608772351,-0.0583276271955617,-2.327490279582729,1.5680960702482296,-0.6960736245862463,-0.24871104778359474,0.3379953401964754,0.39911743646717024,-2.1770857163276016,-2.246137442839224,-0.0020193690075513034
2.0625000000000018,-3.806428485911763,-2.313260877724761,-0.0583276270350336,-2.327490278796242,1.5680960701950244,-0.696073624231491,-0.24871104806300748,0.33799534020007654,0.3991174363756608,-2.1770857159232038,-2.2461374425892964,-0.002019369006778386
2.066666666666668,-3.806428485524554,-2.31326087816454,-0.0583276268906799,-2.327490278087021,1.5680960701468722,-0.6960736239128921,-0.24871104831439983,0.3379953402032557,0.39911743629376284,-2.1770857155568994,-2.2461374423635823,-0.002019369006147327
2.070833333333335,-3.8064284851760175,-2.313260878559519,-0.0583276267608722,-2.327490277447483,1.568096070103295,-0.6960736236267691,-0.24871104854058168,0.33799534020606153,0.3991174362204677,-2.1770857152251173,-2.2461374421597458,-0.002019369005638223
2.0750000000000015,-3.806428484862293,-2.3132608789142624,-0.0583276266441457,-2.3274902768707872,1.5680960700638609,-0.6960736233698156,-0.24871104874408112,0.3379953402085371,0.3991174361548723,-2.1770857149246186,-2.246137441975677,-0.002019369005231788
2.0791666666666684,-3.8064284845799023,-2.3132608792328693,-0.0583276265391831,-2.327490276350765,1.5680960700281763,-0.6960736231390614,-0.24871104892717322,0.33799534021072064,0.3991174360961685,-2.1770857146524674,-2.2461374418094686,-0.0020193690049146343
2.0833333333333353,-3.806428484325716,-2.3132608795190213,-0.0583276264447996,-2.327490275881852,1.5680960699958872,-0.6960736229318385,-0.24871104909190467,0.3379953402126455,0.3991174360436326,-2.1770857144059974,-2.2461374416593967,-0.002019369004671656
2.0875000000000017,-3.8064284840969176,-2.313260879776025,-0.0583276263599297,-2.327490275459029,1.5680960699666713,-0.6960736227457501,-0.24871104924011667,0.33799534021434213,0.39911743599661703,-2.1770857141827977,-2.246137441523899,-0.002019369004492244
2.0916666666666686,-3.806428483890971,-2.3132608800068497,-0.0583276262836152,-2.3274902750777717,1.568096069940237,-0.6960736225786438,-0.24871104937346586,0.33799534021583677,0.3991174359545422,-2.1770857139806807,-2.246137441401571,-0.0020193690043665384
2.095833333333335,-3.8064284837055946,-2.3132608802141625,-0.0583276262149942,-2.327490274733995,1.5680960699163211,-0.6960736224285854,-0.24871104949344305,0.33799534021715305,0.3991174359168892,-2.1770857137976622,-2.246137441291135,-0.00201936900428495
2.100000000000002,-3.806428483538733,-2.313260880400359,-0.0583276261532917,-2.32749027442402,1.5680960698946842,-0.696073622293838,-0.24871104960138907,0.33799534021831157,0.39911743588319376,-2.177085713631944,-2.2461374411914425,-0.0020193690042406513
2.1041666666666683,-3.8064284833885385,-2.31326088056759,-0.0583276260978106,-2.327490274144524,1.56809606987511,-0.6960736221728412,-0.2487110496985103,0.3379953402193314,0.39911743585304005,-2.1770857134818993,-2.2461374411014505,-0.0020193690042268125
2.108333333333335,-3.806428483253345,-2.313260880717788,-0.0583276260479241,-2.327490273892514,1.568096069857403,-0.6960736220641937,-0.24871104978589276,0.33799534022022815,0.39911743582605597,-2.1770857133460497,-2.246137441020223,-0.0020193690042377335
2.1125000000000016,-3.806428483131656,-2.313260880852687,-0.0583276260030684,-2.327490273665289,1.5680960698413848,-0.6960736219666366,-0.24871104986451212,0.3379953402210166,0.3991174358019091,-2.1770857132230583,-2.2461374409469044,-0.0020193690042695418
2.1166666666666685,-3.80642848302212,-2.313260880973846,-0.0583276259627366,-2.327490273460414,1.5680960698268958,-0.6960736218790393,-0.24871104993524837,0.3379953402217092,0.399117435780301,-2.1770857131117114,-2.246137440880734,-0.0020193690043171534
2.120833333333335,-3.8064284829235255,-2.313260881082665,-0.0583276259264727,-2.327490273275692,1.5680960698137902,-0.6960736218003863,-0.24871104999889124,0.33799534022231753,0.3991174357609648,-2.1770857130109116,-2.246137440821014,-0.002019369004377396
2.1250000000000018,-3.8064284828347783,-2.3132608811804007,-0.0583276258938668,-2.3274902731091425,1.5680960698019364,-0.6960736217297655,-0.24871105005615254,0.3379953402228513,0.39911743574366215,-2.1770857129196632,-2.2461374407671206,-0.0020193690044475222
2.129166666666668,-3.806428482754896,-2.313260881268182,-0.0583276258645501,-2.327490272958979,1.5680960697912152,-0.6960736216663578,-0.24871105010767186,0.33799534022331973,0.39911743572817926,-2.1770857128370644,-2.246137440718486,-0.0020193690045249716
2.133333333333335,-3.806428482682993,-2.3132608813470235,-0.058327625838191,-2.3274902728235918,1.568096069781519,-0.6960736216094273,-0.24871105015402498,0.33799534022373057,0.39911743571432456,-2.1770857127623002,-2.2461374406746004,-0.0020193690046075756
2.137500000000002,-3.806428482618272,-2.313260881417835,-0.0583276258144914,-2.3274902727015263,1.5680960697727495,-0.6960736215583132,-0.24871105019573,0.33799534022409045,0.39911743570192737,-2.1770857126946264,-2.2461374406349996,-0.0020193690046937927
2.1416666666666684,-3.806428482560015,-2.3132608814814346,-0.0583276257931832,-2.327490272591474,1.5680960697648194,-0.6960736215124222,-0.24871105023325352,0.3379953402244054,0.3991174356908343,-2.177085712633375,-2.2461374405992705,-0.002019369004781197
2.1458333333333353,-3.806428482507577,-2.3132608815385574,-0.0583276257740253,-2.3274902724922533,1.568096069757648,-0.6960736214712212,-0.2487110502670145,0.33799534022468103,0.39911743568090824,-2.1770857125779384,-2.246137440567035,-0.0020193690048696585
2.1500000000000017,-3.806428482460377,-2.3132608815898625,-0.0583276257568007,-2.3274902724027986,1.568096069751163,-0.6960736214342316,-0.24871105029739016,0.3379953402249221,0.3991174356720266,-2.1770857125277656,-2.2461374405379506,-0.0020193690049581207
2.1541666666666686,-3.8064284824178913,-2.3132608816359426,-0.0583276257413146,-2.3274902723221502,1.568096069745299,-0.6960736214010232,-0.24871105032472005,0.33799534022513256,0.3991174356640795,-2.17708571248236,-2.2461374405117134,-0.002019369005045355
2.158333333333335,-3.80642848237965,-2.31326088167733,-0.0583276257273916,-2.3274902722494413,1.5680960697399966,-0.6960736213712103,-0.2487110503493094,0.3379953402253165,0.39911743565696883,-2.177085712441268,-2.2461374404880425,-0.0020193690051308433
2.162500000000002,-3.806428482345228,-2.3132608817145024,-0.058327625714874,-2.327490272183891,1.5680960697352022,-0.6960736213444461,-0.2487110503714333,0.33799534022547684,0.39911743565060653,-2.177085712404084,-2.246137440466691,-0.0020193690052142757
2.1666666666666683,-3.806428482314245,-2.313260881747889,-0.0583276257036201,-2.327490272124795,1.5680960697308677,-0.6960736213204193,-0.24871105039133865,0.33799534022561656,0.3991174356449141,-2.1770857123704346,-2.2461374404474306,-0.0020193690052947248
2.170833333333335,-3.806428482286356,-2.3132608817778766,-0.0583276256935024,-2.3274902720715187,1.5680960697269484,-0.6960736212988502,-0.24871105040924849,0.33799534022573824,0.39911743563982044,-2.177085712339987,-2.2461374404300587,-0.002019369005372899
2.1750000000000016,-3.8064284822612526,-2.31326088180481,-0.0583276256844064,-2.327490272023489,1.568096069723405,-0.6960736212794878,-0.24871105042536257,0.3379953402258438,0.3991174356352631,-2.1770857123124356,-2.2461374404143903,-0.002019369005447944
2.1791666666666685,-3.806428482238658,-2.313260881829001,-0.0583276256762288,-2.32749027198019,1.5680960697202015,-0.6960736212621068,-0.24871105043986058,0.33799534022593597,0.3991174356311856,-2.1770857122875085,-2.246137440400258,-0.0020193690055196356
2.183333333333335,-3.806428482218319,-2.3132608818507285,-0.058327625668877,-2.3274902719411554,1.5680960697173056,-0.6960736212465045,-0.24871105045290534,0.33799534022601563,0.3991174356275375,-2.1770857122649527,-2.2461374403875136,-0.0020193690055879433
2.1875000000000018,-3.806428482200012,-2.313260881870244,-0.0583276256622678,-2.3274902719059662,1.5680960697146875,-0.6960736212324992,-0.24871105046464226,0.3379953402260848,0.3991174356242733,-2.1770857122445464,-2.2461374403760197,-0.0020193690056532552
2.1916666666666687,-3.8064284821835344,-2.313260881887772,-0.0583276256563261,-2.327490271874244,1.5680960697123212,-0.6960736212199276,-0.24871105047520178,0.3379953402261447,0.39911743562135316,-2.177085712226085,-2.2461374403656538,-0.0020193690057145187
2.195833333333335,-3.806428482168702,-2.3132608819035143,-0.0583276256509845,-2.3274902718456465,1.568096069710182,-0.6960736212086434,-0.2487110504847029,0.3379953402261963,0.39911743561874075,-2.1770857122093816,-2.2461374403563075,-0.002019369005772529
2.200000000000002,-3.806428482155352,-2.313260881917654,-0.0583276256461826,-2.327490271819867,1.5680960697082484,-0.6960736211985146,-0.24871105049325126,0.337995340226241,0.39911743561640345,-2.1770857121942715,-2.2461374403478778,-0.0020193690058273117
2.2041666666666684,-3.806428482143335,-2.313260881930354,-0.0583276256418658,-2.327490271796628,1.5680960697065007,-0.6960736211894233,-0.24871105050094267,0.33799534022627936,0.3991174356143123,-2.177085712180601,-2.246137440340278,-0.0020193690058789198
2.2083333333333353,-3.806428482132519,-2.313260881941761,-0.0583276256379852,-2.327490271775679,1.5680960697049209,-0.6960736211812631,-0.2487110505078626,0.33799534022631256,0.39911743561244145,-2.1770857121682363,-2.246137440333425,-0.002019369005927704
2.2125000000000017,-3.8064284821227834,-2.313260881952006,-0.0583276256344968,-2.3274902717567945,1.5680960697034931,-0.6960736211739389,-0.2487110505140888,0.33799534022634087,0.39911743561076785,-2.1770857121570515,-2.246137440327246,-0.0020193690059731157
2.2166666666666686,-3.8064284821140193,-2.3132608819612086,-0.0583276256313608,-2.327490271739771,1.5680960697022026,-0.6960736211673654,-0.2487110505196911,0.33799534022636496,0.39911743560927043,-2.177085712146932,-2.2461374403216765,-0.0020193690060159885
2.220833333333335,-3.8064284821061314,-2.313260881969474,-0.0583276256285418,-2.3274902717244257,1.5680960697010362,-0.6960736211614656,-0.24871105052473155,0.3379953402263858,0.39911743560793095,-2.1770857121377807,-2.2461374403166547,-0.0020193690060561803
2.225000000000002,-3.8064284820990313,-2.313260881976898,-0.0583276256260077,-2.327490271710593,1.5680960696999822,-0.6960736211561704,-0.24871105052926668,0.33799534022640343,0.39911743560673263,-2.1770857121295024,-2.2461374403121273,-0.002019369006093588
2.2291666666666683,-3.80642848209264,-2.313260881983566,-0.0583276256237297,-2.327490271698124,1.5680960696990296,-0.6960736211514182,-0.24871105053334724,0.3379953402264183,0.3991174356056606,-2.177085712122015,-2.2461374403080465,-0.0020193690061285087
2.233333333333335,-3.806428482086888,-2.313260881989555,-0.0583276256216821,-2.3274902716868846,1.5680960696981687,-0.6960736211471533,-0.2487110505370183,0.337995340226431,0.3991174356047016,-2.177085712115244,-2.2461374403043672,-0.002019369006161064
2.237500000000002,-3.8064284820817114,-2.313260881994934,-0.0583276256198414,-2.327490271676753,1.568096069697391,-0.6960736211433256,-0.24871105054032125,0.33799534022644195,0.3991174356038437,-2.1770857121091205,-2.2461374403010494,-0.0020193690061913803
2.2416666666666685,-3.8064284820770498,-2.3132608819997653,-0.0583276256181869,-2.327490271667621,1.568096069696688,-0.6960736211398906,-0.24871105054329354,0.33799534022645067,0.39911743560307633,-2.177085712103581,-2.2461374402980616,-0.0020193690062196034
2.2458333333333353,-3.806428482072855,-2.313260882004105,-0.0583276256166996,-2.3274902716593893,1.5680960696960526,-0.6960736211368079,-0.24871105054596754,0.33799534022645816,0.3991174356023899,-2.177085712098571,-2.246137440295367,-0.002019369006245862
2.2500000000000018,-3.806428482069079,-2.3132608820080027,-0.0583276256153628,-2.327490271651969,1.5680960696954789,-0.6960736211340416,-0.24871105054837364,0.3379953402264643,0.3991174356017759,-2.1770857120940406,-2.2461374402929386,-0.0020193690062698653
2.2541666666666687,-3.80642848206568,-2.3132608820115035,-0.0583276256141611,-2.327490271645281,1.56809606969496,-0.6960736211315591,-0.24871105055053824,0.33799534022646943,0.3991174356012267,-2.177085712089944,-2.2461374402907497,-0.0020193690062928244
2.258333333333335,-3.806428482062621,-2.313260882014648,-0.058327625613081,-2.327490271639253,1.5680960696944914,-0.6960736211293312,-0.24871105055248602,0.3379953402264735,0.3991174356007353,-2.1770857120862397,-2.2461374402887775,-0.0020193690063136484
2.262500000000002,-3.806428482059868,-2.3132608820174725,-0.0583276256121102,-2.327490271633819,1.568096069694068,-0.6960736211273322,-0.24871105055423828,0.3379953402264771,0.39911743560029583,-2.177085712082891,-2.2461374402869985,-0.0020193690063331398
2.2666666666666684,-3.806428482057389,-2.313260882020009,-0.0583276256112375,-2.327490271628921,1.5680960696936854,-0.6960736211255382,-0.24871105055581522,0.3379953402264797,0.3991174355999028,-2.1770857120798612,-2.2461374402853966,-0.0020193690063512073
2.2708333333333353,-3.806428482055158,-2.313260882022288,-0.0583276256104532,-2.3274902716245065,1.56809606969334,-0.6960736211239285,-0.24871105055723408,0.3379953402264818,0.39911743559955093,-2.177085712077122,-2.2461374402839533,-0.0020193690063676443
2.2750000000000017,-3.8064284820531498,-2.3132608820243346,-0.0583276256097482,-2.3274902716205275,1.5680960696930275,-0.6960736211224839,-0.24871105055851056,0.3379953402264834,0.3991174355992366,-2.1770857120746454,-2.2461374402826526,-0.0020193690063832
2.2791666666666686,-3.8064284820513423,-2.3132608820261726,-0.0583276256091145,-2.327490271616941,1.5680960696927455,-0.696073621121188,-0.24871105055965897,0.33799534022648464,0.3991174355989553,-2.1770857120724063,-2.2461374402814798,-0.0020193690063971897
2.283333333333335,-3.806428482049716,-2.313260882027824,-0.058327625608545,-2.3274902716137085,1.5680960696924908,-0.696073621120025,-0.2487110505606922,0.3379953402264857,0.3991174355987036,-2.1770857120703826,-2.2461374402804224,-0.0020193690064101324
2.287500000000002,-3.806428482048252,-2.3132608820293066,-0.0583276256080331,-2.327490271610795,1.5680960696922606,-0.6960736211189814,-0.24871105056162182,0.33799534022648625,0.39911743559847873,-2.177085712068552,-2.2461374402794703,-0.0020193690064221415
2.2916666666666687,-3.806428482046933,-2.313260882030639,-0.058327625607573,-2.327490271608169,1.5680960696920527,-0.696073621118045,-0.24871105056245862,0.33799534022648636,0.39911743559827734,-2.177085712066897,-2.2461374402786136,-0.002019369006433097
2.295833333333335,-3.806428482045747,-2.313260882031835,-0.0583276256071594,-2.327490271605802,1.5680960696918649,-0.6960736211172049,-0.24871105056321127,0.33799534022648653,0.3991174355980975,-2.177085712065401,-2.2461374402778405,-0.0020193690064432934
2.300000000000002,-3.806428482044679,-2.31326088203291,-0.0583276256067878,-2.327490271603669,1.5680960696916952,-0.696073621116451,-0.24871105056388843,0.33799534022648664,0.39911743559793644,-2.1770857120640486,-2.2461374402771432,-0.002019369006452545
2.3041666666666685,-3.8064284820437178,-2.313260882033876,-0.0583276256064537,-2.3274902716017465,1.568096069691542,-0.6960736211157745,-0.24871105056449794,0.3379953402264866,0.3991174355977921,-2.1770857120628273,-2.246137440276517,-0.0020193690064612855
2.3083333333333353,-3.8064284820428527,-2.3132608820347422,-0.0583276256061535,-2.3274902716000136,1.5680960696914037,-0.6960736211151678,-0.24871105056504614,0.3379953402264863,0.39911743559766366,-2.177085712061721,-2.2461374402759513,-0.002019369006468987
2.3125000000000018,-3.8064284820420737,-2.313260882035521,-0.0583276256058837,-2.327490271598452,1.5680960696912785,-0.6960736211146233,-0.24871105056553944,0.337995340226486,0.3991174355975484,-2.177085712060722,-2.2461374402754424,-0.0020193690064766513
2.3166666666666687,-3.806428482041373,-2.3132608820362206,-0.0583276256056412,-2.327490271597044,1.5680960696911654,-0.6960736211141348,-0.24871105056598322,0.33799534022648564,0.3991174355974454,-2.1770857120598195,-2.246137440274983,-0.0020193690064835524
2.320833333333335,-3.806428482040742,-2.313260882036849,-0.0583276256054232,-2.3274902715957757,1.5680960696910635,-0.6960736211136964,-0.24871105056638265,0.33799534022648514,0.39911743559735324,-2.1770857120590033,-2.2461374402745697,-0.0020193690064894904
2.325000000000002,-3.806428482040174,-2.313260882037413,-0.0583276256052274,-2.327490271594632,1.5680960696909714,-0.6960736211133032,-0.24871105056674198,0.3379953402264847,0.399117435597271,-2.1770857120582647,-2.246137440274197,-0.002019369006495272
2.3291666666666684,-3.806428482039663,-2.31326088203792,-0.0583276256050513,-2.327490271593601,1.568096069690888,-0.6960736211129503,-0.24871105056706513,0.33799534022648436,0.3991174355971973,-2.177085712057598,-2.2461374402738605,-0.002019369006500496
2.3333333333333353,-3.8064284820392023,-2.3132608820383758,-0.0583276256048931,-2.327490271592673,1.568096069690813,-0.6960736211126336,-0.24871105056735635,0.3379953402264837,0.3991174355971312,-2.177085712056996,-2.2461374402735603,-0.002019369006505226
2.337500000000002,-3.806428482038789,-2.3132608820387843,-0.058327625604751,-2.327490271591836,1.568096069690745,-0.6960736211123495,-0.24871105056761783,0.3379953402264833,0.3991174355970724,-2.1770857120564515,-2.2461374402732868,-0.002019369006509727
2.3416666666666686,-3.806428482038416,-2.313260882039152,-0.0583276256046232,-2.327490271591081,1.5680960696906838,-0.6960736211120947,-0.24871105056785334,0.3379953402264829,0.39911743559701973,-2.177085712055959,-2.2461374402730407,-0.0020193690065136226
2.3458333333333354,-3.806428482038081,-2.313260882039481,-0.0583276256045083,-2.3274902715904013,1.5680960696906283,-0.6960736211118658,-0.248711050568065,0.3379953402264824,0.39911743559697294,-2.177085712055514,-2.2461374402728187,-0.002019369006517425
2.350000000000002,-3.8064284820377785,-2.3132608820397778,-0.0583276256044051,-2.3274902715897885,1.5680960696905786,-0.6960736211116605,-0.24871105056825593,0.3379953402264818,0.39911743559693075,-2.177085712055112,-2.24613744027262,-0.002019369006520468
2.3541666666666687,-3.8064284820375063,-2.313260882040044,-0.0583276256043124,-2.327490271589236,1.5680960696905335,-0.6960736211114763,-0.24871105056842757,0.3379953402264813,0.39911743559689294,-2.1770857120547484,-2.2461374402724408,-0.0020193690065233704
2.358333333333335,-3.806428482037262,-2.3132608820402827,-0.058327625604229,-2.3274902715887387,1.5680960696904926,-0.6960736211113109,-0.24871105056858173,0.33799534022648087,0.3991174355968595,-2.1770857120544207,-2.2461374402722782,-0.0020193690065263424
2.362500000000002,-3.8064284820370418,-2.3132608820404976,-0.0583276256041542,-2.32749027158829,1.5680960696904558,-0.6960736211111624,-0.24871105056872062,0.3379953402264805,0.39911743559682933,-2.177085712054125,-2.246137440272133,-0.0020193690065290998
2.3666666666666685,-3.806428482036844,-2.3132608820406904,-0.0583276256040868,-2.327490271587886,1.5680960696904225,-0.6960736211110293,-0.24871105056884535,0.33799534022648026,0.39911743559680246,-2.1770857120538576,-2.2461374402720002,-0.002019369006531571
2.3708333333333353,-3.806428482036665,-2.313260882040864,-0.0583276256040263,-2.327490271587522,1.5680960696903925,-0.6960736211109099,-0.24871105056895806,0.33799534022647976,0.39911743559677837,-2.177085712053615,-2.2461374402718826,-0.002019369006533634
2.3750000000000018,-3.806428482036504,-2.3132608820410194,-0.058327625603972,-2.3274902715871937,1.5680960696903654,-0.6960736211108026,-0.2487110505690593,0.33799534022647915,0.39911743559675683,-2.1770857120533953,-2.2461374402717773,-0.002019369006535589
2.3791666666666687,-3.80642848203636,-2.3132608820411598,-0.0583276256039231,-2.327490271586898,1.568096069690341,-0.6960736211107065,-0.24871105056915022,0.337995340226479,0.3991174355967374,-2.1770857120531986,-2.24613744027168,-0.002019369006537456
2.383333333333335,-3.80642848203623,-2.313260882041285,-0.0583276256038792,-2.3274902715866315,1.568096069690319,-0.6960736211106199,-0.2487110505692321,0.3379953402264787,0.3991174355967203,-2.177085712053021,-2.2461374402715935,-0.002019369006538923
2.387500000000002,-3.8064284820361127,-2.313260882041398,-0.0583276256038398,-2.3274902715863908,1.568096069690299,-0.6960736211105424,-0.24871105056930587,0.33799534022647837,0.39911743559670493,-2.1770857120528593,-2.246137440271515,-0.002019369006540475
2.391666666666669,-3.806428482036008,-2.313260882041499,-0.0583276256038043,-2.327490271586174,1.568096069690281,-0.6960736211104727,-0.2487110505693719,0.3379953402264782,0.3991174355966912,-2.1770857120527145,-2.246137440271444,-0.0020193690065417806
2.3958333333333353,-3.806428482035912,-2.31326088204159,-0.0583276256037724,-2.3274902715859787,1.5680960696902648,-0.69607362111041,-0.24871105056943196,0.3379953402264777,0.3991174355966789,-2.1770857120525817,-2.2461374402713816,-0.0020193690065429385
2.400000000000002,-3.806428482035827,-2.313260882041672,-0.0583276256037438,-2.327490271585803,1.5680960696902502,-0.6960736211103539,-0.24871105056948548,0.3379953402264776,0.39911743559666796,-2.177085712052464,-2.246137440271324,-0.0020193690065440023
2.4041666666666686,-3.8064284820357503,-2.313260882041745,-0.0583276256037181,-2.3274902715856443,1.5680960696902368,-0.6960736211103034,-0.24871105056953377,0.33799534022647726,0.39911743559665813,-2.1770857120523566,-2.2461374402712715,-0.0020193690065449825
2.4083333333333354,-3.806428482035681,-2.3132608820418112,-0.0583276256036949,-2.3274902715855013,1.5680960696902249,-0.696073621110258,-0.24871105056957724,0.33799534022647704,0.39911743559664936,-2.1770857120522598,-2.2461374402712244,-0.0020193690065461087
2.412500000000002,-3.806428482035619,-2.3132608820418703,-0.0583276256036741,-2.3274902715853725,1.568096069690214,-0.6960736211102172,-0.24871105056961623,0.33799534022647687,0.3991174355966416,-2.1770857120521723,-2.2461374402711827,-0.002019369006547096
2.4166666666666687,-3.806428482035563,-2.313260882041924,-0.0583276256036554,-2.327490271585257,1.5680960696902042,-0.6960736211101805,-0.2487110505696515,0.33799534022647676,0.3991174355966344,-2.1770857120520954,-2.2461374402711445,-0.002019369006548039
2.420833333333335,-3.806428482035512,-2.313260882041972,-0.0583276256036387,-2.327490271585152,1.568096069690195,-0.6960736211101475,-0.24871105056968335,0.3379953402264765,0.3991174355966281,-2.177085712052023,-2.2461374402711107,-0.002019369006549157
2.425000000000002,-3.806428482035467,-2.313260882042014,-0.0583276256036236,-2.3274902715850576,1.568096069690187,-0.6960736211101177,-0.24871105056971154,0.3379953402264763,0.3991174355966228,-2.177085712051959,-2.2461374402710783,-0.002019369006549702
2.4291666666666685,-3.806428482035426,-2.3132608820420533,-0.05832762560361,-2.327490271584973,1.5680960696901802,-0.696073621110091,-0.24871105056973727,0.3379953402264763,0.3991174355966176,-2.177085712051902,-2.2461374402710512,-0.00201936900655001
2.4333333333333353,-3.806428482035389,-2.313260882042088,-0.0583276256035978,-2.327490271584896,1.5680960696901738,-0.696073621110067,-0.2487110505697605,0.337995340226476,0.3991174355966131,-2.177085712051849,-2.2461374402710255,-0.0020193690065504555
2.4375000000000018,-3.806428482035356,-2.313260882042119,-0.0583276256035868,-2.3274902715848267,1.568096069690168,-0.6960736211100454,-0.2487110505697812,0.3379953402264759,0.39911743559660917,-2.1770857120518015,-2.2461374402710024,-0.0020193690065507114
2.4416666666666687,-3.8064284820353262,-2.313260882042147,-0.058327625603577,-2.3274902715847645,1.568096069690163,-0.6960736211100258,-0.24871105056979984,0.33799534022647576,0.3991174355966056,-2.1770857120517597,-2.246137440270981,-0.0020193690065509686
2.4458333333333355,-3.8064284820353,-2.3132608820421723,-0.0583276256035681,-2.327490271584709,1.5680960696901578,-0.6960736211100083,-0.2487110505698165,0.33799534022647587,0.39911743559660223,-2.1770857120517224,-2.2461374402709624,-0.0020193690065518593
2.450000000000002,-3.806428482035276,-2.313260882042195,-0.0583276256035601,-2.327490271584658,1.5680960696901536,-0.6960736211099924,-0.2487110505698316,0.33799534022647587,0.3991174355965995,-2.1770857120516878,-2.2461374402709446,-0.0020193690065521304
2.454166666666669,-3.806428482035254,-2.313260882042216,-0.058327625603553,-2.3274902715846126,1.5680960696901498,-0.696073621109978,-0.24871105056984544,0.3379953402264757,0.3991174355965966,-2.1770857120516576,-2.246137440270931,-0.0020193690065523676
2.4583333333333353,-3.8064284820352334,-2.3132608820422336,-0.0583276256035466,-2.327490271584572,1.5680960696901465,-0.6960736211099651,-0.24871105056985784,0.33799534022647526,0.39911743559659457,-2.177085712051628,-2.246137440270917,-0.002019369006552371
2.462500000000002,-3.806428482035217,-2.31326088204225,-0.0583276256035408,-2.3274902715845345,1.5680960696901431,-0.6960736211099534,-0.24871105056986856,0.33799534022647554,0.3991174355965925,-2.177085712051604,-2.246137440270903,-0.002019369006552981
2.4666666666666686,-3.806428482035201,-2.3132608820422647,-0.0583276256035356,-2.327490271584501,1.5680960696901405,-0.6960736211099429,-0.2487110505698785,0.33799534022647537,0.3991174355965907,-2.177085712051581,-2.2461374402708922,-0.0020193690065527813
2.4708333333333354,-3.8064284820351855,-2.313260882042278,-0.0583276256035309,-2.327490271584471,1.5680960696901376,-0.6960736211099332,-0.24871105056988788,0.3379953402264751,0.3991174355965891,-2.1770857120515594,-2.2461374402708825,-0.0020193690065534774
2.475000000000002,-3.8064284820351735,-2.31326088204229,-0.0583276256035267,-2.327490271584444,1.5680960696901354,-0.6960736211099245,-0.24871105056989562,0.33799534022647526,0.39911743559658763,-2.177085712051542,-2.2461374402708723,-0.0020193690065534848
2.4791666666666687,-3.806428482035162,-2.3132608820423006,-0.0583276256035229,-2.3274902715844195,1.5680960696901334,-0.6960736211099168,-0.2487110505699029,0.3379953402264752,0.3991174355965863,-2.177085712051526,-2.246137440270864,-0.0020193690065535056
2.483333333333335,-3.806428482035152,-2.31326088204231,-0.0583276256035195,-2.3274902715843973,1.5680960696901316,-0.6960736211099096,-0.24871105056990916,0.33799534022647526,0.3991174355965852,-2.177085712051512,-2.2461374402708545,-0.002019369006553506
2.487500000000002,-3.8064284820351424,-2.3132608820423184,-0.0583276256035164,-2.3274902715843773,1.5680960696901298,-0.6960736211099029,-0.2487110505699151,0.3379953402264751,0.3991174355965843,-2.1770857120514973,-2.2461374402708474,-0.0020193690065536296
2.491666666666669,-3.806428482035134,-2.313260882042326,-0.0583276256035137,-2.3274902715843595,1.5680960696901285,-0.6960736211098968,-0.2487110505699203,0.33799534022647504,0.39911743559658347,-2.1770857120514857,-2.24613744027084,-0.0020193690065533378
2.4958333333333353,-3.8064284820351264,-2.313260882042333,-0.0583276256035112,-2.327490271584343,1.568096069690127,-0.6960736211098913,-0.2487110505699251,0.33799534022647504,0.3991174355965826,-2.177085712051475,-2.246137440270834,-0.0020193690065537567
2.500000000000002,-3.80642848203512,-2.3132608820423397,-0.0583276256035089,-2.3274902715843284,1.5680960696901256,-0.6960736211098864,-0.24871105056992926,0.33799534022647526,0.3991174355965817,-2.177085712051467,-2.2461374402708283,-0.0020193690065539666
2.5041666666666687,-3.8064284820351135,-2.313260882042345,-0.0583276256035069,-2.327490271584315,1.5680960696901245,-0.6960736211098818,-0.2487110505699332,0.33799534022647504,0.3991174355965812,-2.1770857120514577,-2.2461374402708234,-0.0020193690065539996
2.5083333333333355,-3.806428482035108,-2.31326088204235,-0.0583276256035051,-2.327490271584303,1.5680960696901234,-0.6960736211098776,-0.24871105056993656,0.33799534022647504,0.39911743559658075,-2.1770857120514497,-2.2461374402708176,-0.002019369006554216
2.512500000000002,-3.806428482035103,-2.3132608820423544,-0.0583276256035035,-2.3274902715842924,1.5680960696901225,-0.6960736211098738,-0.2487110505699398,0.337995340226475,0.39911743559658025,-2.1770857120514426,-2.2461374402708136,-0.002019369006554192
2.516666666666669,-3.8064284820350975,-2.3132608820423584,-0.058327625603502,-2.3274902715842827,1.5680960696901216,-0.69607362110987,-0.24871105056994286,0.33799534022647465,0.39911743559657975,-2.1770857120514364,-2.2461374402708105,-0.002019369006554255
2.5208333333333353,-3.8064284820350944,-2.313260882042362,-0.0583276256035007,-2.327490271584274,1.568096069690121,-0.6960736211098667,-0.2487110505699451,0.33799534022647487,0.3991174355965794,-2.1770857120514324,-2.2461374402708056,-0.002019369006554175
2.525000000000002,-3.806428482035091,-2.313260882042365,-0.0583276256034995,-2.327490271584266,1.5680960696901205,-0.6960736211098637,-0.24871105056994727,0.33799534022647487,0.39911743559657914,-2.1770857120514266,-2.246137440270801,-0.0020193690065537016
2.5291666666666686,-3.806428482035088,-2.313260882042368,-0.0583276256034984,-2.3274902715842587,1.5680960696901196,-0.6960736211098609,-0.2487110505699491,0.3379953402264751,0.39911743559657875,-2.1770857120514235,-2.246137440270797,-0.0020193690065541995
2.5333333333333354,-3.8064284820350847,-2.313260882042371,-0.0583276256034974,-2.327490271584252,1.568096069690119,-0.6960736211098584,-0.24871105056995121,0.33799534022647487,0.39911743559657853,-2.1770857120514187,-2.2461374402707954,-0.0020193690065543213
2.537500000000002,-3.806428482035082,-2.313260882042373,-0.0583276256034965,-2.3274902715842463,1.5680960696901185,-0.6960736211098558,-0.24871105056995285,0.3379953402264748,0.3991174355965783,-2.177085712051416,-2.246137440270792,-0.0020193690065542134
2.5416666666666687,-3.80642848203508,-2.3132608820423752,-0.0583276256034957,-2.327490271584241,1.568096069690118,-0.6960736211098535,-0.2487110505699541,0.337995340226475,0.399117435596578,-2.177085712051414,-2.2461374402707888,-0.0020193690065542455
2.5458333333333356,-3.8064284820350776,-2.313260882042377,-0.058327625603495,-2.327490271584236,1.5680960696901176,-0.6960736211098513,-0.2487110505699556,0.3379953402264749,0.399117435596578,-2.17708571205141,-2.246137440270786,-0.0020193690065542363
2.550000000000002,-3.806428482035076,-2.313260882042379,-0.0583276256034943,-2.327490271584232,1.5680960696901172,-0.6960736211098493,-0.24871105056995663,0.337995340226475,0.39911743559657764,-2.1770857120514098,-2.246137440270784,-0.0020193690065544246
2.554166666666669,-3.806428482035074,-2.313260882042381,-0.0583276256034938,-2.327490271584228,1.568096069690117,-0.6960736211098473,-0.24871105056995807,0.337995340226475,0.39911743559657736,-2.177085712051408,-2.246137440270782,-0.002019369006554331
2.5583333333333353,-3.806428482035072,-2.313260882042382,-0.0583276256034932,-2.327490271584224,1.5680960696901167,-0.6960736211098455,-0.2487110505699591,0.3379953402264748,0.3991174355965774,-2.177085712051404,-2.2461374402707794,-0.0020193690065541006
2.562500000000002,-3.806428482035071,-2.3132608820423832,-0.0583276256034927,-2.327490271584221,1.5680960696901165,-0.6960736211098437,-0.2487110505699599,0.3379953402264748,0.3991174355965773,-2.1770857120514036,-2.246137440270777,-0.002019369006554068
2.5666666666666687,-3.8064284820350696,-2.313260882042385,-0.0583276256034923,-2.3274902715842183,1.5680960696901165,-0.696073621109842,-0.2487110505699608,0.3379953402264749,0.399117435596577,-2.1770857120514027,-2.2461374402707754,-0.00201936900655379
2.5708333333333355,-3.806428482035068,-2.313260882042385,-0.0583276256034919,-2.327490271584216,1.568096069690116,-0.6960736211098404,-0.24871105056996157,0.33799534022647465,0.3991174355965772,-2.177085712051401,-2.246137440270774,-0.002019369006554053
2.575000000000002,-3.8064284820350673,-2.3132608820423863,-0.0583276256034915,-2.3274902715842134,1.5680960696901158,-0.6960736211098388,-0.24871105056996204,0.3379953402264748,0.399117435596577,-2.177085712051401,-2.2461374402707714,-0.002019369006554141
2.579166666666669,-3.8064284820350665,-2.3132608820423872,-0.0583276256034912,-2.327490271584211,1.5680960696901156,-0.6960736211098373,-0.24871105056996265,0.33799534022647487,0.3991174355965769,-2.177085712051401,-2.24613744027077,-0.0020193690065540442
2.5833333333333353,-3.8064284820350656,-2.313260882042388,-0.0583276256034909,-2.3274902715842094,1.5680960696901154,-0.6960736211098358,-0.2487110505699632,0.3379953402264749,0.3991174355965767,-2.1770857120514004,-2.2461374402707683,-0.0020193690065543465
2.587500000000002,-3.8064284820350647,-2.313260882042389,-0.0583276256034906,-2.327490271584208,1.5680960696901154,-0.6960736211098344,-0.24871105056996376,0.33799534022647487,0.3991174355965766,-2.1770857120514004,-2.246137440270767,-0.0020193690065540082
2.591666666666669,-3.806428482035064,-2.313260882042389,-0.0583276256034903,-2.327490271584206,1.5680960696901152,-0.6960736211098331,-0.2487110505699642,0.33799534022647476,0.39911743559657686,-2.177085712051399,-2.246137440270765,-0.0020193690065538937
2.5958333333333354,-3.8064284820350633,-2.31326088204239,-0.0583276256034901,-2.3274902715842045,1.5680960696901152,-0.6960736211098316,-0.24871105056996456,0.3379953402264748,0.3991174355965766,-2.1770857120514004,-2.2461374402707635,-0.002019369006553908
2.6000000000000023,-3.806428482035063,-2.3132608820423903,-0.0583276256034899,-2.327490271584203,1.5680960696901152,-0.6960736211098303,-0.2487110505699649,0.3379953402264748,0.39911743559657653,-2.1770857120514004,-2.246137440270762,-0.0020193690065537645
2.6041666666666687,-3.8064284820350633,-2.3132608820423908,-0.0583276256034897,-2.327490271584202,1.5680960696901152,-0.6960736211098291,-0.24871105056996484,0.33799534022647504,0.39911743559657653,-2.177085712051402,-2.246137440270759,-0.0020193690065534466
2.6083333333333356,-3.806428482035062,-2.313260882042391,-0.0583276256034895,-2.3274902715842005,1.5680960696901152,-0.6960736211098278,-0.2487110505699655,0.3379953402264749,0.39911743559657653,-2.1770857120514004,-2.246137440270758,-0.0020193690065532107
2.612500000000002,-3.8064284820350616,-2.313260882042392,-0.0583276256034893,-2.3274902715842,1.5680960696901152,-0.6960736211098266,-0.2487110505699658,0.33799534022647487,0.3991174355965763,-2.1770857120514013,-2.2461374402707577,-0.0020193690065532857
2.616666666666669,-3.806428482035061,-2.313260882042392,-0.0583276256034891,-2.3274902715841987,1.5680960696901152,-0.6960736211098255,-0.24871105056996615,0.33799534022647487,0.3991174355965765,-2.177085712051402,-2.246137440270756,-0.0020193690065529813
2.6208333333333353,-3.8064284820350607,-2.313260882042393,-0.058327625603489,-2.327490271584198,1.5680960696901152,-0.6960736211098243,-0.24871105056996642,0.3379953402264749,0.3991174355965762,-2.1770857120514022,-2.246137440270755,-0.0020193690065528932
2.625000000000002,-3.80642848203506,-2.313260882042393,-0.0583276256034888,-2.327490271584197,1.5680960696901152,-0.6960736211098232,-0.24871105056996673,0.33799534022647476,0.39911743559657636,-2.177085712051402,-2.246137440270754,-0.0020193690065527414
2.6291666666666687,-3.80642848203506,-2.313260882042393,-0.0583276256034887,-2.327490271584196,1.5680960696901152,-0.6960736211098221,-0.2487110505699668,0.3379953402264748,0.3991174355965765,-2.1770857120514027,-2.2461374402707524,-0.0020193690065525042
2.6333333333333355,-3.80642848203506,-2.313260882042393,-0.0583276256034886,-2.327490271584195,1.5680960696901152,-0.6960736211098209,-0.24871105056996684,0.3379953402264748,0.3991174355965766,-2.177085712051403,-2.24613744027075,-0.00201936900655232
2.637500000000002,-3.80642848203506,-2.313260882042393,-0.0583276256034885,-2.3274902715841947,1.5680960696901152,-0.6960736211098196,-0.24871105056996687,0.3379953402264748,0.39911743559657664,-2.1770857120514036,-2.2461374402707484,-0.0020193690065523637
2.641666666666669,-3.80642848203506,-2.313260882042393,-0.0583276256034883,-2.3274902715841943,1.5680960696901152,-0.6960736211098185,-0.2487110505699669,0.33799534022647487,0.3991174355965767,-2.177085712051405,-2.2461374402707466,-0.002019369006552192
2.6458333333333357,-3.80642848203506,-2.313260882042393,-0.0583276256034882,-2.3274902715841934,1.5680960696901152,-0.6960736211098175,-0.24871105056996695,0.33799534022647487,0.39911743559657675,-2.1770857120514058,-2.2461374402707452,-0.00201936900655208
2.650000000000002,-3.80642848203506,-2.313260882042393,-0.0583276256034881,-2.327490271584193,1.5680960696901152,-0.6960736211098164,-0.24871105056996692,0.3379953402264749,0.39911743559657686,-2.177085712051406,-2.246137440270743,-0.002019369006551997
2.654166666666669,-3.80642848203506,-2.313260882042393,-0.058327625603488,-2.3274902715841925,1.5680960696901152,-0.6960736211098153,-0.24871105056996692,0.33799534022647487,0.3991174355965769,-2.177085712051407,-2.2461374402707417,-0.002019369006551781
2.6583333333333354,-3.80642848203506,-2.313260882042393,-0.0583276256034879,-2.327490271584192,1.5680960696901152,-0.6960736211098143,-0.24871105056996698,0.3379953402264749,0.39911743559657703,-2.1770857120514076,-2.2461374402707404,-0.0020193690065516716
2.6625000000000023,-3.80642848203506,-2.313260882042393,-0.0583276256034878,-2.327490271584192,1.5680960696901152,-0.6960736211098133,-0.24871105056996698,0.33799534022647487,0.39911743559657703,-2.177085712051409,-2.2461374402707395,-0.002019369006551703
2.6666666666666687,-3.80642848203506,-2.313260882042393,-0.0583276256034878,-2.327490271584191,1.5680960696901152,-0.6960736211098123,-0.24871105056996703,0.3379953402264749,0.3991174355965771,-2.1770857120514093,-2.2461374402707373,-0.0020193690065514825
2.6708333333333356,-3.80642848203506,-2.313260882042393,-0.0583276256034877,-2.3274902715841908,1.5680960696901152,-0.6960736211098113,-0.24871105056996706,0.3379953402264749,0.3991174355965772,-2.17708571205141,-2.246137440270736,-0.002019369006551466
2.675000000000002,-3.80642848203506,-2.313260882042393,-0.0583276256034876,-2.3274902715841903,1.5680960696901152,-0.6960736211098102,-0.24871105056996712,0.337995340226475,0.3991174355965772,-2.1770857120514107,-2.246137440270734,-0.002019369006551249
2.679166666666669,-3.80642848203506,-2.313260882042393,-0.0583276256034875,-2.32749027158419,1.5680960696901152,-0.6960736211098091,-0.2487110505699671,0.337995340226475,0.3991174355965773,-2.1770857120514115,-2.2461374402707324,-0.0020193690065511798
2.6833333333333353,-3.80642848203506,-2.313260882042393,-0.0583276256034875,-2.3274902715841894,1.5680960696901152,-0.696073621109808,-0.24871105056996712,0.33799534022647504,0.3991174355965773,-2.177085712051413,-2.246137440270731,-0.002019369006551064
2.687500000000002,-3.80642848203506,-2.313260882042393,-0.0583276256034874,-2.327490271584189,1.5680960696901152,-0.6960736211098069,-0.24871105056996717,0.3379953402264751,0.39911743559657736,-2.1770857120514138,-2.2461374402707293,-0.0020193690065510002
2.6916666666666687,-3.80642848203506,-2.313260882042393,-0.0583276256034873,-2.3274902715841885,1.5680960696901152,-0.6960736211098059,-0.2487110505699672,0.3379953402264751,0.3991174355965774,-2.177085712051414,-2.2461374402707284,-0.002019369006550878
2.6958333333333355,-3.80642848203506,-2.313260882042393,-0.0583276256034873,-2.327490271584188,1.5680960696901152,-0.6960736211098049,-0.2487110505699672,0.3379953402264751,0.39911743559657753,-2.1770857120514155,-2.2461374402707266,-0.0020193690065508562
2.7000000000000024,-3.80642848203506,-2.313260882042393,-0.0583276256034872,-2.327490271584188,1.5680960696901152,-0.6960736211098039,-0.2487110505699672,0.3379953402264751,0.39911743559657753,-2.177085712051416,-2.2461374402707253,-0.0020193690065508606
2.704166666666669,-3.80642848203506,-2.313260882042393,-0.0583276256034871,-2.327490271584188,1.5680960696901152,-0.6960736211098029,-0.24871105056996717,0.3379953402264751,0.39911743559657753,-2.1770857120514173,-2.246137440270724,-0.0020193690065508293
2.7083333333333357,-3.80642848203506,-2.313260882042393,-0.0583276256034871,-2.327490271584187,1.5680960696901152,-0.6960736211098019,-0.24871105056996723,0.33799534022647515,0.39911743559657764,-2.1770857120514178,-2.246137440270722,-0.0020193690065506277
2.712500000000002,-3.80642848203506,-2.313260882042393,-0.058327625603487,-2.3274902715841868,1.5680960696901152,-0.6960736211098009,-0.24871105056996728,0.3379953402264752,0.39911743559657764,-2.177085712051418,-2.246137440270721,-0.0020193690065504885
2.716666666666669,-3.80642848203506,-2.313260882042393,-0.0583276256034869,-2.3274902715841863,1.5680960696901152,-0.6960736211098,-0.24871105056996728,0.3379953402264751,0.39911743559657775,-2.177085712051419,-2.2461374402707195,-0.0020193690065504403
2.7208333333333354,-3.80642848203506,-2.313260882042393,-0.0583276256034869,-2.3274902715841863,1.5680960696901152,-0.696073621109799,-0.24871105056996728,0.3379953402264751,0.39911743559657775,-2.17708571205142,-2.246137440270718,-0.0020193690065504295
2.7250000000000023,-3.80642848203506,-2.313260882042393,-0.0583276256034868,-2.327490271584186,1.5680960696901152,-0.696073621109798,-0.24871105056996737,0.33799534022647515,0.39911743559657775,-2.177085712051421,-2.2461374402707173,-0.002019369006550349
2.7291666666666687,-3.80642848203506,-2.313260882042394,-0.0583276256034867,-2.327490271584186,1.5680960696901152,-0.696073621109797,-0.24871105056996753,0.3379953402264753,0.39911743559657753,-2.177085712051422,-2.2461374402707164,-0.002019369006550475
2.7333333333333356,-3.80642848203506,-2.313260882042394,-0.0583276256034867,-2.327490271584186,1.5680960696901152,-0.696073621109796,-0.24871105056996753,0.3379953402264753,0.39911743559657753,-2.1770857120514235,-2.246137440270715,-0.0020193690065504646
2.737500000000002,-3.80642848203506,-2.313260882042394,-0.0583276256034866,-2.3274902715841854,1.5680960696901152,-0.6960736211097951,-0.24871105056996753,0.3379953402264753,0.39911743559657753,-2.1770857120514244,-2.2461374402707133,-0.0020193690065503423
2.741666666666669,-3.80642848203506,-2.313260882042394,-0.0583276256034866,-2.3274902715841854,1.5680960696901152,-0.6960736211097941,-0.24871105056996753,0.3379953402264753,0.39911743559657753,-2.1770857120514253,-2.2461374402707124,-0.0020193690065503297
2.745833333333336,-3.80642848203506,-2.313260882042394,-0.0583276256034865,-2.327490271584185,1.5680960696901152,-0.6960736211097931,-0.24871105056996753,0.33799534022647537,0.39911743559657753,-2.177085712051426,-2.2461374402707115,-0.0020193690065502855
2.750000000000002,-3.80642848203506,-2.313260882042394,-0.0583276256034865,-2.327490271584185,1.5680960696901152,-0.6960736211097921,-0.24871105056996753,0.33799534022647537,0.39911743559657753,-2.177085712051427,-2.24613744027071,-0.002019369006550275
2.754166666666669,-3.80642848203506,-2.313260882042394,-0.0583276256034864,-2.327490271584185,1.5680960696901152,-0.6960736211097911,-0.24871105056996753,0.33799534022647537,0.39911743559657764,-2.1770857120514284,-2.246137440270709,-0.002019369006550244
2.7583333333333355,-3.80642848203506,-2.313260882042394,-0.0583276256034864,-2.3274902715841845,1.5680960696901152,-0.6960736211097902,-0.24871105056996753,0.33799534022647537,0.39911743559657764,-2.1770857120514293,-2.246137440270708,-0.0020193690065502313
2.7625000000000024,-3.80642848203506,-2.313260882042394,-0.0583276256034863,-2.3274902715841845,1.5680960696901152,-0.6960736211097892,-0.2487110505699676,0.33799534022647537,0.39911743559657764,-2.17708571205143,-2.2461374402707066,-0.0020193690065501094
2.766666666666669,-3.80642848203506,-2.313260882042394,-0.0583276256034862,-2.327490271584184,1.5680960696901152,-0.6960736211097882,-0.2487110505699676,0.3379953402264753,0.39911743559657775,-2.1770857120514306,-2.246137440270705,-0.0020193690065499568
2.7708333333333357,-3.80642848203506,-2.313260882042394,-0.0583276256034862,-2.327490271584184,1.5680960696901152,-0.6960736211097873,-0.2487110505699676,0.3379953402264753,0.39911743559657775,-2.1770857120514315,-2.246137440270704,-0.0020193690065499464
2.775000000000002,-3.80642848203506,-2.313260882042394,-0.0583276256034861,-2.327490271584184,1.5680960696901152,-0.6960736211097863,-0.24871105056996756,0.3379953402264753,0.39911743559657775,-2.177085712051433,-2.2461374402707026,-0.0020193690065499776
2.779166666666669,-3.80642848203506,-2.313260882042394,-0.0583276256034861,-2.327490271584184,1.5680960696901152,-0.6960736211097853,-0.24871105056996756,0.3379953402264753,0.39911743559657775,-2.1770857120514338,-2.246137440270702,-0.0020193690065499694
2.7833333333333354,-3.80642848203506,-2.313260882042394,-0.058327625603486,-2.327490271584184,1.5680960696901152,-0.6960736211097843,-0.24871105056996753,0.3379953402264753,0.39911743559657786,-2.177085712051435,-2.2461374402707013,-0.002019369006549906
2.7875000000000023,-3.80642848203506,-2.313260882042394,-0.058327625603486,-2.327490271584184,1.5680960696901152,-0.6960736211097833,-0.24871105056996753,0.3379953402264753,0.39911743559657786,-2.177085712051436,-2.2461374402706995,-0.002019369006549895
2.7916666666666687,-3.80642848203506,-2.313260882042394,-0.0583276256034859,-2.327490271584183,1.5680960696901152,-0.6960736211097824,-0.24871105056996765,0.33799534022647537,0.39911743559657786,-2.1770857120514364,-2.246137440270698,-0.00201936900654979
2.7958333333333356,-3.80642848203506,-2.313260882042394,-0.0583276256034858,-2.327490271584183,1.5680960696901152,-0.6960736211097814,-0.24871105056996762,0.33799534022647537,0.39911743559657786,-2.1770857120514373,-2.2461374402706964,-0.0020193690065497248
2.8000000000000025,-3.80642848203506,-2.313260882042394,-0.0583276256034858,-2.3274902715841828,1.5680960696901152,-0.6960736211097804,-0.24871105056996765,0.3379953402264754,0.399117435596578,-2.1770857120514386,-2.246137440270696,-0.0020193690065496463
2.804166666666669,-3.80642848203506,-2.313260882042394,-0.0583276256034857,-2.3274902715841828,1.5680960696901152,-0.6960736211097794,-0.24871105056996765,0.3379953402264754,0.399117435596578,-2.177085712051439,-2.2461374402706946,-0.0020193690065495244
2.808333333333336,-3.80642848203506,-2.313260882042394,-0.0583276256034857,-2.3274902715841823,1.5680960696901152,-0.6960736211097784,-0.24871105056996767,0.3379953402264754,0.399117435596578,-2.1770857120514404,-2.246137440270693,-0.0020193690065494646
2.812500000000002,-3.80642848203506,-2.313260882042394,-0.0583276256034856,-2.327490271584182,1.5680960696901152,-0.6960736211097776,-0.24871105056996767,0.3379953402264755,0.3991174355965781,-2.1770857120514413,-2.2461374402706915,-0.002019369006549452
2.816666666666669,-3.80642848203506,-2.3132608820423943,-0.0583276256034856,-2.327490271584182,1.5680960696901152,-0.6960736211097766,-0.2487110505699678,0.33799534022647554,0.39911743559657786,-2.1770857120514426,-2.2461374402706906,-0.0020193690065494155
2.8208333333333355,-3.80642848203506,-2.3132608820423943,-0.0583276256034855,-2.327490271584182,1.5680960696901152,-0.6960736211097756,-0.2487110505699678,0.33799534022647554,0.39911743559657786,-2.1770857120514435,-2.2461374402706893,-0.0020193690065494446
2.8250000000000024,-3.80642848203506,-2.3132608820423943,-0.0583276256034855,-2.327490271584181,1.5680960696901152,-0.6960736211097747,-0.24871105056996787,0.33799534022647554,0.399117435596578,-2.177085712051443,-2.246137440270688,-0.0020193690065492278
2.829166666666669,-3.80642848203506,-2.3132608820423943,-0.0583276256034854,-2.327490271584181,1.5680960696901152,-0.6960736211097737,-0.24871105056996787,0.3379953402264756,0.399117435596578,-2.177085712051445,-2.2461374402706866,-0.0020193690065492113
2.8333333333333357,-3.80642848203506,-2.3132608820423943,-0.0583276256034854,-2.327490271584181,1.5680960696901152,-0.6960736211097727,-0.24871105056996787,0.3379953402264756,0.399117435596578,-2.177085712051446,-2.246137440270686,-0.0020193690065492013
2.837500000000002,-3.80642848203506,-2.3132608820423943,-0.0583276256034853,-2.327490271584181,1.5680960696901152,-0.6960736211097717,-0.24871105056996784,0.3379953402264756,0.399117435596578,-2.1770857120514466,-2.2461374402706844,-0.0020193690065492304
2.841666666666669,-3.80642848203506,-2.3132608820423943,-0.0583276256034853,-2.3274902715841805,1.5680960696901152,-0.6960736211097707,-0.24871105056996787,0.33799534022647565,0.399117435596578,-2.177085712051448,-2.246137440270683,-0.0020193690065491727
2.845833333333336,-3.80642848203506,-2.3132608820423943,-0.0583276256034852,-2.32749027158418,1.5680960696901152,-0.6960736211097698,-0.2487110505699679,0.3379953402264756,0.3991174355965781,-2.1770857120514484,-2.246137440270682,-0.00201936900654902
2.8500000000000023,-3.80642848203506,-2.3132608820423943,-0.0583276256034852,-2.32749027158418,1.5680960696901152,-0.6960736211097687,-0.2487110505699679,0.3379953402264756,0.3991174355965781,-2.1770857120514493,-2.246137440270681,-0.0020193690065490075
2.854166666666669,-3.80642848203506,-2.3132608820423943,-0.0583276256034851,-2.32749027158418,1.5680960696901152,-0.6960736211097677,-0.2487110505699679,0.33799534022647554,0.3991174355965781,-2.1770857120514506,-2.24613744027068,-0.0020193690065489806
2.8583333333333356,-3.80642848203506,-2.3132608820423943,-0.0583276256034851,-2.32749027158418,1.5680960696901152,-0.6960736211097667,-0.2487110505699679,0.33799534022647554,0.3991174355965781,-2.1770857120514515,-2.246137440270678,-0.00201936900654897
2.8625000000000025,-3.80642848203506,-2.3132608820423943,-0.058327625603485,-2.32749027158418,1.5680960696901152,-0.6960736211097657,-0.2487110505699679,0.33799534022647554,0.3991174355965782,-2.177085712051453,-2.246137440270677,-0.002019369006548905
2.866666666666669,-3.80642848203506,-2.3132608820423943,-0.058327625603485,-2.327490271584179,1.5680960696901152,-0.6960736211097648,-0.24871105056996795,0.3379953402264756,0.3991174355965782,-2.1770857120514533,-2.246137440270676,-0.0020193690065487863
2.870833333333336,-3.80642848203506,-2.3132608820423943,-0.0583276256034849,-2.327490271584179,1.5680960696901152,-0.6960736211097638,-0.24871105056996792,0.3379953402264756,0.3991174355965783,-2.177085712051454,-2.2461374402706746,-0.0020193690065488817
2.875000000000002,-3.80642848203506,-2.3132608820423943,-0.0583276256034848,-2.3274902715841788,1.5680960696901152,-0.6960736211097628,-0.24871105056996795,0.33799534022647565,0.3991174355965783,-2.177085712051455,-2.246137440270673,-0.002019369006548663
2.879166666666669,-3.80642848203506,-2.3132608820423943,-0.0583276256034848,-2.3274902715841783,1.5680960696901152,-0.6960736211097619,-0.24871105056996798,0.33799534022647565,0.3991174355965783,-2.1770857120514555,-2.246137440270672,-0.002019369006548607
2.8833333333333355,-3.80642848203506,-2.3132608820423948,-0.0583276256034847,-2.3274902715841783,1.5680960696901152,-0.6960736211097609,-0.24871105056996806,0.33799534022647576,0.3991174355965782,-2.177085712051457,-2.246137440270671,-0.002019369006548761
2.8875000000000024,-3.80642848203506,-2.3132608820423948,-0.0583276256034847,-2.3274902715841783,1.5680960696901152,-0.6960736211097599,-0.24871105056996806,0.33799534022647576,0.3991174355965782,-2.177085712051458,-2.2461374402706697,-0.0020193690065487507
2.891666666666669,-3.80642848203506,-2.3132608820423948,-0.0583276256034846,-2.327490271584178,1.5680960696901152,-0.6960736211097589,-0.2487110505699681,0.33799534022647576,0.3991174355965782,-2.177085712051459,-2.246137440270668,-0.0020193690065485794
2.8958333333333357,-3.80642848203506,-2.3132608820423948,-0.0583276256034846,-2.327490271584177,1.5680960696901152,-0.696073621109758,-0.24871105056996815,0.3379953402264758,0.3991174355965783,-2.1770857120514595,-2.2461374402706666,-0.0020193690065484515
2.9000000000000026,-3.80642848203506,-2.3132608820423948,-0.0583276256034845,-2.327490271584177,1.5680960696901152,-0.696073621109757,-0.24871105056996815,0.33799534022647576,0.3991174355965783,-2.1770857120514604,-2.2461374402706658,-0.0020193690065484523
2.904166666666669,-3.80642848203506,-2.3132608820423948,-0.0583276256034845,-2.327490271584177,1.5680960696901152,-0.696073621109756,-0.24871105056996815,0.33799534022647576,0.3991174355965783,-2.177085712051462,-2.246137440270665,-0.00201936900654844
2.908333333333336,-3.80642848203506,-2.3132608820423948,-0.0583276256034844,-2.327490271584177,1.5680960696901152,-0.696073621109755,-0.24871105056996815,0.33799534022647576,0.39911743559657836,-2.177085712051462,-2.2461374402706635,-0.0020193690065483673
2.9125000000000023,-3.80642848203506,-2.3132608820423948,-0.0583276256034844,-2.327490271584177,1.5680960696901152,-0.6960736211097541,-0.24871105056996815,0.33799534022647576,0.39911743559657836,-2.177085712051464,-2.2461374402706626,-0.002019369006548357
2.916666666666669,-3.80642848203506,-2.3132608820423948,-0.0583276256034843,-2.327490271584177,1.5680960696901152,-0.696073621109753,-0.24871105056996812,0.33799534022647576,0.3991174355965784,-2.177085712051465,-2.2461374402706613,-0.0020193690065482954
2.9208333333333356,-3.80642848203506,-2.3132608820423948,-0.0583276256034843,-2.327490271584177,1.5680960696901152,-0.696073621109752,-0.24871105056996812,0.33799534022647576,0.3991174355965784,-2.1770857120514657,-2.24613744027066,-0.0020193690065482828
2.9250000000000025,-3.80642848203506,-2.3132608820423948,-0.0583276256034842,-2.3274902715841765,1.5680960696901152,-0.6960736211097511,-0.24871105056996815,0.3379953402264758,0.3991174355965784,-2.1770857120514666,-2.2461374402706586,-0.0020193690065482706
2.929166666666669,-3.80642848203506,-2.3132608820423948,-0.0583276256034842,-2.3274902715841765,1.5680960696901152,-0.6960736211097501,-0.24871105056996815,0.3379953402264758,0.3991174355965784,-2.177085712051468,-2.2461374402706578,-0.002019369006548258
2.933333333333336,-3.80642848203506,-2.3132608820423948,-0.0583276256034841,-2.3274902715841765,1.5680960696901152,-0.6960736211097491,-0.24871105056996815,0.33799534022647576,0.3991174355965785,-2.177085712051469,-2.2461374402706564,-0.0020193690065481986
2.937500000000002,-3.80642848203506,-2.3132608820423948,-0.0583276256034841,-2.327490271584176,1.5680960696901152,-0.6960736211097482,-0.2487110505699682,0.33799534022647576,0.3991174355965785,-2.1770857120514693,-2.2461374402706555,-0.002019369006548078
2.941666666666669,-3.80642848203506,-2.3132608820423948,-0.058327625603484,-2.327490271584176,1.5680960696901152,-0.6960736211097472,-0.2487110505699682,0.3379953402264758,0.3991174355965786,-2.17708571205147,-2.246137440270654,-0.002019369006548066
2.9458333333333355,-3.80642848203506,-2.3132608820423948,-0.058327625603484,-2.327490271584176,1.5680960696901152,-0.6960736211097462,-0.2487110505699682,0.3379953402264758,0.3991174355965786,-2.177085712051471,-2.246137440270653,-0.002019369006548054
2.9500000000000024,-3.80642848203506,-2.3132608820423948,-0.0583276256034839,-2.327490271584175,1.5680960696901152,-0.6960736211097454,-0.2487110505699682,0.3379953402264758,0.39911743559657864,-2.1770857120514715,-2.246137440270651,-0.002019369006547878
2.9541666666666693,-3.80642848203506,-2.313260882042395,-0.0583276256034838,-2.327490271584175,1.5680960696901152,-0.6960736211097444,-0.2487110505699683,0.3379953402264759,0.3991174355965786,-2.1770857120514733,-2.2461374402706507,-0.0020193690065478795
2.9583333333333357,-3.80642848203506,-2.313260882042395,-0.0583276256034838,-2.3274902715841748,1.5680960696901152,-0.6960736211097434,-0.24871105056996834,0.3379953402264759,0.39911743559657853,-2.177085712051474,-2.2461374402706493,-0.0020193690065478274
2.9625000000000026,-3.80642848203506,-2.313260882042395,-0.0583276256034837,-2.3274902715841748,1.5680960696901152,-0.6960736211097424,-0.24871105056996834,0.337995340226476,0.3991174355965786,-2.177085712051475,-2.246137440270648,-0.002019369006547813
2.966666666666669,-3.80642848203506,-2.313260882042395,-0.0583276256034837,-2.3274902715841748,1.5680960696901152,-0.6960736211097414,-0.24871105056996834,0.337995340226476,0.3991174355965786,-2.177085712051476,-2.2461374402706467,-0.0020193690065478027
2.970833333333336,-3.80642848203506,-2.313260882042395,-0.0583276256034836,-2.3274902715841743,1.5680960696901152,-0.6960736211097405,-0.24871105056996837,0.337995340226476,0.39911743559657864,-2.1770857120514764,-2.2461374402706453,-0.0020193690065476956
2.9750000000000023,-3.80642848203506,-2.313260882042395,-0.0583276256034836,-2.3274902715841743,1.5680960696901152,-0.6960736211097395,-0.24871105056996837,0.337995340226476,0.39911743559657864,-2.1770857120514777,-2.246137440270644,-0.002019369006547685
2.979166666666669,-3.80642848203506,-2.313260882042395,-0.0583276256034835,-2.327490271584174,1.5680960696901152,-0.6960736211097385,-0.2487110505699684,0.33799534022647604,0.39911743559657875,-2.177085712051478,-2.246137440270642,-0.0020193690065475702
2.9833333333333356,-3.80642848203506,-2.313260882042395,-0.0583276256034835,-2.327490271584174,1.5680960696901152,-0.6960736211097375,-0.2487110505699684,0.33799534022647604,0.39911743559657875,-2.1770857120514795,-2.2461374402706413,-0.00201936900654756
2.9875000000000025,-3.80642848203506,-2.313260882042395,-0.0583276256034834,-2.327490271584173,1.5680960696901152,-0.6960736211097365,-0.2487110505699684,0.337995340226476,0.39911743559657886,-2.17708571205148,-2.24613744027064,-0.002019369006547387
2.991666666666669,-3.80642848203506,-2.313260882042395,-0.0583276256034834,-2.327490271584173,1.5680960696901152,-0.6960736211097356,-0.2487110505699684,0.337995340226476,0.39911743559657886,-2.1770857120514813,-2.246137440270639,-0.002019369006547378
2.995833333333336,-3.80642848203506,-2.313260882042395,-0.0583276256034833,-2.327490271584173,1.5680960696901152,-0.6960736211097346,-0.24871105056996842,0.3379953402264761,0.39911743559657886,-2.177085712051482,-2.2461374402706378,-0.0020193690065472563
3.0000000000000027,-3.80642848203506,-2.313260882042395,-0.0583276256034833,-2.327490271584173,1.5680960696901152,-0.6960736211097336,-0.24871105056996842,0.3379953402264761,0.39911743559657886,-2.1770857120514835,-2.2461374402706364,-0.002019369006547244
3.004166666666669,-3.80642848203506,-2.313260882042395,-0.0583276256034832,-2.3274902715841725,1.5680960696901152,-0.6960736211097326,-0.24871105056996845,0.3379953402264761,0.399117435596579,-2.1770857120514844,-2.2461374402706356,-0.00201936900654723
3.008333333333336,-3.80642848203506,-2.313260882042395,-0.0583276256034831,-2.327490271584172,1.5680960696901152,-0.6960736211097317,-0.24871105056996848,0.33799534022647604,0.399117435596579,-2.1770857120514844,-2.2461374402706333,-0.0020193690065470997
3.0125000000000024,-3.80642848203506,-2.313260882042396,-0.0583276256034831,-2.327490271584172,1.5680960696901152,-0.6960736211097306,-0.24871105056996864,0.3379953402264762,0.39911743559657853,-2.1770857120514866,-2.2461374402706333,-0.002019369006547249
3.0166666666666693,-3.80642848203506,-2.313260882042396,-0.058327625603483,-2.327490271584172,1.5680960696901152,-0.6960736211097296,-0.24871105056996864,0.3379953402264762,0.3991174355965786,-2.1770857120514875,-2.2461374402706324,-0.0020193690065472177
3.0208333333333357,-3.80642848203506,-2.313260882042396,-0.058327625603483,-2.327490271584172,1.5680960696901152,-0.6960736211097287,-0.24871105056996864,0.3379953402264762,0.3991174355965786,-2.1770857120514884,-2.246137440270631,-0.0020193690065472085
3.0250000000000026,-3.80642848203506,-2.313260882042396,-0.0583276256034829,-2.327490271584172,1.5680960696901152,-0.6960736211097277,-0.24871105056996864,0.3379953402264762,0.3991174355965786,-2.1770857120514897,-2.24613744027063,-0.00201936900654724
3.029166666666669,-3.80642848203506,-2.313260882042396,-0.0583276256034829,-2.327490271584171,1.5680960696901152,-0.6960736211097268,-0.24871105056996873,0.33799534022647626,0.3991174355965787,-2.17708571205149,-2.2461374402706284,-0.00201936900654698
3.033333333333336,-3.80642848203506,-2.313260882042396,-0.0583276256034828,-2.327490271584171,1.5680960696901152,-0.6960736211097258,-0.24871105056996867,0.33799534022647626,0.3991174355965787,-2.177085712051491,-2.246137440270627,-0.0020193690065470732
3.0375000000000023,-3.80642848203506,-2.313260882042396,-0.0583276256034828,-2.327490271584171,1.5680960696901152,-0.6960736211097248,-0.24871105056996867,0.33799534022647626,0.3991174355965787,-2.1770857120514924,-2.2461374402706262,-0.002019369006547063
3.041666666666669,-3.80642848203506,-2.313260882042396,-0.0583276256034827,-2.3274902715841708,1.5680960696901152,-0.6960736211097239,-0.2487110505699687,0.3379953402264762,0.3991174355965788,-2.177085712051493,-2.246137440270625,-0.0020193690065469405
3.0458333333333356,-3.80642848203506,-2.313260882042396,-0.0583276256034826,-2.3274902715841708,1.5680960696901152,-0.6960736211097229,-0.2487110505699687,0.3379953402264762,0.3991174355965788,-2.1770857120514937,-2.246137440270624,-0.002019369006546877
3.0500000000000025,-3.80642848203506,-2.313260882042396,-0.0583276256034826,-2.3274902715841708,1.5680960696901152,-0.6960736211097219,-0.2487110505699687,0.3379953402264762,0.3991174355965788,-2.177085712051495,-2.2461374402706222,-0.002019369006546867
3.0541666666666694,-3.80642848203506,-2.313260882042396,-0.0583276256034825,-2.3274902715841703,1.5680960696901152,-0.6960736211097209,-0.24871105056996873,0.33799534022647626,0.3991174355965789,-2.1770857120514955,-2.246137440270621,-0.0020193690065468018
3.058333333333336,-3.80642848203506,-2.313260882042396,-0.0583276256034825,-2.3274902715841703,1.5680960696901152,-0.6960736211097199,-0.24871105056996873,0.33799534022647626,0.3991174355965789,-2.1770857120514973,-2.2461374402706196,-0.002019369006546789
3.0625000000000027,-3.80642848203506,-2.313260882042396,-0.0583276256034824,-2.32749027158417,1.5680960696901152,-0.6960736211097189,-0.24871105056996876,0.33799534022647626,0.3991174355965789,-2.1770857120514973,-2.2461374402706187,-0.002019369006546716
3.066666666666669,-3.80642848203506,-2.313260882042396,-0.0583276256034824,-2.32749027158417,1.5680960696901152,-0.6960736211097179,-0.24871105056996876,0.33799534022647626,0.3991174355965789,-2.1770857120514986,-2.246137440270618,-0.002019369006546704
3.070833333333336,-3.80642848203506,-2.313260882042396,-0.0583276256034823,-2.327490271584169,1.5680960696901152,-0.6960736211097169,-0.24871105056996884,0.33799534022647626,0.39911743559657903,-2.177085712051499,-2.2461374402706156,-0.0020193690065464414
3.0750000000000024,-3.80642848203506,-2.313260882042396,-0.0583276256034823,-2.327490271584169,1.5680960696901152,-0.6960736211097159,-0.24871105056996884,0.33799534022647626,0.39911743559657903,-2.1770857120515004,-2.2461374402706147,-0.0020193690065464314
3.0791666666666693,-3.80642848203506,-2.313260882042396,-0.0583276256034822,-2.327490271584169,1.5680960696901152,-0.696073621109715,-0.24871105056996878,0.33799534022647626,0.39911743559657903,-2.1770857120515017,-2.246137440270614,-0.0020193690065465285
3.0833333333333357,-3.80642848203506,-2.313260882042396,-0.0583276256034822,-2.327490271584169,1.5680960696901152,-0.696073621109714,-0.24871105056996878,0.33799534022647626,0.39911743559657903,-2.177085712051502,-2.2461374402706125,-0.002019369006546518
3.0875000000000026,-3.80642848203506,-2.313260882042396,-0.0583276256034821,-2.3274902715841685,1.5680960696901152,-0.696073621109713,-0.2487110505699688,0.3379953402264763,0.3991174355965791,-2.1770857120515035,-2.2461374402706116,-0.002019369006546385
3.091666666666669,-3.80642848203506,-2.313260882042396,-0.0583276256034821,-2.3274902715841685,1.5680960696901152,-0.696073621109712,-0.2487110505699688,0.3379953402264763,0.3991174355965791,-2.1770857120515044,-2.24613744027061,-0.002019369006546374
3.095833333333336,-3.80642848203506,-2.313260882042396,-0.058327625603482,-2.3274902715841685,1.5680960696901152,-0.696073621109711,-0.24871105056996884,0.3379953402264763,0.3991174355965791,-2.1770857120515053,-2.246137440270609,-0.002019369006546405
3.1000000000000028,-3.80642848203506,-2.313260882042396,-0.058327625603482,-2.327490271584168,1.5680960696901152,-0.6960736211097102,-0.24871105056996887,0.3379953402264763,0.39911743559657914,-2.177085712051506,-2.2461374402706076,-0.002019369006546194
3.104166666666669,-3.80642848203506,-2.313260882042396,-0.0583276256034819,-2.327490271584168,1.5680960696901152,-0.6960736211097092,-0.2487110505699688,0.3379953402264763,0.3991174355965792,-2.177085712051507,-2.246137440270606,-0.0020193690065461838
3.108333333333336,-3.80642848203506,-2.313260882042396,-0.0583276256034819,-2.327490271584168,1.5680960696901152,-0.6960736211097083,-0.2487110505699688,0.3379953402264763,0.3991174355965792,-2.1770857120515084,-2.246137440270606,-0.0020193690065461755
3.1125000000000025,-3.80642848203506,-2.313260882042396,-0.0583276256034818,-2.327490271584168,1.5680960696901152,-0.6960736211097073,-0.2487110505699688,0.33799534022647637,0.39911743559657925,-2.1770857120515092,-2.246137440270604,-0.00201936900654611
3.1166666666666694,-3.80642848203506,-2.313260882042396,-0.0583276256034817,-2.327490271584167,1.5680960696901152,-0.6960736211097064,-0.24871105056996887,0.33799534022647637,0.39911743559657936,-2.1770857120515092,-2.2461374402706022,-0.0020193690065459843
3.120833333333336,-3.80642848203506,-2.313260882042396,-0.0583276256034817,-2.327490271584167,1.5680960696901152,-0.6960736211097053,-0.24871105056996887,0.33799534022647637,0.39911743559657936,-2.1770857120515106,-2.246137440270601,-0.0020193690065459713
3.1250000000000027,-3.80642848203506,-2.313260882042396,-0.0583276256034816,-2.3274902715841668,1.5680960696901152,-0.6960736211097044,-0.24871105056996892,0.3379953402264764,0.39911743559657936,-2.1770857120515115,-2.2461374402705996,-0.0020193690065459665
3.129166666666669,-3.80642848203506,-2.313260882042396,-0.0583276256034816,-2.3274902715841668,1.5680960696901152,-0.6960736211097034,-0.24871105056996892,0.3379953402264764,0.39911743559657936,-2.1770857120515124,-2.2461374402705987,-0.0020193690065459565
3.133333333333336,-3.80642848203506,-2.313260882042396,-0.0583276256034815,-2.3274902715841663,1.5680960696901152,-0.6960736211097025,-0.24871105056996895,0.3379953402264765,0.3991174355965794,-2.177085712051513,-2.246137440270597,-0.0020193690065459413
3.1375000000000024,-3.80642848203506,-2.313260882042396,-0.0583276256034815,-2.3274902715841663,1.5680960696901152,-0.6960736211097014,-0.24871105056996895,0.3379953402264765,0.3991174355965794,-2.177085712051514,-2.2461374402705965,-0.002019369006545931
3.1416666666666693,-3.80642848203506,-2.313260882042396,-0.0583276256034814,-2.3274902715841663,1.5680960696901152,-0.6960736211097004,-0.24871105056996895,0.3379953402264764,0.3991174355965795,-2.177085712051516,-2.246137440270595,-0.0020193690065458073
3.1458333333333357,-3.80642848203506,-2.313260882042396,-0.0583276256034814,-2.327490271584166,1.5680960696901152,-0.6960736211096994,-0.24871105056996898,0.3379953402264764,0.39911743559657953,-2.1770857120515164,-2.246137440270594,-0.002019369006545748
3.1500000000000026,-3.80642848203506,-2.313260882042396,-0.0583276256034813,-2.327490271584165,1.5680960696901152,-0.6960736211096985,-0.24871105056996906,0.3379953402264765,0.3991174355965796,-2.177085712051517,-2.246137440270592,-0.0020193690065455744
3.1541666666666694,-3.80642848203506,-2.313260882042396,-0.0583276256034813,-2.327490271584165,1.5680960696901152,-0.6960736211096975,-0.24871105056996906,0.3379953402264765,0.3991174355965796,-2.1770857120515177,-2.2461374402705907,-0.002019369006545564
3.158333333333336,-3.80642848203506,-2.313260882042396,-0.0583276256034812,-2.327490271584165,1.5680960696901152,-0.6960736211096965,-0.248711050569969,0.3379953402264765,0.39911743559657964,-2.1770857120515186,-2.24613744027059,-0.0020193690065455554
3.1625000000000028,-3.80642848203506,-2.313260882042396,-0.0583276256034812,-2.327490271584165,1.5680960696901152,-0.6960736211096956,-0.248711050569969,0.3379953402264765,0.39911743559657964,-2.17708571205152,-2.246137440270589,-0.0020193690065455454
3.166666666666669,-3.80642848203506,-2.313260882042396,-0.0583276256034811,-2.3274902715841645,1.5680960696901152,-0.6960736211096947,-0.24871105056996903,0.3379953402264765,0.3991174355965797,-2.1770857120515203,-2.2461374402705876,-0.0020193690065454357
3.170833333333336,-3.80642848203506,-2.3132608820423965,-0.058327625603481,-2.3274902715841645,1.5680960696901152,-0.6960736211096937,-0.2487110505699691,0.33799534022647654,0.3991174355965796,-2.177085712051522,-2.2461374402705867,-0.002019369006545437
3.1750000000000025,-3.80642848203506,-2.3132608820423965,-0.058327625603481,-2.327490271584164,1.5680960696901152,-0.6960736211096928,-0.24871105056996912,0.3379953402264766,0.39911743559657964,-2.177085712051522,-2.246137440270585,-0.0020193690065453203
3.1791666666666694,-3.80642848203506,-2.3132608820423965,-0.0583276256034809,-2.327490271584164,1.5680960696901152,-0.6960736211096918,-0.24871105056996912,0.3379953402264766,0.3991174355965797,-2.1770857120515226,-2.246137440270584,-0.0020193690065452756
3.183333333333336,-3.80642848203506,-2.3132608820423965,-0.0583276256034809,-2.327490271584164,1.5680960696901152,-0.6960736211096908,-0.24871105056996912,0.3379953402264766,0.3991174355965797,-2.1770857120515243,-2.246137440270583,-0.0020193690065452657
3.1875000000000027,-3.80642848203506,-2.3132608820423965,-0.0583276256034808,-2.327490271584164,1.5680960696901152,-0.6960736211096897,-0.24871105056996912,0.3379953402264766,0.39911743559657975,-2.1770857120515257,-2.246137440270582,-0.0020193690065452947
3.191666666666669,-3.80642848203506,-2.3132608820423965,-0.0583276256034808,-2.327490271584164,1.5680960696901152,-0.6960736211096887,-0.24871105056996912,0.3379953402264766,0.39911743559657975,-2.177085712051527,-2.2461374402705805,-0.002019369006545283
3.195833333333336,-3.80642848203506,-2.3132608820423965,-0.0583276256034807,-2.327490271584164,1.5680960696901152,-0.6960736211096877,-0.24871105056996912,0.3379953402264766,0.39911743559657975,-2.177085712051528,-2.246137440270579,-0.0020193690065452535
3.200000000000003,-3.80642848203506,-2.3132608820423965,-0.0583276256034807,-2.327490271584163,1.5680960696901152,-0.6960736211096867,-0.24871105056996917,0.33799534022647665,0.39911743559657986,-2.1770857120515283,-2.2461374402705774,-0.0020193690065450328
3.2041666666666693,-3.80642848203506,-2.3132608820423965,-0.0583276256034806,-2.3274902715841628,1.5680960696901152,-0.6960736211096858,-0.24871105056996923,0.33799534022647665,0.39911743559657986,-2.1770857120515292,-2.2461374402705765,-0.002019369006544926
3.208333333333336,-3.80642848203506,-2.3132608820423965,-0.0583276256034806,-2.3274902715841628,1.5680960696901152,-0.6960736211096848,-0.24871105056996923,0.33799534022647665,0.39911743559657986,-2.17708571205153,-2.246137440270575,-0.002019369006544915
3.2125000000000026,-3.80642848203506,-2.3132608820423965,-0.0583276256034805,-2.3274902715841623,1.5680960696901152,-0.6960736211096838,-0.24871105056996926,0.33799534022647665,0.3991174355965799,-2.177085712051531,-2.2461374402705743,-0.002019369006544852
3.2166666666666694,-3.80642848203506,-2.3132608820423965,-0.0583276256034805,-2.3274902715841623,1.5680960696901152,-0.6960736211096828,-0.24871105056996926,0.33799534022647665,0.3991174355965799,-2.1770857120515323,-2.246137440270573,-0.0020193690065448415
3.220833333333336,-3.80642848203506,-2.3132608820423965,-0.0583276256034804,-2.327490271584162,1.5680960696901152,-0.696073621109682,-0.24871105056996923,0.33799534022647665,0.39911743559658,-2.1770857120515323,-2.246137440270571,-0.0020193690065447136
3.2250000000000028,-3.80642848203506,-2.3132608820423965,-0.0583276256034804,-2.327490271584162,1.5680960696901152,-0.6960736211096809,-0.24871105056996923,0.33799534022647665,0.39911743559658,-2.1770857120515332,-2.24613744027057,-0.002019369006544701
3.229166666666669,-3.80642848203506,-2.3132608820423965,-0.0583276256034803,-2.327490271584162,1.5680960696901152,-0.6960736211096799,-0.24871105056996923,0.33799534022647665,0.39911743559658,-2.1770857120515346,-2.2461374402705685,-0.0020193690065447942
3.233333333333336,-3.80642848203506,-2.3132608820423965,-0.0583276256034803,-2.327490271584161,1.5680960696901152,-0.696073621109679,-0.24871105056996928,0.3379953402264767,0.3991174355965801,-2.177085712051535,-2.246137440270567,-0.0020193690065446286
3.2375000000000025,-3.80642848203506,-2.3132608820423965,-0.0583276256034802,-2.327490271584161,1.5680960696901152,-0.6960736211096781,-0.2487110505699693,0.3379953402264767,0.39911743559658014,-2.177085712051536,-2.2461374402705667,-0.0020193690065445063
3.2416666666666694,-3.80642848203506,-2.313260882042397,-0.0583276256034802,-2.327490271584161,1.5680960696901152,-0.6960736211096771,-0.2487110505699694,0.33799534022647676,0.3991174355965799,-2.1770857120515377,-2.246137440270566,-0.0020193690065446195
3.245833333333336,-3.80642848203506,-2.313260882042397,-0.0583276256034801,-2.327490271584161,1.5680960696901152,-0.6960736211096762,-0.2487110505699694,0.33799534022647676,0.3991174355965799,-2.1770857120515386,-2.246137440270565,-0.002019369006544452
3.2500000000000027,-3.80642848203506,-2.313260882042397,-0.0583276256034801,-2.327490271584161,1.5680960696901152,-0.6960736211096752,-0.2487110505699694,0.33799534022647676,0.3991174355965799,-2.1770857120515394,-2.2461374402705636,-0.002019369006544444
3.2541666666666695,-3.80642848203506,-2.313260882042397,-0.05832762560348,-2.327490271584161,1.5680960696901152,-0.6960736211096742,-0.2487110505699694,0.33799534022647676,0.3991174355965799,-2.1770857120515403,-2.246137440270562,-0.0020193690065445366
3.258333333333336,-3.80642848203506,-2.313260882042397,-0.05832762560348,-2.327490271584161,1.5680960696901152,-0.6960736211096732,-0.2487110505699694,0.33799534022647676,0.3991174355965799,-2.177085712051541,-2.2461374402705605,-0.0020193690065445267
3.262500000000003,-3.80642848203506,-2.313260882042397,-0.0583276256034799,-2.32749027158416,1.5680960696901152,-0.6960736211096723,-0.24871105056996937,0.3379953402264768,0.39911743559658003,-2.177085712051542,-2.2461374402705596,-0.002019369006544353
3.2666666666666693,-3.80642848203506,-2.313260882042397,-0.0583276256034799,-2.32749027158416,1.5680960696901152,-0.6960736211096713,-0.24871105056996937,0.3379953402264768,0.39911743559658003,-2.177085712051543,-2.2461374402705587,-0.002019369006544343
3.270833333333336,-3.80642848203506,-2.313260882042397,-0.0583276256034798,-2.32749027158416,1.5680960696901152,-0.6960736211096703,-0.2487110505699694,0.3379953402264768,0.39911743559658003,-2.1770857120515443,-2.246137440270557,-0.0020193690065442678
3.2750000000000026,-3.80642848203506,-2.313260882042397,-0.0583276256034797,-2.327490271584159,1.5680960696901152,-0.6960736211096694,-0.24871105056996948,0.33799534022647687,0.3991174355965802,-2.1770857120515448,-2.2461374402705556,-0.0020193690065441567
3.2791666666666694,-3.80642848203506,-2.313260882042397,-0.0583276256034797,-2.327490271584159,1.5680960696901154,-0.6960736211096684,-0.24871105056996948,0.33799534022647687,0.3991174355965802,-2.177085712051546,-2.2461374402705547,-0.002019369006543801
3.283333333333336,-3.80642848203506,-2.313260882042397,-0.0583276256034797,-2.327490271584159,1.5680960696901154,-0.6960736211096674,-0.24871105056996948,0.33799534022647687,0.3991174355965802,-2.1770857120515466,-2.246137440270553,-0.0020193690065437907
3.2875000000000028,-3.80642848203506,-2.313260882042397,-0.0583276256034796,-2.3274902715841588,1.5680960696901154,-0.6960736211096665,-0.24871105056996953,0.33799534022647687,0.39911743559658025,-2.177085712051547,-2.246137440270552,-0.002019369006543685
3.291666666666669,-3.80642848203506,-2.313260882042397,-0.0583276256034795,-2.3274902715841588,1.5680960696901154,-0.6960736211096655,-0.24871105056996953,0.3379953402264768,0.3991174355965803,-2.1770857120515488,-2.2461374402705507,-0.002019369006543654
3.295833333333336,-3.80642848203506,-2.313260882042397,-0.0583276256034795,-2.3274902715841588,1.5680960696901154,-0.6960736211096645,-0.24871105056996953,0.3379953402264768,0.3991174355965803,-2.177085712051549,-2.2461374402705494,-0.0020193690065436415
3.3000000000000025,-3.80642848203506,-2.313260882042397,-0.0583276256034794,-2.3274902715841583,1.5680960696901154,-0.6960736211096635,-0.24871105056996956,0.3379953402264768,0.3991174355965803,-2.17708571205155,-2.2461374402705485,-0.0020193690065434663
3.3041666666666694,-3.80642848203506,-2.313260882042397,-0.0583276256034794,-2.3274902715841583,1.5680960696901154,-0.6960736211096625,-0.24871105056996956,0.3379953402264768,0.3991174355965803,-2.177085712051551,-2.246137440270547,-0.002019369006543456
3.3083333333333362,-3.80642848203506,-2.313260882042397,-0.0583276256034793,-2.327490271584158,1.5680960696901154,-0.6960736211096615,-0.2487110505699696,0.33799534022647687,0.39911743559658036,-2.1770857120515514,-2.2461374402705454,-0.0020193690065435023
3.3125000000000027,-3.80642848203506,-2.313260882042397,-0.0583276256034793,-2.327490271584157,1.5680960696901154,-0.6960736211096606,-0.24871105056996967,0.3379953402264769,0.39911743559658047,-2.1770857120515523,-2.246137440270544,-0.002019369006543338
3.3166666666666695,-3.80642848203506,-2.313260882042397,-0.0583276256034792,-2.327490271584157,1.5680960696901154,-0.6960736211096596,-0.24871105056996962,0.3379953402264769,0.39911743559658047,-2.1770857120515537,-2.2461374402705427,-0.002019369006543273
3.320833333333336,-3.80642848203506,-2.313260882042397,-0.0583276256034792,-2.327490271584157,1.5680960696901154,-0.6960736211096588,-0.24871105056996962,0.3379953402264769,0.39911743559658047,-2.177085712051555,-2.2461374402705423,-0.0020193690065432647
3.325000000000003,-3.80642848203506,-2.313260882042397,-0.0583276256034791,-2.327490271584157,1.5680960696901156,-0.6960736211096576,-0.24871105056996962,0.33799534022647687,0.39911743559658047,-2.1770857120515554,-2.2461374402705405,-0.0020193690065427967
3.3291666666666693,-3.80642848203506,-2.313260882042397,-0.0583276256034791,-2.327490271584157,1.5680960696901156,-0.6960736211096568,-0.24871105056996962,0.33799534022647687,0.39911743559658047,-2.1770857120515563,-2.246137440270539,-0.002019369006542786
3.333333333333336,-3.80642848203506,-2.313260882042397,-0.058327625603479,-2.327490271584157,1.5680960696901156,-0.6960736211096558,-0.24871105056996962,0.33799534022647687,0.3991174355965805,-2.177085712051558,-2.246137440270538,-0.002019369006542776
3.3375000000000026,-3.80642848203506,-2.313260882042397,-0.058327625603479,-2.327490271584157,1.5680960696901156,-0.6960736211096548,-0.24871105056996962,0.33799534022647687,0.3991174355965805,-2.177085712051559,-2.2461374402705374,-0.0020193690065427672
3.3416666666666694,-3.80642848203506,-2.313260882042397,-0.0583276256034789,-2.327490271584157,1.5680960696901156,-0.6960736211096538,-0.2487110505699696,0.33799534022647687,0.3991174355965805,-2.17708571205156,-2.2461374402705365,-0.0020193690065427967
3.345833333333336,-3.80642848203506,-2.313260882042397,-0.0583276256034788,-2.327490271584156,1.5680960696901156,-0.6960736211096528,-0.24871105056996964,0.3379953402264769,0.3991174355965807,-2.1770857120515603,-2.2461374402705343,-0.002019369006542616
3.3500000000000028,-3.80642848203506,-2.313260882042397,-0.0583276256034788,-2.327490271584156,1.5680960696901156,-0.6960736211096518,-0.24871105056996964,0.3379953402264769,0.3991174355965807,-2.1770857120515617,-2.2461374402705334,-0.0020193690065426055
3.3541666666666696,-3.80642848203506,-2.313260882042397,-0.0583276256034787,-2.327490271584156,1.5680960696901156,-0.6960736211096509,-0.24871105056996964,0.3379953402264769,0.3991174355965807,-2.1770857120515625,-2.2461374402705325,-0.002019369006542608
3.358333333333336,-3.80642848203506,-2.313260882042397,-0.0583276256034787,-2.327490271584156,1.5680960696901156,-0.6960736211096499,-0.24871105056996964,0.3379953402264769,0.3991174355965807,-2.177085712051564,-2.246137440270531,-0.002019369006542596
3.362500000000003,-3.80642848203506,-2.313260882042397,-0.0583276256034786,-2.3274902715841552,1.5680960696901156,-0.6960736211096489,-0.2487110505699697,0.337995340226477,0.39911743559658075,-2.177085712051564,-2.2461374402705294,-0.0020193690065423387
3.3666666666666694,-3.80642848203506,-2.313260882042397,-0.0583276256034786,-2.327490271584155,1.5680960696901156,-0.696073621109648,-0.24871105056996973,0.337995340226477,0.3991174355965808,-2.1770857120515648,-2.246137440270528,-0.0020193690065423227
3.3708333333333362,-3.80642848203506,-2.313260882042397,-0.0583276256034785,-2.327490271584155,1.5680960696901156,-0.696073621109647,-0.2487110505699697,0.337995340226477,0.3991174355965808,-2.1770857120515656,-2.246137440270527,-0.002019369006542292
3.3750000000000027,-3.80642848203506,-2.313260882042397,-0.0583276256034784,-2.327490271584155,1.5680960696901156,-0.696073621109646,-0.24871105056996975,0.337995340226477,0.3991174355965808,-2.1770857120515665,-2.246137440270526,-0.0020193690065422316
3.3791666666666695,-3.80642848203506,-2.313260882042397,-0.0583276256034784,-2.327490271584155,1.5680960696901156,-0.696073621109645,-0.24871105056996975,0.337995340226477,0.3991174355965808,-2.177085712051568,-2.2461374402705245,-0.0020193690065422217
3.383333333333336,-3.80642848203506,-2.313260882042397,-0.0583276256034783,-2.3274902715841543,1.5680960696901156,-0.696073621109644,-0.2487110505699697,0.337995340226477,0.39911743559658086,-2.1770857120515688,-2.246137440270523,-0.0020193690065422017
3.387500000000003,-3.80642848203506,-2.313260882042397,-0.0583276256034783,-2.327490271584154,1.5680960696901156,-0.6960736211096431,-0.24871105056996973,0.337995340226477,0.3991174355965809,-2.1770857120515696,-2.246137440270522,-0.0020193690065420833
3.3916666666666693,-3.80642848203506,-2.313260882042397,-0.0583276256034782,-2.327490271584154,1.5680960696901156,-0.6960736211096421,-0.24871105056996975,0.337995340226477,0.39911743559658097,-2.1770857120515705,-2.2461374402705205,-0.0020193690065419766
3.395833333333336,-3.80642848203506,-2.313260882042397,-0.0583276256034782,-2.327490271584153,1.5680960696901156,-0.6960736211096411,-0.2487110505699698,0.33799534022647704,0.399117435596581,-2.177085712051571,-2.246137440270519,-0.0020193690065418504
3.4000000000000026,-3.80642848203506,-2.313260882042398,-0.0583276256034781,-2.327490271584153,1.5680960696901156,-0.6960736211096401,-0.24871105056997,0.3379953402264772,0.39911743559658075,-2.1770857120515728,-2.2461374402705188,-0.002019369006542069
3.4041666666666694,-3.80642848203506,-2.313260882042398,-0.0583276256034781,-2.327490271584153,1.5680960696901156,-0.6960736211096392,-0.24871105056997,0.3379953402264772,0.39911743559658075,-2.1770857120515736,-2.246137440270518,-0.0020193690065420608
3.4083333333333363,-3.80642848203506,-2.313260882042398,-0.058327625603478,-2.327490271584153,1.5680960696901156,-0.6960736211096382,-0.24871105056996995,0.3379953402264772,0.3991174355965808,-2.177085712051575,-2.246137440270516,-0.0020193690065420595
3.4125000000000028,-3.80642848203506,-2.313260882042398,-0.058327625603478,-2.327490271584153,1.5680960696901156,-0.6960736211096372,-0.24871105056996995,0.3379953402264772,0.3991174355965808,-2.177085712051576,-2.246137440270515,-0.0020193690065420486
3.4166666666666696,-3.80642848203506,-2.313260882042398,-0.0583276256034779,-2.327490271584153,1.5680960696901156,-0.6960736211096362,-0.24871105056996995,0.3379953402264772,0.39911743559658086,-2.177085712051577,-2.2461374402705143,-0.002019369006541943
3.420833333333336,-3.80642848203506,-2.313260882042398,-0.0583276256034779,-2.327490271584153,1.5680960696901156,-0.6960736211096352,-0.24871105056996995,0.3379953402264772,0.39911743559658086,-2.1770857120515776,-2.246137440270513,-0.0020193690065419337
3.425000000000003,-3.80642848203506,-2.313260882042398,-0.0583276256034778,-2.327490271584152,1.5680960696901156,-0.6960736211096343,-0.24871105056997003,0.33799534022647726,0.3991174355965809,-2.177085712051578,-2.2461374402705117,-0.002019369006541762
3.4291666666666694,-3.80642848203506,-2.313260882042398,-0.0583276256034777,-2.327490271584152,1.5680960696901156,-0.6960736211096334,-0.24871105056997003,0.33799534022647726,0.3991174355965809,-2.177085712051579,-2.24613744027051,-0.0020193690065416397
3.4333333333333362,-3.80642848203506,-2.313260882042398,-0.0583276256034777,-2.327490271584152,1.5680960696901156,-0.6960736211096326,-0.24871105056997003,0.33799534022647726,0.3991174355965809,-2.1770857120515803,-2.2461374402705094,-0.0020193690065416292
3.4375000000000027,-3.80642848203506,-2.313260882042398,-0.0583276256034776,-2.327490271584152,1.5680960696901156,-0.6960736211096316,-0.24871105056997003,0.33799534022647726,0.39911743559658097,-2.1770857120515807,-2.246137440270508,-0.0020193690065416813
3.4416666666666695,-3.80642848203506,-2.313260882042398,-0.0583276256034776,-2.327490271584152,1.5680960696901156,-0.6960736211096306,-0.24871105056997003,0.33799534022647726,0.39911743559658097,-2.177085712051582,-2.2461374402705068,-0.002019369006541671
3.445833333333336,-3.80642848203506,-2.313260882042398,-0.0583276256034775,-2.327490271584152,1.5680960696901156,-0.6960736211096296,-0.24871105056997003,0.33799534022647726,0.399117435596581,-2.1770857120515834,-2.2461374402705063,-0.002019369006541638
3.450000000000003,-3.80642848203506,-2.313260882042398,-0.0583276256034775,-2.3274902715841512,1.5680960696901156,-0.6960736211096287,-0.2487110505699701,0.3379953402264773,0.3991174355965811,-2.177085712051584,-2.2461374402705045,-0.0020193690065414796
3.4541666666666697,-3.80642848203506,-2.313260882042398,-0.0583276256034774,-2.327490271584151,1.5680960696901156,-0.6960736211096277,-0.24871105056997014,0.33799534022647726,0.3991174355965812,-2.1770857120515843,-2.246137440270503,-0.002019369006541314
3.458333333333336,-3.80642848203506,-2.313260882042398,-0.0583276256034774,-2.327490271584151,1.5680960696901158,-0.6960736211096267,-0.24871105056997014,0.33799534022647726,0.3991174355965812,-2.1770857120515856,-2.246137440270502,-0.002019369006540958
3.462500000000003,-3.80642848203506,-2.313260882042398,-0.0583276256034773,-2.3274902715841503,1.5680960696901158,-0.6960736211096258,-0.24871105056997017,0.33799534022647726,0.39911743559658125,-2.1770857120515865,-2.246137440270501,-0.0020193690065409436
3.4666666666666694,-3.80642848203506,-2.313260882042398,-0.0583276256034773,-2.3274902715841503,1.5680960696901158,-0.6960736211096248,-0.24871105056997017,0.33799534022647726,0.39911743559658125,-2.1770857120515874,-2.246137440270499,-0.0020193690065409328
3.4708333333333363,-3.80642848203506,-2.313260882042398,-0.0583276256034772,-2.3274902715841503,1.5680960696901158,-0.6960736211096238,-0.24871105056997014,0.33799534022647726,0.39911743559658125,-2.177085712051588,-2.2461374402704983,-0.0020193690065408603
3.4750000000000028,-3.80642848203506,-2.3132608820423983,-0.0583276256034772,-2.32749027158415,1.5680960696901158,-0.6960736211096228,-0.2487110505699703,0.3379953402264774,0.399117435596581,-2.177085712051589,-2.246137440270497,-0.00201936900654088
3.4791666666666696,-3.80642848203506,-2.3132608820423983,-0.0583276256034771,-2.327490271584149,1.5680960696901158,-0.6960736211096219,-0.2487110505699703,0.33799534022647737,0.3991174355965811,-2.1770857120515896,-2.2461374402704957,-0.0020193690065407025
3.483333333333336,-3.80642848203506,-2.3132608820423983,-0.0583276256034771,-2.327490271584149,1.5680960696901158,-0.696073621109621,-0.2487110505699703,0.33799534022647737,0.3991174355965811,-2.177085712051591,-2.2461374402704943,-0.0020193690065406942
3.487500000000003,-3.80642848203506,-2.3132608820423983,-0.058327625603477,-2.327490271584149,1.5680960696901158,-0.69607362110962,-0.24871105056997028,0.33799534022647737,0.39911743559658114,-2.177085712051592,-2.246137440270494,-0.0020193690065407255
3.4916666666666694,-3.80642848203506,-2.3132608820423983,-0.058327625603477,-2.327490271584149,1.5680960696901158,-0.696073621109619,-0.24871105056997028,0.33799534022647737,0.39911743559658114,-2.1770857120515927,-2.2461374402704926,-0.0020193690065407146
3.4958333333333362,-3.80642848203506,-2.3132608820423983,-0.0583276256034769,-2.327490271584149,1.5680960696901158,-0.6960736211096181,-0.24871105056997028,0.3379953402264774,0.39911743559658114,-2.1770857120515945,-2.2461374402704912,-0.002019369006540703
3.5000000000000027,-3.80642848203506,-2.3132608820423983,-0.0583276256034769,-2.327490271584149,1.5680960696901158,-0.6960736211096171,-0.24871105056997028,0.3379953402264774,0.39911743559658114,-2.177085712051595,-2.24613744027049,-0.0020193690065406925
3.5041666666666695,-3.80642848203506,-2.3132608820423983,-0.0583276256034768,-2.327490271584149,1.5680960696901158,-0.6960736211096162,-0.24871105056997028,0.3379953402264774,0.39911743559658125,-2.1770857120515963,-2.2461374402704894,-0.0020193690065405685
3.5083333333333364,-3.80642848203506,-2.3132608820423983,-0.0583276256034768,-2.327490271584149,1.5680960696901158,-0.6960736211096152,-0.24871105056997028,0.3379953402264774,0.39911743559658125,-2.1770857120515976,-2.246137440270488,-0.002019369006540558
3.512500000000003,-3.80642848203506,-2.3132608820423983,-0.0583276256034767,-2.327490271584149,1.5680960696901158,-0.6960736211096142,-0.24871105056997025,0.3379953402264774,0.39911743559658125,-2.1770857120515976,-2.2461374402704863,-0.0020193690065405624
3.5166666666666697,-3.80642848203506,-2.3132608820423983,-0.0583276256034767,-2.327490271584148,1.5680960696901158,-0.6960736211096133,-0.2487110505699703,0.3379953402264775,0.3991174355965813,-2.177085712051598,-2.246137440270485,-0.002019369006540393
3.520833333333336,-3.80642848203506,-2.3132608820423983,-0.0583276256034766,-2.327490271584148,1.5680960696901158,-0.6960736211096124,-0.2487110505699703,0.3379953402264775,0.3991174355965813,-2.1770857120515994,-2.246137440270484,-0.002019369006540424
3.525000000000003,-3.80642848203506,-2.3132608820423983,-0.0583276256034766,-2.327490271584148,1.5680960696901158,-0.6960736211096114,-0.2487110505699703,0.3379953402264775,0.3991174355965813,-2.1770857120516007,-2.2461374402704832,-0.0020193690065404136
3.5291666666666694,-3.80642848203506,-2.3132608820423983,-0.0583276256034765,-2.3274902715841472,1.5680960696901158,-0.6960736211096105,-0.24871105056997034,0.33799534022647754,0.3991174355965814,-2.1770857120516007,-2.246137440270481,-0.0020193690065401304
3.5333333333333363,-3.80642848203506,-2.3132608820423983,-0.0583276256034765,-2.3274902715841472,1.5680960696901158,-0.6960736211096095,-0.24871105056997034,0.33799534022647754,0.3991174355965814,-2.1770857120516016,-2.2461374402704806,-0.00201936900654012
3.5375000000000028,-3.80642848203506,-2.3132608820423983,-0.0583276256034764,-2.327490271584147,1.5680960696901158,-0.6960736211096086,-0.24871105056997042,0.3379953402264775,0.39911743559658147,-2.177085712051603,-2.2461374402704792,-0.002019369006540166
3.5416666666666696,-3.80642848203506,-2.3132608820423983,-0.0583276256034763,-2.327490271584147,1.5680960696901158,-0.6960736211096077,-0.2487110505699704,0.3379953402264775,0.39911743559658147,-2.1770857120516034,-2.246137440270478,-0.0020193690065400437
3.545833333333336,-3.80642848203506,-2.3132608820423988,-0.0583276256034763,-2.327490271584147,1.5680960696901158,-0.6960736211096067,-0.2487110505699705,0.3379953402264776,0.3991174355965813,-2.1770857120516047,-2.246137440270477,-0.002019369006540113
3.550000000000003,-3.80642848203506,-2.3132608820423988,-0.0583276256034762,-2.3274902715841463,1.5680960696901158,-0.6960736211096058,-0.24871105056997048,0.3379953402264776,0.39911743559658136,-2.1770857120516056,-2.2461374402704757,-0.002019369006539944
3.5541666666666694,-3.80642848203506,-2.3132608820423988,-0.0583276256034762,-2.3274902715841463,1.568096069690116,-0.6960736211096048,-0.24871105056997048,0.3379953402264776,0.39911743559658136,-2.1770857120516065,-2.246137440270475,-0.002019369006539588
3.5583333333333362,-3.80642848203506,-2.3132608820423988,-0.0583276256034761,-2.3274902715841463,1.568096069690116,-0.6960736211096038,-0.2487110505699705,0.33799534022647754,0.3991174355965814,-2.1770857120516083,-2.2461374402704735,-0.0020193690065395714
3.562500000000003,-3.80642848203506,-2.3132608820423988,-0.058327625603476,-2.327490271584146,1.568096069690116,-0.6960736211096029,-0.24871105056997053,0.33799534022647754,0.39911743559658147,-2.1770857120516087,-2.246137440270472,-0.002019369006539512
3.5666666666666695,-3.80642848203506,-2.3132608820423988,-0.058327625603476,-2.327490271584145,1.568096069690116,-0.696073621109602,-0.2487110505699706,0.3379953402264776,0.3991174355965815,-2.1770857120516087,-2.246137440270471,-0.0020193690065393455
3.5708333333333364,-3.80642848203506,-2.3132608820423988,-0.0583276256034759,-2.327490271584145,1.568096069690116,-0.696073621109601,-0.24871105056997062,0.3379953402264776,0.3991174355965816,-2.1770857120516105,-2.24613744027047,-0.002019369006539332
3.575000000000003,-3.80642848203506,-2.3132608820423988,-0.0583276256034759,-2.327490271584145,1.568096069690116,-0.6960736211096001,-0.24871105056997062,0.3379953402264776,0.3991174355965816,-2.177085712051611,-2.2461374402704686,-0.002019369006539321
3.5791666666666697,-3.80642848203506,-2.3132608820423988,-0.0583276256034758,-2.327490271584145,1.568096069690116,-0.6960736211095991,-0.24871105056997062,0.3379953402264776,0.39911743559658164,-2.177085712051612,-2.246137440270467,-0.0020193690065391534
3.583333333333336,-3.80642848203506,-2.3132608820423988,-0.0583276256034758,-2.327490271584145,1.568096069690116,-0.6960736211095983,-0.24871105056997062,0.3379953402264776,0.39911743559658164,-2.1770857120516127,-2.246137440270466,-0.0020193690065391447
3.587500000000003,-3.80642848203506,-2.3132608820423988,-0.0583276256034757,-2.327490271584145,1.568096069690116,-0.6960736211095973,-0.24871105056997056,0.33799534022647765,0.39911743559658164,-2.1770857120516136,-2.2461374402704655,-0.0020193690065391737
3.5916666666666694,-3.80642848203506,-2.3132608820423988,-0.0583276256034757,-2.327490271584144,1.568096069690116,-0.6960736211095964,-0.24871105056997062,0.33799534022647765,0.3991174355965817,-2.1770857120516145,-2.2461374402704637,-0.0020193690065389556
3.5958333333333363,-3.80642848203506,-2.3132608820423988,-0.0583276256034756,-2.327490271584144,1.568096069690116,-0.6960736211095954,-0.24871105056997064,0.33799534022647765,0.3991174355965817,-2.177085712051616,-2.2461374402704624,-0.002019369006539051
3.6000000000000028,-3.80642848203506,-2.3132608820423988,-0.0583276256034756,-2.327490271584144,1.568096069690116,-0.6960736211095945,-0.24871105056997064,0.33799534022647765,0.3991174355965817,-2.1770857120516167,-2.246137440270461,-0.00201936900653904
3.6041666666666696,-3.80642848203506,-2.3132608820423988,-0.0583276256034755,-2.327490271584144,1.568096069690116,-0.6960736211095936,-0.24871105056997062,0.3379953402264777,0.3991174355965817,-2.1770857120516176,-2.24613744027046,-0.0020193690065390714
3.6083333333333365,-3.80642848203506,-2.3132608820423988,-0.0583276256034755,-2.327490271584144,1.568096069690116,-0.6960736211095926,-0.24871105056997062,0.3379953402264777,0.3991174355965817,-2.177085712051619,-2.2461374402704593,-0.0020193690065390614
3.612500000000003,-3.80642848203506,-2.3132608820423988,-0.0583276256034754,-2.3274902715841432,1.568096069690116,-0.6960736211095917,-0.2487110505699707,0.33799534022647776,0.39911743559658186,-2.1770857120516194,-2.246137440270458,-0.0020193690065387977
3.61666666666667,-3.80642848203506,-2.3132608820423988,-0.0583276256034753,-2.3274902715841432,1.568096069690116,-0.6960736211095907,-0.24871105056997073,0.3379953402264777,0.39911743559658186,-2.17708571205162,-2.246137440270457,-0.002019369006538832
3.6208333333333362,-3.80642848203506,-2.3132608820423988,-0.0583276256034753,-2.327490271584143,1.568096069690116,-0.6960736211095898,-0.24871105056997075,0.3379953402264777,0.3991174355965819,-2.177085712051621,-2.246137440270455,-0.00201936900653877
3.625000000000003,-3.80642848203506,-2.313260882042399,-0.0583276256034752,-2.327490271584143,1.568096069690116,-0.6960736211095888,-0.24871105056997067,0.33799534022647776,0.39911743559658186,-2.177085712051622,-2.246137440270455,-0.0020193690065388207
3.6291666666666695,-3.80642848203506,-2.313260882042399,-0.0583276256034752,-2.327490271584143,1.568096069690116,-0.6960736211095879,-0.24871105056997067,0.33799534022647776,0.39911743559658186,-2.177085712051623,-2.246137440270453,-0.002019369006538812
3.6333333333333364,-3.80642848203506,-2.313260882042399,-0.0583276256034751,-2.3274902715841423,1.568096069690116,-0.696073621109587,-0.2487110505699707,0.33799534022647776,0.39911743559658186,-2.1770857120516243,-2.2461374402704526,-0.002019369006538681
3.637500000000003,-3.80642848203506,-2.313260882042399,-0.0583276256034751,-2.3274902715841423,1.568096069690116,-0.696073621109586,-0.2487110505699707,0.33799534022647776,0.39911743559658186,-2.177085712051625,-2.2461374402704517,-0.0020193690065386724
3.6416666666666697,-3.80642848203506,-2.313260882042399,-0.058327625603475,-2.327490271584142,1.568096069690116,-0.6960736211095852,-0.24871105056997075,0.3379953402264778,0.39911743559658197,-2.1770857120516256,-2.2461374402704504,-0.0020193690065385198
3.645833333333336,-3.80642848203506,-2.313260882042399,-0.058327625603475,-2.327490271584142,1.5680960696901165,-0.6960736211095842,-0.24871105056997075,0.33799534022647776,0.39911743559658197,-2.1770857120516265,-2.2461374402704486,-0.0020193690065378194
3.650000000000003,-3.80642848203506,-2.313260882042399,-0.0583276256034749,-2.327490271584141,1.5680960696901165,-0.6960736211095832,-0.24871105056997084,0.33799534022647776,0.39911743559658197,-2.1770857120516274,-2.2461374402704473,-0.0020193690065377578
3.6541666666666694,-3.80642848203506,-2.313260882042399,-0.0583276256034749,-2.327490271584141,1.5680960696901165,-0.6960736211095822,-0.24871105056997084,0.33799534022647776,0.39911743559658197,-2.1770857120516287,-2.246137440270446,-0.0020193690065377474
3.6583333333333363,-3.80642848203506,-2.313260882042399,-0.0583276256034748,-2.327490271584141,1.5680960696901165,-0.6960736211095812,-0.24871105056997084,0.33799534022647776,0.3991174355965821,-2.1770857120516296,-2.2461374402704446,-0.0020193690065376233
3.662500000000003,-3.80642848203506,-2.313260882042399,-0.0583276256034748,-2.327490271584141,1.5680960696901165,-0.6960736211095803,-0.24871105056997084,0.33799534022647776,0.3991174355965821,-2.1770857120516305,-2.2461374402704437,-0.002019369006537615
3.6666666666666696,-3.80642848203506,-2.313260882042399,-0.0583276256034747,-2.327490271584141,1.5680960696901165,-0.6960736211095793,-0.24871105056997078,0.33799534022647776,0.399117435596582,-2.1770857120516314,-2.246137440270443,-0.0020193690065376173
3.6708333333333365,-3.80642848203506,-2.313260882042399,-0.0583276256034747,-2.327490271584141,1.5680960696901165,-0.6960736211095784,-0.24871105056997078,0.33799534022647776,0.399117435596582,-2.1770857120516323,-2.246137440270442,-0.0020193690065376056
3.675000000000003,-3.80642848203506,-2.313260882042399,-0.0583276256034746,-2.327490271584141,1.5680960696901165,-0.6960736211095774,-0.24871105056997078,0.33799534022647776,0.3991174355965821,-2.177085712051633,-2.2461374402704406,-0.0020193690065375925
3.67916666666667,-3.80642848203506,-2.313260882042399,-0.0583276256034746,-2.32749027158414,1.5680960696901165,-0.6960736211095765,-0.24871105056997084,0.3379953402264778,0.3991174355965822,-2.177085712051634,-2.2461374402704393,-0.002019369006537467
3.6833333333333362,-3.80642848203506,-2.313260882042399,-0.0583276256034745,-2.32749027158414,1.5680960696901165,-0.6960736211095755,-0.24871105056997084,0.33799534022647776,0.3991174355965822,-2.177085712051635,-2.2461374402704375,-0.002019369006537345
3.687500000000003,-3.80642848203506,-2.313260882042399,-0.0583276256034745,-2.32749027158414,1.5680960696901165,-0.6960736211095746,-0.24871105056997084,0.33799534022647776,0.3991174355965822,-2.1770857120516363,-2.246137440270437,-0.0020193690065373367
3.6916666666666695,-3.80642848203506,-2.313260882042399,-0.0583276256034744,-2.3274902715841392,1.5680960696901165,-0.6960736211095737,-0.24871105056997087,0.3379953402264778,0.3991174355965823,-2.1770857120516363,-2.246137440270435,-0.0020193690065372703
3.6958333333333364,-3.80642848203506,-2.3132608820424,-0.0583276256034744,-2.3274902715841392,1.5680960696901165,-0.6960736211095727,-0.2487110505699711,0.337995340226478,0.39911743559658197,-2.177085712051638,-2.246137440270435,-0.002019369006537249
3.700000000000003,-3.80642848203506,-2.3132608820424,-0.0583276256034743,-2.327490271584139,1.5680960696901165,-0.6960736211095718,-0.24871105056997111,0.33799534022647804,0.39911743559658197,-2.1770857120516385,-2.2461374402704335,-0.0020193690065371836
3.7041666666666697,-3.80642848203506,-2.3132608820424,-0.0583276256034743,-2.327490271584139,1.5680960696901165,-0.6960736211095709,-0.24871105056997111,0.33799534022647804,0.39911743559658197,-2.1770857120516394,-2.246137440270432,-0.0020193690065371727
3.7083333333333366,-3.80642848203506,-2.3132608820424,-0.0583276256034742,-2.3274902715841383,1.5680960696901165,-0.69607362110957,-0.2487110505699711,0.337995340226478,0.39911743559658197,-2.1770857120516403,-2.246137440270431,-0.0020193690065371545
3.712500000000003,-3.80642848203506,-2.3132608820424,-0.0583276256034741,-2.3274902715841383,1.5680960696901165,-0.696073621109569,-0.24871105056997111,0.337995340226478,0.3991174355965821,-2.1770857120516416,-2.24613744027043,-0.002019369006537033
3.71666666666667,-3.80642848203506,-2.3132608820424,-0.0583276256034741,-2.3274902715841383,1.5680960696901165,-0.696073621109568,-0.24871105056997111,0.337995340226478,0.3991174355965821,-2.177085712051642,-2.2461374402704286,-0.0020193690065370223
3.7208333333333363,-3.80642848203506,-2.3132608820424,-0.0583276256034741,-2.3274902715841383,1.5680960696901165,-0.696073621109567,-0.24871105056997111,0.337995340226478,0.3991174355965821,-2.1770857120516434,-2.2461374402704273,-0.0020193690065370123
3.725000000000003,-3.80642848203506,-2.3132608820424,-0.058327625603474,-2.3274902715841383,1.5680960696901165,-0.696073621109566,-0.24871105056997111,0.33799534022647804,0.3991174355965821,-2.1770857120516447,-2.2461374402704264,-0.0020193690065370452
3.7291666666666696,-3.80642848203506,-2.3132608820424,-0.0583276256034739,-2.327490271584138,1.5680960696901165,-0.6960736211095652,-0.24871105056997114,0.33799534022647804,0.3991174355965821,-2.177085712051645,-2.246137440270425,-0.002019369006537091
3.7333333333333365,-3.80642848203506,-2.3132608820424,-0.0583276256034739,-2.327490271584137,1.5680960696901165,-0.6960736211095643,-0.2487110505699712,0.3379953402264781,0.3991174355965822,-2.1770857120516456,-2.2461374402704237,-0.0020193690065368744
3.737500000000003,-3.80642848203506,-2.3132608820424,-0.0583276256034738,-2.327490271584137,1.5680960696901165,-0.6960736211095633,-0.2487110505699712,0.33799534022647804,0.3991174355965823,-2.177085712051647,-2.2461374402704224,-0.0020193690065367503
3.74166666666667,-3.80642848203506,-2.3132608820424,-0.0583276256034738,-2.327490271584137,1.5680960696901165,-0.6960736211095623,-0.2487110505699712,0.33799534022647804,0.3991174355965823,-2.177085712051648,-2.246137440270421,-0.002019369006536738
3.7458333333333362,-3.80642848203506,-2.3132608820424,-0.0583276256034737,-2.327490271584137,1.5680960696901165,-0.6960736211095614,-0.24871105056997123,0.33799534022647804,0.3991174355965823,-2.1770857120516487,-2.24613744027042,-0.0020193690065367694
3.750000000000003,-3.80642848203506,-2.3132608820424,-0.0583276256034737,-2.327490271584137,1.5680960696901165,-0.6960736211095605,-0.24871105056997123,0.33799534022647804,0.3991174355965823,-2.17708571205165,-2.2461374402704193,-0.0020193690065367607
3.7541666666666695,-3.80642848203506,-2.3132608820424,-0.0583276256034736,-2.327490271584137,1.5680960696901165,-0.6960736211095595,-0.24871105056997117,0.33799534022647804,0.3991174355965823,-2.1770857120516505,-2.246137440270418,-0.0020193690065368106
3.7583333333333364,-3.80642848203506,-2.3132608820424,-0.0583276256034736,-2.327490271584136,1.5680960696901165,-0.6960736211095586,-0.24871105056997123,0.3379953402264781,0.3991174355965824,-2.1770857120516514,-2.246137440270417,-0.00201936900653665
3.7625000000000033,-3.80642848203506,-2.3132608820424,-0.0583276256034735,-2.327490271584136,1.5680960696901165,-0.6960736211095576,-0.24871105056997123,0.3379953402264781,0.3991174355965824,-2.1770857120516522,-2.2461374402704157,-0.0020193690065366796
3.7666666666666697,-3.80642848203506,-2.3132608820424,-0.0583276256034735,-2.327490271584136,1.5680960696901165,-0.6960736211095567,-0.24871105056997123,0.3379953402264781,0.3991174355965824,-2.177085712051653,-2.246137440270414,-0.002019369006536669
3.7708333333333366,-3.80642848203506,-2.3132608820424,-0.0583276256034734,-2.327490271584136,1.5680960696901165,-0.6960736211095557,-0.24871105056997125,0.3379953402264781,0.3991174355965824,-2.177085712051654,-2.2461374402704135,-0.002019369006536549
3.775000000000003,-3.80642848203506,-2.3132608820424,-0.0583276256034734,-2.327490271584136,1.5680960696901165,-0.6960736211095548,-0.24871105056997125,0.3379953402264781,0.3991174355965824,-2.177085712051656,-2.246137440270412,-0.0020193690065365387
3.77916666666667,-3.80642848203506,-2.3132608820424,-0.0583276256034733,-2.327490271584136,1.5680960696901165,-0.696073621109554,-0.2487110505699712,0.3379953402264781,0.3991174355965824,-2.1770857120516567,-2.246137440270411,-0.002019369006536479
3.7833333333333363,-3.80642848203506,-2.3132608820424,-0.0583276256034733,-2.3274902715841352,1.5680960696901165,-0.6960736211095531,-0.24871105056997125,0.33799534022647815,0.3991174355965824,-2.1770857120516567,-2.2461374402704095,-0.0020193690065364134
3.787500000000003,-3.80642848203506,-2.3132608820424,-0.0583276256034732,-2.3274902715841352,1.5680960696901165,-0.6960736211095522,-0.24871105056997125,0.33799534022647815,0.3991174355965825,-2.1770857120516576,-2.2461374402704086,-0.0020193690065363405
3.7916666666666696,-3.80642848203506,-2.3132608820424,-0.0583276256034732,-2.3274902715841352,1.5680960696901165,-0.6960736211095512,-0.24871105056997125,0.33799534022647815,0.3991174355965825,-2.177085712051659,-2.2461374402704077,-0.0020193690065363284
3.7958333333333365,-3.80642848203506,-2.3132608820424,-0.0583276256034731,-2.327490271584135,1.5680960696901165,-0.6960736211095503,-0.24871105056997128,0.33799534022647815,0.39911743559658264,-2.1770857120516593,-2.246137440270406,-0.002019369006536221
3.800000000000003,-3.80642848203506,-2.3132608820424,-0.0583276256034731,-2.3274902715841344,1.5680960696901165,-0.6960736211095494,-0.2487110505699713,0.33799534022647815,0.39911743559658264,-2.17708571205166,-2.2461374402704046,-0.002019369006536102
3.80416666666667,-3.80642848203506,-2.3132608820424,-0.058327625603473,-2.327490271584134,1.5680960696901165,-0.6960736211095485,-0.24871105056997136,0.3379953402264782,0.39911743559658275,-2.1770857120516607,-2.2461374402704037,-0.002019369006536097
3.8083333333333362,-3.80642848203506,-2.3132608820424,-0.058327625603473,-2.327490271584134,1.5680960696901167,-0.6960736211095475,-0.24871105056997136,0.33799534022647815,0.39911743559658275,-2.1770857120516616,-2.246137440270402,-0.0020193690065357394
3.812500000000003,-3.80642848203506,-2.3132608820424,-0.0583276256034729,-2.327490271584134,1.5680960696901167,-0.6960736211095465,-0.24871105056997136,0.33799534022647815,0.39911743559658275,-2.177085712051663,-2.246137440270401,-0.0020193690065357086
3.81666666666667,-3.80642848203506,-2.3132608820424,-0.0583276256034729,-2.327490271584133,1.5680960696901167,-0.6960736211095456,-0.24871105056997142,0.3379953402264782,0.39911743559658286,-2.177085712051663,-2.2461374402703997,-0.00201936900653551
3.8208333333333364,-3.80642848203506,-2.3132608820424,-0.0583276256034728,-2.327490271584133,1.5680960696901167,-0.6960736211095447,-0.24871105056997145,0.3379953402264782,0.39911743559658286,-2.177085712051664,-2.246137440270399,-0.002019369006535437
3.8250000000000033,-3.80642848203506,-2.3132608820424,-0.0583276256034728,-2.327490271584133,1.5680960696901167,-0.6960736211095437,-0.24871105056997145,0.3379953402264782,0.39911743559658286,-2.177085712051665,-2.2461374402703975,-0.002019369006535425
3.8291666666666697,-3.80642848203506,-2.3132608820424,-0.0583276256034727,-2.327490271584133,1.5680960696901167,-0.6960736211095429,-0.2487110505699714,0.3379953402264782,0.39911743559658286,-2.1770857120516665,-2.2461374402703966,-0.00201936900653546
3.8333333333333366,-3.80642848203506,-2.3132608820424,-0.0583276256034726,-2.327490271584133,1.5680960696901167,-0.696073621109542,-0.2487110505699714,0.33799534022647815,0.39911743559658286,-2.177085712051667,-2.246137440270395,-0.0020193690065353994
3.837500000000003,-3.80642848203506,-2.3132608820424,-0.0583276256034726,-2.327490271584133,1.5680960696901167,-0.696073621109541,-0.2487110505699714,0.33799534022647815,0.39911743559658286,-2.177085712051668,-2.246137440270394,-0.0020193690065353873
3.84166666666667,-3.80642848203506,-2.3132608820424,-0.0583276256034725,-2.327490271584132,1.5680960696901167,-0.6960736211095401,-0.24871105056997145,0.3379953402264782,0.39911743559658297,-2.1770857120516687,-2.246137440270392,-0.0020193690065352103
3.8458333333333363,-3.80642848203506,-2.3132608820424005,-0.0583276256034725,-2.327490271584132,1.5680960696901167,-0.6960736211095391,-0.24871105056997153,0.3379953402264783,0.3991174355965828,-2.17708571205167,-2.2461374402703917,-0.002019369006535312
3.850000000000003,-3.80642848203506,-2.3132608820424005,-0.0583276256034724,-2.327490271584132,1.5680960696901167,-0.6960736211095382,-0.2487110505699715,0.3379953402264783,0.39911743559658286,-2.1770857120516705,-2.2461374402703904,-0.0020193690065353144
3.8541666666666696,-3.80642848203506,-2.3132608820424005,-0.0583276256034724,-2.327490271584132,1.5680960696901167,-0.6960736211095372,-0.2487110505699715,0.3379953402264783,0.39911743559658286,-2.177085712051672,-2.24613744027039,-0.002019369006535305
3.8583333333333365,-3.80642848203506,-2.3132608820424005,-0.0583276256034723,-2.3274902715841312,1.5680960696901167,-0.6960736211095363,-0.24871105056997156,0.33799534022647837,0.3991174355965829,-2.1770857120516722,-2.246137440270388,-0.0020193690065350906
3.8625000000000034,-3.80642848203506,-2.3132608820424005,-0.0583276256034723,-2.3274902715841312,1.5680960696901167,-0.6960736211095353,-0.24871105056997156,0.33799534022647837,0.3991174355965829,-2.177085712051673,-2.2461374402703873,-0.0020193690065350824
3.86666666666667,-3.80642848203506,-2.3132608820424005,-0.0583276256034722,-2.327490271584131,1.5680960696901167,-0.6960736211095344,-0.2487110505699716,0.33799534022647837,0.399117435596583,-2.177085712051674,-2.2461374402703855,-0.0020193690065350017
3.8708333333333367,-3.80642848203506,-2.3132608820424005,-0.0583276256034722,-2.327490271584131,1.5680960696901167,-0.6960736211095334,-0.2487110505699716,0.33799534022647837,0.399117435596583,-2.1770857120516753,-2.2461374402703846,-0.0020193690065349918
3.875000000000003,-3.8064284820350593,-2.3132608820424005,-0.0583276256034721,-2.327490271584131,1.5680960696901167,-0.6960736211095324,-0.24871105056997175,0.33799534022647826,0.39911743559658297,-2.1770857120516753,-2.2461374402703838,-0.0020193690065348933
3.87916666666667,-3.8064284820350593,-2.3132608820424005,-0.0583276256034721,-2.327490271584131,1.5680960696901167,-0.6960736211095314,-0.24871105056997175,0.33799534022647826,0.39911743559658297,-2.177085712051677,-2.2461374402703824,-0.002019369006534883
3.8833333333333364,-3.8064284820350593,-2.3132608820424005,-0.058327625603472,-2.327490271584131,1.5680960696901167,-0.6960736211095304,-0.2487110505699718,0.33799534022647826,0.39911743559658297,-2.177085712051678,-2.246137440270381,-0.0020193690065349766
3.8875000000000033,-3.8064284820350593,-2.3132608820424005,-0.058327625603472,-2.3274902715841304,1.5680960696901167,-0.6960736211095295,-0.24871105056997178,0.33799534022647826,0.3991174355965831,-2.177085712051679,-2.24613744027038,-0.002019369006534866
3.8916666666666697,-3.8064284820350593,-2.3132608820424005,-0.0583276256034719,-2.32749027158413,1.5680960696901167,-0.6960736211095286,-0.24871105056997184,0.33799534022647826,0.39911743559658314,-2.1770857120516793,-2.2461374402703784,-0.0020193690065346357
3.8958333333333366,-3.8064284820350593,-2.3132608820424005,-0.0583276256034719,-2.32749027158413,1.5680960696901167,-0.6960736211095276,-0.24871105056997184,0.33799534022647826,0.39911743559658314,-2.17708571205168,-2.246137440270378,-0.0020193690065346253
3.900000000000003,-3.8064284820350593,-2.3132608820424005,-0.0583276256034718,-2.327490271584129,1.5680960696901167,-0.6960736211095268,-0.24871105056997184,0.3379953402264783,0.3991174355965833,-2.17708571205168,-2.2461374402703758,-0.0020193690065344063
3.90416666666667,-3.8064284820350593,-2.3132608820424005,-0.0583276256034718,-2.327490271584129,1.5680960696901167,-0.6960736211095258,-0.24871105056997184,0.3379953402264783,0.3991174355965833,-2.1770857120516816,-2.2461374402703744,-0.0020193690065343937
3.9083333333333363,-3.8064284820350593,-2.3132608820424005,-0.0583276256034717,-2.327490271584129,1.5680960696901167,-0.6960736211095249,-0.24871105056997184,0.33799534022647837,0.3991174355965833,-2.177085712051682,-2.2461374402703735,-0.002019369006534491
3.912500000000003,-3.8064284820350593,-2.3132608820424005,-0.0583276256034717,-2.327490271584129,1.5680960696901167,-0.6960736211095239,-0.24871105056997184,0.33799534022647837,0.3991174355965833,-2.1770857120516833,-2.2461374402703727,-0.0020193690065344826
3.91666666666667,-3.8064284820350593,-2.313260882042401,-0.0583276256034716,-2.327490271584129,1.568096069690117,-0.6960736211095229,-0.24871105056997195,0.33799534022647837,0.3991174355965831,-2.1770857120516847,-2.2461374402703718,-0.0020193690065341383
3.9208333333333365,-3.8064284820350593,-2.313260882042401,-0.0583276256034716,-2.3274902715841286,1.568096069690117,-0.6960736211095219,-0.24871105056997198,0.33799534022647837,0.3991174355965831,-2.1770857120516856,-2.2461374402703704,-0.0020193690065340593
3.9250000000000034,-3.8064284820350593,-2.313260882042401,-0.0583276256034715,-2.3274902715841286,1.568096069690117,-0.6960736211095209,-0.24871105056997198,0.33799534022647837,0.39911743559658314,-2.1770857120516873,-2.246137440270369,-0.002019369006534087
3.92916666666667,-3.8064284820350593,-2.313260882042401,-0.0583276256034715,-2.327490271584128,1.568096069690117,-0.69607362110952,-0.248711050569972,0.3379953402264784,0.3991174355965832,-2.1770857120516878,-2.2461374402703678,-0.0020193690065340307
3.9333333333333367,-3.8064284820350593,-2.313260882042401,-0.0583276256034714,-2.327490271584128,1.568096069690117,-0.696073621109519,-0.24871105056997195,0.3379953402264784,0.39911743559658325,-2.1770857120516887,-2.246137440270367,-0.0020193690065339674
3.937500000000003,-3.8064284820350593,-2.313260882042401,-0.0583276256034714,-2.327490271584128,1.568096069690117,-0.6960736211095181,-0.24871105056997195,0.3379953402264784,0.39911743559658325,-2.1770857120516895,-2.246137440270366,-0.0020193690065339587
3.94166666666667,-3.8064284820350593,-2.313260882042401,-0.0583276256034713,-2.327490271584128,1.568096069690117,-0.6960736211095171,-0.24871105056997195,0.3379953402264784,0.39911743559658325,-2.177085712051691,-2.2461374402703647,-0.0020193690065339466
3.9458333333333364,-3.8064284820350593,-2.313260882042401,-0.0583276256034713,-2.3274902715841272,1.568096069690117,-0.6960736211095161,-0.24871105056997203,0.3379953402264785,0.39911743559658336,-2.177085712051691,-2.246137440270363,-0.002019369006533781
3.9500000000000033,-3.8064284820350593,-2.313260882042401,-0.0583276256034712,-2.327490271584127,1.568096069690117,-0.6960736211095152,-0.24871105056997206,0.3379953402264785,0.3991174355965834,-2.1770857120516918,-2.2461374402703616,-0.0020193690065336512
3.9541666666666697,-3.8064284820350593,-2.313260882042401,-0.0583276256034712,-2.327490271584127,1.568096069690117,-0.6960736211095142,-0.24871105056997206,0.3379953402264785,0.3991174355965834,-2.177085712051693,-2.246137440270361,-0.002019369006533641
3.9583333333333366,-3.8064284820350593,-2.313260882042401,-0.0583276256034711,-2.327490271584127,1.568096069690117,-0.6960736211095132,-0.24871105056997206,0.3379953402264785,0.39911743559658347,-2.1770857120516935,-2.2461374402703593,-0.0020193690065336413
3.9625000000000035,-3.8064284820350593,-2.313260882042401,-0.058327625603471,-2.3274902715841264,1.568096069690117,-0.6960736211095123,-0.2487110505699721,0.3379953402264785,0.39911743559658347,-2.1770857120516944,-2.2461374402703584,-0.0020193690065335268
3.96666666666667,-3.8064284820350593,-2.313260882042401,-0.058327625603471,-2.3274902715841264,1.568096069690117,-0.6960736211095113,-0.2487110505699721,0.3379953402264785,0.39911743559658347,-2.1770857120516958,-2.246137440270357,-0.0020193690065335146
3.9708333333333368,-3.8064284820350593,-2.313260882042401,-0.0583276256034709,-2.327490271584126,1.568096069690117,-0.6960736211095103,-0.2487110505699721,0.3379953402264785,0.3991174355965835,-2.177085712051696,-2.2461374402703553,-0.0020193690065334036
3.975000000000003,-3.8064284820350593,-2.313260882042401,-0.0583276256034709,-2.327490271584126,1.568096069690117,-0.6960736211095093,-0.2487110505699721,0.3379953402264785,0.3991174355965835,-2.177085712051697,-2.2461374402703544,-0.002019369006533393
3.97916666666667,-3.8064284820350593,-2.313260882042401,-0.0583276256034708,-2.327490271584126,1.568096069690117,-0.6960736211095083,-0.2487110505699721,0.3379953402264785,0.3991174355965835,-2.177085712051699,-2.2461374402703536,-0.0020193690065333342
3.9833333333333365,-3.8064284820350593,-2.313260882042401,-0.0583276256034708,-2.327490271584125,1.568096069690117,-0.6960736211095073,-0.24871105056997214,0.33799534022647854,0.39911743559658364,-2.1770857120516993,-2.246137440270352,-0.002019369006533206
3.9875000000000034,-3.8064284820350593,-2.313260882042401,-0.0583276256034707,-2.327490271584125,1.568096069690117,-0.6960736211095063,-0.24871105056997214,0.33799534022647854,0.3991174355965837,-2.1770857120517,-2.2461374402703504,-0.002019369006533237
3.99166666666667,-3.8064284820350593,-2.313260882042401,-0.0583276256034707,-2.327490271584125,1.568096069690117,-0.6960736211095054,-0.24871105056997214,0.33799534022647854,0.3991174355965837,-2.177085712051701,-2.246137440270349,-0.0020193690065332284
3.9958333333333367,-3.8064284820350593,-2.313260882042401,-0.0583276256034706,-2.3274902715841246,1.568096069690117,-0.6960736211095045,-0.24871105056997217,0.3379953402264786,0.39911743559658375,-2.177085712051702,-2.246137440270348,-0.0020193690065330554
4.0000000000000036,-3.8064284820350593,-2.313260882042401,-0.0583276256034706,-2.3274902715841246,1.568096069690117,-0.6960736211095037,-0.24871105056997217,0.3379953402264786,0.39911743559658375,-2.177085712051703,-2.2461374402703473,-0.002019369006533047
4.00416666666667,-3.8064284820350593,-2.313260882042401,-0.0583276256034705,-2.3274902715841246,1.5680960696901172,-0.6960736211095025,-0.24871105056997214,0.3379953402264786,0.3991174355965838,-2.1770857120517038,-2.2461374402703456,-0.0020193690065326846
4.008333333333336,-3.8064284820350593,-2.313260882042401,-0.0583276256034705,-2.3274902715841246,1.5680960696901172,-0.6960736211095016,-0.24871105056997214,0.3379953402264786,0.3991174355965838,-2.1770857120517055,-2.2461374402703447,-0.0020193690065326746
4.012500000000003,-3.8064284820350593,-2.313260882042401,-0.0583276256034704,-2.327490271584124,1.5680960696901172,-0.6960736211095007,-0.24871105056997217,0.33799534022647854,0.39911743559658386,-2.177085712051706,-2.246137440270344,-0.0020193690065325696
4.01666666666667,-3.8064284820350593,-2.313260882042401,-0.0583276256034704,-2.327490271584124,1.5680960696901172,-0.6960736211094998,-0.24871105056997217,0.33799534022647854,0.39911743559658386,-2.177085712051707,-2.246137440270342,-0.002019369006532559
4.020833333333337,-3.8064284820350593,-2.313260882042401,-0.0583276256034703,-2.327490271584124,1.5680960696901172,-0.6960736211094988,-0.2487110505699722,0.33799534022647854,0.39911743559658386,-2.1770857120517073,-2.2461374402703416,-0.002019369006532497
4.025000000000003,-3.8064284820350593,-2.313260882042401,-0.0583276256034702,-2.3274902715841232,1.5680960696901172,-0.6960736211094978,-0.24871105056997225,0.3379953402264786,0.3991174355965839,-2.177085712051708,-2.2461374402703393,-0.0020193690065323216
4.02916666666667,-3.8064284820350593,-2.313260882042401,-0.0583276256034702,-2.3274902715841232,1.5680960696901174,-0.6960736211094967,-0.24871105056997225,0.3379953402264786,0.3991174355965839,-2.1770857120517095,-2.246137440270338,-0.002019369006531964
4.033333333333337,-3.8064284820350593,-2.313260882042401,-0.0583276256034701,-2.327490271584123,1.5680960696901174,-0.6960736211094957,-0.2487110505699723,0.3379953402264786,0.399117435596584,-2.1770857120517095,-2.2461374402703367,-0.0020193690065318567
4.037500000000003,-3.8064284820350593,-2.313260882042401,-0.0583276256034701,-2.327490271584123,1.5680960696901174,-0.6960736211094947,-0.2487110505699723,0.3379953402264786,0.399117435596584,-2.1770857120517113,-2.246137440270336,-0.0020193690065318467
4.04166666666667,-3.8064284820350593,-2.313260882042401,-0.05832762560347,-2.3274902715841224,1.5680960696901174,-0.6960736211094938,-0.24871105056997234,0.33799534022647865,0.3991174355965841,-2.1770857120517118,-2.2461374402703345,-0.0020193690065318285
4.045833333333337,-3.8064284820350593,-2.313260882042401,-0.05832762560347,-2.3274902715841224,1.5680960696901174,-0.6960736211094928,-0.24871105056997234,0.33799534022647865,0.3991174355965841,-2.177085712051713,-2.246137440270333,-0.0020193690065318176
4.050000000000003,-3.8064284820350593,-2.313260882042401,-0.0583276256034699,-2.3274902715841224,1.5680960696901174,-0.6960736211094918,-0.24871105056997234,0.33799534022647865,0.39911743559658414,-2.177085712051714,-2.246137440270332,-0.0020193690065317864
4.05416666666667,-3.8064284820350593,-2.313260882042401,-0.0583276256034699,-2.327490271584122,1.5680960696901174,-0.6960736211094909,-0.24871105056997236,0.3379953402264787,0.3991174355965842,-2.177085712051715,-2.2461374402703305,-0.002019369006531634
4.058333333333336,-3.8064284820350593,-2.313260882042401,-0.0583276256034698,-2.327490271584122,1.5680960696901174,-0.6960736211094899,-0.2487110505699723,0.3379953402264787,0.3991174355965842,-2.1770857120517153,-2.2461374402703296,-0.002019369006531684
4.0625000000000036,-3.8064284820350593,-2.313260882042401,-0.0583276256034697,-2.327490271584121,1.5680960696901174,-0.6960736211094889,-0.2487110505699724,0.33799534022647865,0.3991174355965843,-2.177085712051716,-2.246137440270328,-0.002019369006531452
4.06666666666667,-3.8064284820350593,-2.313260882042401,-0.0583276256034697,-2.327490271584121,1.5680960696901174,-0.6960736211094879,-0.2487110505699724,0.33799534022647865,0.3991174355965843,-2.177085712051717,-2.2461374402703265,-0.0020193690065314416
4.070833333333336,-3.8064284820350593,-2.313260882042402,-0.0583276256034696,-2.327490271584121,1.5680960696901174,-0.696073621109487,-0.24871105056997253,0.33799534022647887,0.3991174355965839,-2.177085712051719,-2.2461374402703265,-0.0020193690065317266
4.075000000000004,-3.8064284820350593,-2.313260882042402,-0.0583276256034696,-2.327490271584121,1.5680960696901174,-0.696073621109486,-0.24871105056997253,0.33799534022647887,0.3991174355965839,-2.17708571205172,-2.2461374402703256,-0.0020193690065317144
4.07916666666667,-3.8064284820350593,-2.313260882042402,-0.0583276256034695,-2.3274902715841206,1.5680960696901174,-0.696073621109485,-0.24871105056997259,0.3379953402264788,0.39911743559658397,-2.177085712051721,-2.246137440270324,-0.0020193690065314998
4.083333333333337,-3.8064284820350593,-2.313260882042402,-0.0583276256034695,-2.3274902715841206,1.5680960696901174,-0.696073621109484,-0.24871105056997259,0.3379953402264788,0.39911743559658397,-2.177085712051722,-2.2461374402703225,-0.0020193690065314894
4.087500000000003,-3.8064284820350593,-2.313260882042402,-0.0583276256034694,-2.32749027158412,1.5680960696901174,-0.6960736211094831,-0.2487110505699726,0.33799534022647887,0.3991174355965841,-2.1770857120517224,-2.2461374402703216,-0.002019369006531382
4.09166666666667,-3.8064284820350593,-2.313260882042402,-0.0583276256034694,-2.32749027158412,1.5680960696901176,-0.696073621109482,-0.24871105056997264,0.3379953402264788,0.3991174355965841,-2.1770857120517237,-2.2461374402703203,-0.002019369006531024
4.095833333333337,-3.8064284820350593,-2.313260882042402,-0.0583276256034693,-2.32749027158412,1.5680960696901176,-0.696073621109481,-0.24871105056997264,0.33799534022647887,0.3991174355965841,-2.177085712051725,-2.246137440270319,-0.002019369006530995
4.100000000000003,-3.8064284820350593,-2.313260882042402,-0.0583276256034693,-2.32749027158412,1.5680960696901176,-0.6960736211094801,-0.24871105056997264,0.33799534022647887,0.3991174355965841,-2.177085712051726,-2.2461374402703176,-0.0020193690065309867
4.10416666666667,-3.8064284820350593,-2.313260882042402,-0.0583276256034692,-2.32749027158412,1.5680960696901176,-0.6960736211094791,-0.24871105056997259,0.33799534022647887,0.3991174355965841,-2.177085712051727,-2.246137440270317,-0.002019369006530923
4.108333333333337,-3.8064284820350593,-2.313260882042402,-0.0583276256034691,-2.3274902715841197,1.5680960696901176,-0.6960736211094782,-0.2487110505699726,0.33799534022647887,0.39911743559658414,-2.1770857120517277,-2.246137440270316,-0.002019369006530907
4.112500000000003,-3.8064284820350593,-2.313260882042402,-0.0583276256034691,-2.3274902715841197,1.5680960696901176,-0.6960736211094772,-0.2487110505699726,0.33799534022647887,0.39911743559658414,-2.1770857120517286,-2.2461374402703145,-0.0020193690065308943
4.11666666666667,-3.8064284820350593,-2.313260882042402,-0.058327625603469,-2.327490271584119,1.5680960696901176,-0.6960736211094762,-0.2487110505699727,0.3379953402264789,0.39911743559658425,-2.1770857120517286,-2.246137440270313,-0.0020193690065306758
4.120833333333337,-3.8064284820350593,-2.313260882042402,-0.058327625603469,-2.327490271584119,1.5680960696901176,-0.6960736211094752,-0.2487110505699727,0.3379953402264789,0.39911743559658425,-2.1770857120517304,-2.246137440270312,-0.0020193690065306636
4.1250000000000036,-3.8064284820350593,-2.313260882042402,-0.0583276256034689,-2.327490271584119,1.5680960696901176,-0.6960736211094742,-0.2487110505699727,0.33799534022647887,0.3991174355965843,-2.177085712051731,-2.24613744027031,-0.002019369006530539
4.12916666666667,-3.8064284820350593,-2.313260882042402,-0.0583276256034689,-2.3274902715841184,1.5680960696901176,-0.6960736211094734,-0.24871105056997272,0.3379953402264789,0.39911743559658436,-2.1770857120517317,-2.2461374402703087,-0.002019369006530483
4.133333333333336,-3.8064284820350593,-2.3132608820424023,-0.0583276256034688,-2.3274902715841184,1.5680960696901176,-0.6960736211094722,-0.24871105056997275,0.337995340226479,0.39911743559658414,-2.1770857120517335,-2.2461374402703083,-0.00201936900653053
4.137500000000004,-3.8064284820350593,-2.3132608820424023,-0.0583276256034688,-2.327490271584118,1.5680960696901176,-0.6960736211094715,-0.24871105056997278,0.33799534022647904,0.3991174355965842,-2.177085712051734,-2.246137440270307,-0.0020193690065305157
4.14166666666667,-3.8064284820350593,-2.3132608820424023,-0.0583276256034687,-2.327490271584118,1.5680960696901176,-0.6960736211094705,-0.24871105056997278,0.33799534022647904,0.3991174355965842,-2.1770857120517353,-2.2461374402703056,-0.002019369006530454
4.145833333333337,-3.8064284820350593,-2.3132608820424023,-0.0583276256034687,-2.327490271584118,1.5680960696901176,-0.6960736211094695,-0.24871105056997278,0.33799534022647904,0.3991174355965842,-2.1770857120517366,-2.2461374402703047,-0.0020193690065304437
4.150000000000003,-3.8064284820350593,-2.3132608820424023,-0.0583276256034686,-2.327490271584117,1.5680960696901176,-0.6960736211094685,-0.24871105056997286,0.33799534022647904,0.39911743559658425,-2.1770857120517366,-2.2461374402703034,-0.0020193690065303175
4.15416666666667,-3.8064284820350593,-2.3132608820424023,-0.0583276256034686,-2.327490271584117,1.5680960696901176,-0.6960736211094675,-0.24871105056997286,0.33799534022647904,0.39911743559658425,-2.1770857120517375,-2.2461374402703016,-0.0020193690065303067
4.158333333333337,-3.8064284820350593,-2.3132608820424023,-0.0583276256034685,-2.327490271584117,1.5680960696901176,-0.6960736211094665,-0.2487110505699728,0.33799534022647904,0.3991174355965843,-2.177085712051739,-2.2461374402703007,-0.0020193690065302456
4.162500000000003,-3.8064284820350593,-2.3132608820424023,-0.0583276256034685,-2.3274902715841166,1.5680960696901176,-0.6960736211094656,-0.24871105056997284,0.33799534022647904,0.3991174355965843,-2.1770857120517397,-2.2461374402703,-0.0020193690065301935
4.1666666666666705,-3.8064284820350593,-2.3132608820424023,-0.0583276256034684,-2.3274902715841166,1.5680960696901176,-0.6960736211094646,-0.24871105056997284,0.33799534022647904,0.39911743559658436,-2.17708571205174,-2.246137440270298,-0.002019369006530243
4.170833333333337,-3.8064284820350593,-2.3132608820424023,-0.0583276256034683,-2.327490271584116,1.5680960696901176,-0.6960736211094636,-0.24871105056997286,0.3379953402264791,0.39911743559658447,-2.177085712051741,-2.2461374402702963,-0.0020193690065300664
4.175000000000003,-3.8064284820350593,-2.3132608820424023,-0.0583276256034683,-2.327490271584116,1.5680960696901176,-0.6960736211094626,-0.24871105056997286,0.3379953402264791,0.39911743559658447,-2.177085712051743,-2.2461374402702963,-0.0020193690065300578
4.17916666666667,-3.8064284820350593,-2.3132608820424023,-0.0583276256034682,-2.327490271584116,1.5680960696901176,-0.6960736211094616,-0.24871105056997286,0.3379953402264791,0.39911743559658447,-2.1770857120517433,-2.246137440270295,-0.0020193690065300265
4.183333333333337,-3.8064284820350593,-2.3132608820424023,-0.0583276256034682,-2.327490271584116,1.5680960696901176,-0.6960736211094606,-0.24871105056997286,0.3379953402264791,0.39911743559658447,-2.1770857120517446,-2.246137440270293,-0.0020193690065300144
4.1875000000000036,-3.8064284820350593,-2.3132608820424023,-0.0583276256034681,-2.327490271584116,1.5680960696901176,-0.6960736211094596,-0.24871105056997286,0.3379953402264791,0.39911743559658447,-2.177085712051746,-2.2461374402702923,-0.00201936900653
4.19166666666667,-3.8064284820350593,-2.3132608820424023,-0.0583276256034681,-2.327490271584116,1.5680960696901176,-0.6960736211094586,-0.24871105056997286,0.3379953402264791,0.39911743559658447,-2.177085712051747,-2.2461374402702914,-0.00201936900652999
4.195833333333336,-3.8064284820350593,-2.3132608820424023,-0.058327625603468,-2.327490271584116,1.5680960696901176,-0.6960736211094576,-0.2487110505699729,0.3379953402264791,0.3991174355965845,-2.1770857120517477,-2.2461374402702905,-0.002019369006529991
4.200000000000004,-3.8064284820350593,-2.3132608820424023,-0.058327625603468,-2.3274902715841157,1.5680960696901176,-0.6960736211094566,-0.24871105056997292,0.3379953402264791,0.3991174355965845,-2.1770857120517486,-2.2461374402702887,-0.002019369006529872
4.20416666666667,-3.8064284820350593,-2.3132608820424023,-0.0583276256034679,-2.327490271584115,1.5680960696901176,-0.6960736211094557,-0.24871105056997297,0.3379953402264791,0.3991174355965847,-2.177085712051749,-2.2461374402702874,-0.0020193690065296536
4.208333333333337,-3.8064284820350593,-2.3132608820424023,-0.0583276256034679,-2.3274902715841144,1.5680960696901176,-0.6960736211094547,-0.248711050569973,0.33799534022647915,0.3991174355965847,-2.17708571205175,-2.2461374402702856,-0.0020193690065296354
4.212500000000003,-3.8064284820350593,-2.3132608820424023,-0.0583276256034678,-2.3274902715841144,1.5680960696901176,-0.6960736211094537,-0.24871105056997295,0.33799534022647915,0.39911743559658475,-2.1770857120517513,-2.2461374402702847,-0.0020193690065296644
4.21666666666667,-3.8064284820350593,-2.3132608820424023,-0.0583276256034678,-2.327490271584114,1.5680960696901176,-0.6960736211094528,-0.24871105056997297,0.33799534022647915,0.39911743559658475,-2.1770857120517517,-2.2461374402702834,-0.002019369006529452
4.220833333333337,-3.8064284820350593,-2.3132608820424028,-0.0583276256034677,-2.327490271584114,1.5680960696901176,-0.6960736211094518,-0.24871105056997314,0.33799534022647926,0.39911743559658464,-2.1770857120517535,-2.2461374402702825,-0.002019369006529474
4.225000000000003,-3.8064284820350593,-2.3132608820424028,-0.0583276256034676,-2.327490271584114,1.5680960696901176,-0.6960736211094508,-0.24871105056997309,0.33799534022647926,0.3991174355965847,-2.177085712051754,-2.2461374402702816,-0.0020193690065294445
4.2291666666666705,-3.8064284820350593,-2.3132608820424028,-0.0583276256034676,-2.327490271584114,1.5680960696901178,-0.6960736211094498,-0.2487110505699731,0.33799534022647926,0.3991174355965847,-2.177085712051755,-2.2461374402702803,-0.0020193690065290902
4.233333333333337,-3.8064284820350593,-2.3132608820424028,-0.0583276256034675,-2.327490271584113,1.5680960696901178,-0.6960736211094488,-0.24871105056997317,0.33799534022647926,0.3991174355965848,-2.1770857120517557,-2.246137440270278,-0.0020193690065288673
4.237500000000003,-3.8064284820350593,-2.3132608820424028,-0.0583276256034675,-2.327490271584113,1.5680960696901178,-0.6960736211094478,-0.24871105056997317,0.33799534022647926,0.3991174355965848,-2.177085712051757,-2.246137440270277,-0.0020193690065288573
4.24166666666667,-3.8064284820350593,-2.3132608820424028,-0.0583276256034674,-2.327490271584113,1.5680960696901178,-0.6960736211094469,-0.24871105056997317,0.33799534022647926,0.3991174355965848,-2.177085712051758,-2.2461374402702763,-0.0020193690065289523
4.245833333333337,-3.8064284820350593,-2.3132608820424028,-0.0583276256034674,-2.327490271584113,1.5680960696901178,-0.6960736211094459,-0.24871105056997317,0.33799534022647926,0.3991174355965848,-2.177085712051759,-2.246137440270275,-0.00201936900652894
4.2500000000000036,-3.8064284820350593,-2.3132608820424028,-0.0583276256034673,-2.3274902715841126,1.5680960696901178,-0.6960736211094449,-0.24871105056997322,0.33799534022647926,0.39911743559658486,-2.1770857120517597,-2.2461374402702736,-0.002019369006528769
4.25416666666667,-3.8064284820350593,-2.3132608820424028,-0.0583276256034673,-2.3274902715841126,1.5680960696901178,-0.6960736211094439,-0.24871105056997322,0.33799534022647926,0.39911743559658486,-2.177085712051761,-2.2461374402702727,-0.002019369006528757
4.258333333333336,-3.8064284820350593,-2.3132608820424028,-0.0583276256034672,-2.327490271584112,1.5680960696901178,-0.696073621109443,-0.2487110505699732,0.3379953402264793,0.3991174355965849,-2.177085712051761,-2.2461374402702714,-0.002019369006528648
4.262500000000004,-3.8064284820350593,-2.3132608820424028,-0.0583276256034672,-2.327490271584112,1.5680960696901178,-0.696073621109442,-0.2487110505699732,0.3379953402264793,0.3991174355965849,-2.177085712051762,-2.24613744027027,-0.0020193690065286375
4.26666666666667,-3.8064284820350593,-2.3132608820424028,-0.0583276256034671,-2.327490271584112,1.5680960696901178,-0.696073621109441,-0.2487110505699732,0.3379953402264793,0.39911743559658497,-2.1770857120517637,-2.246137440270269,-0.0020193690065286687
4.270833333333337,-3.8064284820350593,-2.3132608820424028,-0.0583276256034671,-2.327490271584112,1.5680960696901178,-0.69607362110944,-0.2487110505699732,0.3379953402264793,0.39911743559658497,-2.1770857120517646,-2.2461374402702683,-0.0020193690065286583
4.275000000000004,-3.8064284820350593,-2.3132608820424028,-0.058327625603467,-2.3274902715841117,1.5680960696901178,-0.6960736211094392,-0.24871105056997322,0.3379953402264793,0.39911743559658497,-2.1770857120517655,-2.2461374402702665,-0.0020193690065285867
4.27916666666667,-3.8064284820350593,-2.3132608820424028,-0.0583276256034669,-2.3274902715841117,1.5680960696901178,-0.6960736211094382,-0.24871105056997325,0.33799534022647926,0.3991174355965851,-2.177085712051766,-2.2461374402702656,-0.0020193690065284818
4.283333333333337,-3.8064284820350593,-2.3132608820424028,-0.0583276256034669,-2.327490271584111,1.5680960696901178,-0.6960736211094372,-0.2487110505699733,0.3379953402264793,0.39911743559658514,-2.177085712051767,-2.246137440270264,-0.0020193690065282615
4.287500000000003,-3.8064284820350593,-2.3132608820424028,-0.0583276256034668,-2.327490271584111,1.5680960696901178,-0.6960736211094362,-0.2487110505699733,0.3379953402264793,0.39911743559658514,-2.177085712051768,-2.2461374402702625,-0.002019369006528357
4.2916666666666705,-3.8064284820350593,-2.3132608820424028,-0.0583276256034668,-2.327490271584111,1.5680960696901178,-0.6960736211094352,-0.2487110505699733,0.3379953402264793,0.39911743559658514,-2.177085712051769,-2.2461374402702616,-0.002019369006528347
4.295833333333337,-3.8064284820350593,-2.313260882042403,-0.0583276256034668,-2.327490271584111,1.5680960696901178,-0.6960736211094342,-0.24871105056997336,0.3379953402264794,0.3991174355965849,-2.177085712051771,-2.2461374402702607,-0.0020193690065284423
4.300000000000003,-3.8064284820350593,-2.313260882042403,-0.0583276256034667,-2.3274902715841104,1.5680960696901178,-0.6960736211094333,-0.2487110505699734,0.3379953402264794,0.39911743559658497,-2.1770857120517713,-2.2461374402702594,-0.002019369006528335
4.30416666666667,-3.8064284820350593,-2.313260882042403,-0.0583276256034666,-2.3274902715841104,1.5680960696901178,-0.6960736211094323,-0.24871105056997336,0.3379953402264794,0.399117435596585,-2.1770857120517717,-2.2461374402702585,-0.0020193690065283226
4.308333333333337,-3.8064284820350593,-2.313260882042403,-0.0583276256034666,-2.32749027158411,1.5680960696901178,-0.6960736211094313,-0.2487110505699734,0.3379953402264795,0.3991174355965851,-2.1770857120517726,-2.2461374402702567,-0.0020193690065282047
4.3125000000000036,-3.8064284820350593,-2.313260882042403,-0.0583276256034665,-2.327490271584109,1.5680960696901178,-0.6960736211094304,-0.24871105056997345,0.3379953402264795,0.3991174355965852,-2.1770857120517726,-2.2461374402702554,-0.002019369006527997
4.31666666666667,-3.8064284820350593,-2.313260882042403,-0.0583276256034665,-2.327490271584109,1.5680960696901178,-0.6960736211094295,-0.24871105056997345,0.3379953402264795,0.3991174355965852,-2.1770857120517744,-2.2461374402702545,-0.0020193690065279887
4.320833333333337,-3.8064284820350593,-2.313260882042403,-0.0583276256034664,-2.327490271584109,1.568096069690118,-0.6960736211094285,-0.24871105056997347,0.3379953402264795,0.3991174355965852,-2.1770857120517757,-2.246137440270253,-0.0020193690065277176
4.325000000000004,-3.8064284820350593,-2.313260882042403,-0.0583276256034664,-2.327490271584109,1.568096069690118,-0.6960736211094275,-0.24871105056997347,0.3379953402264795,0.3991174355965852,-2.177085712051776,-2.246137440270252,-0.002019369006527707
4.32916666666667,-3.8064284820350593,-2.313260882042403,-0.0583276256034663,-2.3274902715841086,1.568096069690118,-0.6960736211094266,-0.2487110505699735,0.3379953402264795,0.39911743559658525,-2.177085712051777,-2.246137440270251,-0.0020193690065275867
4.333333333333337,-3.8064284820350593,-2.313260882042403,-0.0583276256034663,-2.327490271584108,1.568096069690118,-0.6960736211094257,-0.24871105056997353,0.3379953402264795,0.3991174355965853,-2.177085712051778,-2.2461374402702496,-0.002019369006527434
4.337500000000004,-3.8064284820350593,-2.313260882042403,-0.0583276256034662,-2.327490271584108,1.568096069690118,-0.6960736211094247,-0.24871105056997347,0.3379953402264795,0.3991174355965853,-2.177085712051779,-2.2461374402702483,-0.002019369006527405
4.34166666666667,-3.8064284820350593,-2.313260882042403,-0.0583276256034662,-2.327490271584108,1.568096069690118,-0.6960736211094237,-0.24871105056997347,0.3379953402264795,0.3991174355965853,-2.17708571205178,-2.246137440270247,-0.0020193690065273945
4.345833333333337,-3.8064284820350593,-2.313260882042403,-0.0583276256034661,-2.327490271584108,1.568096069690118,-0.6960736211094227,-0.2487110505699735,0.33799534022647953,0.39911743559658536,-2.177085712051781,-2.246137440270246,-0.00201936900652749
4.350000000000003,-3.8064284820350593,-2.313260882042403,-0.0583276256034661,-2.327490271584108,1.568096069690118,-0.6960736211094217,-0.2487110505699735,0.33799534022647953,0.39911743559658536,-2.1770857120517824,-2.246137440270245,-0.0020193690065274795
4.3541666666666705,-3.8064284820350593,-2.313260882042403,-0.058327625603466,-2.327490271584108,1.568096069690118,-0.6960736211094207,-0.2487110505699735,0.33799534022647953,0.3991174355965854,-2.1770857120517833,-2.2461374402702434,-0.0020193690065274162
4.358333333333337,-3.8064284820350593,-2.313260882042403,-0.058327625603466,-2.3274902715841077,1.568096069690118,-0.6960736211094197,-0.24871105056997353,0.33799534022647953,0.3991174355965854,-2.177085712051784,-2.246137440270242,-0.0020193690065273356
4.362500000000003,-3.8064284820350593,-2.313260882042403,-0.0583276256034659,-2.3274902715841077,1.568096069690118,-0.6960736211094187,-0.24871105056997353,0.33799534022647953,0.3991174355965854,-2.177085712051785,-2.2461374402702416,-0.0020193690065273217
4.36666666666667,-3.8064284820350593,-2.313260882042403,-0.0583276256034658,-2.327490271584107,1.568096069690118,-0.6960736211094177,-0.24871105056997359,0.33799534022647953,0.3991174355965855,-2.1770857120517855,-2.2461374402702394,-0.002019369006527112
4.370833333333337,-3.8064284820350593,-2.313260882042404,-0.0583276256034658,-2.327490271584107,1.568096069690118,-0.6960736211094167,-0.24871105056997378,0.3379953402264797,0.3991174355965852,-2.1770857120517872,-2.246137440270239,-0.002019369006527193
4.3750000000000036,-3.8064284820350593,-2.313260882042404,-0.0583276256034657,-2.3274902715841064,1.568096069690118,-0.6960736211094158,-0.2487110505699738,0.3379953402264797,0.3991174355965852,-2.177085712051788,-2.2461374402702377,-0.0020193690065271348
4.37916666666667,-3.8064284820350593,-2.313260882042404,-0.0583276256034657,-2.3274902715841064,1.568096069690118,-0.6960736211094148,-0.2487110505699738,0.3379953402264797,0.3991174355965852,-2.1770857120517886,-2.2461374402702363,-0.002019369006527124
4.383333333333337,-3.8064284820350593,-2.313260882042404,-0.0583276256034656,-2.327490271584106,1.568096069690118,-0.6960736211094138,-0.24871105056997383,0.3379953402264797,0.3991174355965853,-2.17708571205179,-2.246137440270235,-0.002019369006526993
4.387500000000004,-3.8064284820350593,-2.313260882042404,-0.0583276256034656,-2.327490271584106,1.568096069690118,-0.6960736211094128,-0.24871105056997383,0.3379953402264797,0.3991174355965853,-2.177085712051791,-2.2461374402702337,-0.0020193690065269804
4.39166666666667,-3.8064284820350593,-2.313260882042404,-0.0583276256034655,-2.327490271584106,1.568096069690118,-0.6960736211094118,-0.24871105056997378,0.3379953402264797,0.3991174355965853,-2.1770857120517917,-2.2461374402702328,-0.0020193690065268585
4.395833333333337,-3.8064284820350593,-2.313260882042404,-0.0583276256034655,-2.327490271584105,1.568096069690118,-0.696073621109411,-0.24871105056997383,0.33799534022647976,0.3991174355965854,-2.177085712051792,-2.2461374402702314,-0.002019369006526753
4.400000000000004,-3.8064284820350593,-2.313260882042404,-0.0583276256034654,-2.327490271584105,1.5680960696901185,-0.69607362110941,-0.2487110505699739,0.33799534022647976,0.3991174355965854,-2.1770857120517935,-2.2461374402702305,-0.002019369006526095
4.40416666666667,-3.8064284820350593,-2.313260882042404,-0.0583276256034654,-2.327490271584105,1.5680960696901185,-0.696073621109409,-0.2487110505699739,0.33799534022647976,0.3991174355965854,-2.177085712051795,-2.246137440270229,-0.0020193690065260844
4.408333333333337,-3.8064284820350593,-2.313260882042404,-0.0583276256034653,-2.327490271584105,1.5680960696901185,-0.696073621109408,-0.2487110505699739,0.33799534022647976,0.3991174355965854,-2.1770857120517957,-2.246137440270228,-0.00201936900652607
4.412500000000003,-3.8064284820350593,-2.313260882042404,-0.0583276256034653,-2.3274902715841046,1.5680960696901185,-0.696073621109407,-0.24871105056997392,0.33799534022647976,0.39911743559658547,-2.1770857120517966,-2.2461374402702265,-0.002019369006525918
4.4166666666666705,-3.8064284820350593,-2.313260882042404,-0.0583276256034652,-2.3274902715841046,1.5680960696901185,-0.696073621109406,-0.24871105056997386,0.33799534022647976,0.39911743559658547,-2.177085712051797,-2.246137440270225,-0.0020193690065258884
4.420833333333337,-3.8064284820350593,-2.313260882042404,-0.0583276256034651,-2.327490271584104,1.5680960696901185,-0.6960736211094051,-0.2487110505699739,0.33799534022647976,0.3991174355965855,-2.1770857120517983,-2.246137440270224,-0.002019369006525821
4.425000000000003,-3.8064284820350593,-2.313260882042404,-0.0583276256034651,-2.327490271584104,1.5680960696901185,-0.6960736211094041,-0.2487110505699739,0.33799534022647976,0.3991174355965855,-2.177085712051799,-2.246137440270223,-0.0020193690065258107
4.429166666666671,-3.8064284820350593,-2.313260882042404,-0.058327625603465,-2.327490271584104,1.5680960696901185,-0.6960736211094031,-0.2487110505699739,0.33799534022647976,0.39911743559658563,-2.1770857120518,-2.2461374402702217,-0.002019369006525842
4.433333333333337,-3.8064284820350593,-2.313260882042404,-0.058327625603465,-2.327490271584104,1.5680960696901185,-0.6960736211094022,-0.2487110505699739,0.33799534022647976,0.39911743559658563,-2.1770857120518015,-2.2461374402702203,-0.0020193690065258333
4.4375000000000036,-3.8064284820350593,-2.313260882042404,-0.0583276256034649,-2.327490271584104,1.5680960696901185,-0.6960736211094012,-0.24871105056997392,0.33799534022647976,0.39911743559658563,-2.1770857120518023,-2.2461374402702194,-0.0020193690065258025
4.44166666666667,-3.8064284820350593,-2.313260882042404,-0.0583276256034649,-2.3274902715841037,1.5680960696901185,-0.6960736211094002,-0.24871105056997395,0.33799534022647976,0.39911743559658575,-2.1770857120518032,-2.246137440270218,-0.0020193690065257405
4.445833333333337,-3.8064284820350593,-2.313260882042404,-0.0583276256034648,-2.327490271584103,1.5680960696901185,-0.6960736211093993,-0.248711050569974,0.3379953402264798,0.39911743559658575,-2.1770857120518032,-2.2461374402702163,-0.0020193690065255423
4.450000000000004,-3.8064284820350593,-2.313260882042404,-0.0583276256034648,-2.327490271584103,1.5680960696901185,-0.6960736211093983,-0.248711050569974,0.3379953402264798,0.39911743559658575,-2.177085712051804,-2.2461374402702154,-0.002019369006525532
4.45416666666667,-3.8064284820350593,-2.313260882042404,-0.0583276256034647,-2.327490271584103,1.5680960696901185,-0.6960736211093973,-0.248711050569974,0.3379953402264798,0.39911743559658575,-2.1770857120518055,-2.246137440270214,-0.002019369006525565
4.458333333333337,-3.8064284820350593,-2.313260882042404,-0.0583276256034647,-2.327490271584103,1.5680960696901185,-0.6960736211093963,-0.248711050569974,0.3379953402264798,0.39911743559658575,-2.177085712051807,-2.2461374402702132,-0.0020193690065255527
4.462500000000004,-3.8064284820350593,-2.313260882042404,-0.0583276256034646,-2.3274902715841024,1.5680960696901185,-0.6960736211093953,-0.248711050569974,0.3379953402264798,0.39911743559658586,-2.1770857120518077,-2.2461374402702114,-0.002019369006525329
4.46666666666667,-3.8064284820350593,-2.313260882042404,-0.0583276256034646,-2.327490271584102,1.5680960696901185,-0.6960736211093944,-0.24871105056997403,0.3379953402264798,0.39911743559658586,-2.1770857120518077,-2.24613744027021,-0.002019369006525276
4.470833333333337,-3.8064284820350593,-2.313260882042404,-0.0583276256034645,-2.327490271584102,1.5680960696901185,-0.6960736211093934,-0.24871105056997403,0.33799534022647987,0.3991174355965859,-2.1770857120518095,-2.2461374402702092,-0.0020193690065251585
4.475000000000004,-3.8064284820350593,-2.313260882042404,-0.0583276256034645,-2.327490271584101,1.5680960696901185,-0.6960736211093924,-0.24871105056997408,0.3379953402264799,0.399117435596586,-2.17708571205181,-2.246137440270207,-0.002019369006525047
4.4791666666666705,-3.8064284820350593,-2.313260882042404,-0.0583276256034644,-2.327490271584101,1.5680960696901185,-0.6960736211093914,-0.24871105056997408,0.33799534022647987,0.399117435596586,-2.177085712051811,-2.2461374402702066,-0.0020193690065250835
4.483333333333337,-3.8064284820350593,-2.313260882042404,-0.0583276256034644,-2.327490271584101,1.5680960696901185,-0.6960736211093904,-0.24871105056997408,0.33799534022647987,0.399117435596586,-2.177085712051812,-2.2461374402702057,-0.0020193690065250717
4.487500000000003,-3.8064284820350593,-2.313260882042404,-0.0583276256034643,-2.3274902715841006,1.5680960696901185,-0.6960736211093895,-0.24871105056997414,0.3379953402264799,0.3991174355965861,-2.177085712051812,-2.2461374402702035,-0.0020193690065250037
4.491666666666671,-3.8064284820350593,-2.313260882042404,-0.0583276256034642,-2.3274902715841006,1.5680960696901185,-0.6960736211093885,-0.24871105056997408,0.3379953402264799,0.3991174355965861,-2.1770857120518134,-2.246137440270202,-0.0020193690065249724
4.495833333333337,-3.8064284820350593,-2.313260882042404,-0.0583276256034642,-2.3274902715841006,1.5680960696901185,-0.6960736211093875,-0.24871105056997408,0.3379953402264799,0.3991174355965861,-2.177085712051815,-2.2461374402702012,-0.0020193690065249607
4.5000000000000036,-3.8064284820350593,-2.313260882042404,-0.0583276256034641,-2.3274902715841006,1.5680960696901185,-0.6960736211093865,-0.24871105056997408,0.3379953402264799,0.39911743559658613,-2.1770857120518152,-2.2461374402702003,-0.0020193690065249182
4.50416666666667,-3.8064284820350593,-2.313260882042404,-0.0583276256034641,-2.3274902715841,1.5680960696901185,-0.6960736211093856,-0.2487110505699741,0.3379953402264799,0.39911743559658613,-2.1770857120518166,-2.246137440270199,-0.002019369006524862
4.508333333333337,-3.8064284820350593,-2.3132608820424045,-0.058327625603464,-2.3274902715841,1.5680960696901185,-0.6960736211093845,-0.2487110505699742,0.33799534022648,0.3991174355965861,-2.177085712051818,-2.2461374402701977,-0.0020193690065249538
4.512500000000004,-3.8064284820350593,-2.3132608820424045,-0.058327625603464,-2.3274902715841,1.5680960696901185,-0.6960736211093835,-0.2487110505699742,0.33799534022648,0.3991174355965861,-2.1770857120518188,-2.2461374402701972,-0.0020193690065249434
4.51666666666667,-3.8064284820350593,-2.3132608820424045,-0.0583276256034639,-2.3274902715841,1.5680960696901185,-0.6960736211093826,-0.2487110505699742,0.33799534022648,0.399117435596586,-2.1770857120518197,-2.246137440270196,-0.0020193690065248198
4.5208333333333375,-3.8064284820350593,-2.3132608820424045,-0.0583276256034639,-2.3274902715840997,1.5680960696901185,-0.6960736211093818,-0.24871105056997422,0.33799534022648003,0.3991174355965861,-2.17708571205182,-2.2461374402701946,-0.002019369006524764
4.525000000000004,-3.8064284820350593,-2.3132608820424045,-0.0583276256034638,-2.3274902715840997,1.5680960696901185,-0.6960736211093809,-0.24871105056997422,0.33799534022648003,0.3991174355965861,-2.1770857120518214,-2.2461374402701937,-0.002019369006524702
4.52916666666667,-3.8064284820350593,-2.3132608820424045,-0.0583276256034638,-2.3274902715840997,1.5680960696901185,-0.6960736211093799,-0.24871105056997422,0.33799534022648003,0.3991174355965861,-2.1770857120518223,-2.246137440270192,-0.0020193690065246892
4.533333333333337,-3.8064284820350593,-2.3132608820424045,-0.0583276256034637,-2.3274902715840997,1.5680960696901185,-0.6960736211093789,-0.24871105056997425,0.33799534022648003,0.3991174355965861,-2.177085712051823,-2.246137440270191,-0.0020193690065246793
4.537500000000004,-3.8064284820350593,-2.3132608820424045,-0.0583276256034637,-2.327490271584099,1.5680960696901185,-0.6960736211093779,-0.2487110505699743,0.3379953402264801,0.3991174355965862,-2.1770857120518237,-2.2461374402701897,-0.0020193690065246133
4.5416666666666705,-3.8064284820350593,-2.3132608820424045,-0.0583276256034636,-2.327490271584099,1.5680960696901185,-0.6960736211093769,-0.2487110505699743,0.3379953402264801,0.3991174355965862,-2.177085712051825,-2.246137440270189,-0.002019369006524492
4.545833333333337,-3.8064284820350593,-2.3132608820424045,-0.0583276256034636,-2.3274902715840984,1.5680960696901185,-0.696073621109376,-0.24871105056997433,0.3379953402264801,0.3991174355965862,-2.1770857120518254,-2.246137440270187,-0.00201936900652443
4.550000000000003,-3.8064284820350593,-2.3132608820424045,-0.0583276256034635,-2.3274902715840984,1.5680960696901187,-0.696073621109375,-0.24871105056997428,0.3379953402264801,0.3991174355965863,-2.1770857120518268,-2.2461374402701857,-0.002019369006524183
4.554166666666671,-3.8064284820350593,-2.3132608820424045,-0.0583276256034635,-2.327490271584098,1.5680960696901187,-0.696073621109374,-0.2487110505699743,0.3379953402264801,0.3991174355965863,-2.1770857120518277,-2.246137440270185,-0.0020193690065240634
4.558333333333337,-3.8064284820350593,-2.3132608820424045,-0.0583276256034634,-2.327490271584098,1.5680960696901187,-0.696073621109373,-0.24871105056997433,0.33799534022648003,0.3991174355965863,-2.1770857120518285,-2.246137440270183,-0.0020193690065239997
4.5625000000000036,-3.8064284820350593,-2.3132608820424045,-0.0583276256034634,-2.327490271584098,1.5680960696901187,-0.696073621109372,-0.24871105056997433,0.33799534022648003,0.3991174355965863,-2.17708571205183,-2.246137440270182,-0.002019369006523987
4.56666666666667,-3.8064284820350593,-2.3132608820424045,-0.0583276256034633,-2.327490271584097,1.5680960696901187,-0.696073621109371,-0.2487110505699744,0.3379953402264801,0.3991174355965865,-2.1770857120518303,-2.246137440270181,-0.002019369006523712
4.570833333333337,-3.8064284820350593,-2.3132608820424045,-0.0583276256034632,-2.327490271584097,1.5680960696901187,-0.6960736211093701,-0.24871105056997433,0.3379953402264801,0.3991174355965865,-2.177085712051831,-2.2461374402701795,-0.0020193690065237434
4.575000000000004,-3.8064284820350593,-2.3132608820424045,-0.0583276256034632,-2.3274902715840966,1.5680960696901187,-0.6960736211093692,-0.24871105056997433,0.33799534022648015,0.3991174355965865,-2.177085712051832,-2.246137440270178,-0.002019369006523683
4.57916666666667,-3.8064284820350593,-2.313260882042405,-0.0583276256034631,-2.3274902715840966,1.5680960696901187,-0.6960736211093682,-0.24871105056997445,0.33799534022648015,0.3991174355965863,-2.1770857120518334,-2.2461374402701773,-0.0020193690065237998
4.5833333333333375,-3.8064284820350593,-2.313260882042405,-0.0583276256034631,-2.327490271584096,1.5680960696901187,-0.6960736211093673,-0.2487110505699745,0.3379953402264802,0.3991174355965863,-2.177085712051834,-2.246137440270176,-0.0020193690065235864
4.587500000000004,-3.8064284820350593,-2.313260882042405,-0.058327625603463,-2.327490271584096,1.5680960696901187,-0.6960736211093663,-0.2487110505699745,0.3379953402264802,0.3991174355965863,-2.1770857120518357,-2.2461374402701755,-0.002019369006523573
4.59166666666667,-3.8064284820350593,-2.313260882042405,-0.0583276256034629,-2.327490271584096,1.5680960696901187,-0.6960736211093653,-0.2487110505699745,0.3379953402264802,0.3991174355965864,-2.177085712051836,-2.2461374402701737,-0.002019369006523602
4.595833333333337,-3.8064284820350593,-2.313260882042405,-0.0583276256034629,-2.327490271584096,1.5680960696901187,-0.6960736211093643,-0.2487110505699745,0.3379953402264802,0.3991174355965864,-2.177085712051837,-2.246137440270173,-0.002019369006523591
4.600000000000004,-3.8064284820350593,-2.313260882042405,-0.0583276256034628,-2.327490271584096,1.5680960696901187,-0.6960736211093633,-0.24871105056997447,0.3379953402264802,0.3991174355965864,-2.1770857120518383,-2.2461374402701715,-0.002019369006523534
4.6041666666666705,-3.8064284820350593,-2.313260882042405,-0.0583276256034628,-2.327490271584096,1.5680960696901187,-0.6960736211093623,-0.24871105056997447,0.3379953402264802,0.3991174355965864,-2.177085712051839,-2.2461374402701706,-0.002019369006523523
4.608333333333337,-3.8064284820350593,-2.313260882042405,-0.0583276256034627,-2.3274902715840957,1.5680960696901187,-0.6960736211093613,-0.2487110505699745,0.3379953402264802,0.3991174355965865,-2.17708571205184,-2.246137440270169,-0.002019369006523505
4.612500000000003,-3.8064284820350593,-2.313260882042405,-0.0583276256034627,-2.327490271584095,1.5680960696901187,-0.6960736211093604,-0.24871105056997453,0.3379953402264802,0.3991174355965865,-2.1770857120518405,-2.246137440270167,-0.0020193690065232867
4.616666666666671,-3.8064284820350593,-2.313260882042405,-0.0583276256034626,-2.327490271584095,1.5680960696901187,-0.6960736211093593,-0.24871105056997456,0.3379953402264802,0.39911743559658663,-2.1770857120518414,-2.246137440270166,-0.0020193690065231644
4.620833333333337,-3.8064284820350593,-2.313260882042405,-0.0583276256034626,-2.327490271584095,1.5680960696901187,-0.6960736211093583,-0.24871105056997456,0.3379953402264802,0.39911743559658663,-2.1770857120518428,-2.246137440270165,-0.002019369006523154
4.6250000000000036,-3.8064284820350593,-2.313260882042405,-0.0583276256034625,-2.327490271584095,1.5680960696901187,-0.6960736211093573,-0.24871105056997456,0.33799534022648026,0.39911743559658663,-2.177085712051844,-2.246137440270164,-0.0020193690065231835
4.629166666666671,-3.8064284820350593,-2.313260882042405,-0.0583276256034625,-2.3274902715840944,1.5680960696901187,-0.6960736211093563,-0.24871105056997458,0.33799534022648026,0.39911743559658663,-2.1770857120518445,-2.246137440270163,-0.0020193690065231254
4.633333333333337,-3.8064284820350593,-2.313260882042405,-0.0583276256034624,-2.327490271584094,1.5680960696901187,-0.6960736211093554,-0.24871105056997458,0.3379953402264803,0.39911743559658663,-2.177085712051845,-2.246137440270161,-0.0020193690065230183
4.637500000000004,-3.8064284820350593,-2.313260882042405,-0.0583276256034624,-2.327490271584094,1.5680960696901187,-0.6960736211093544,-0.24871105056997458,0.3379953402264803,0.39911743559658663,-2.1770857120518463,-2.24613744027016,-0.002019369006523008
4.64166666666667,-3.8064284820350593,-2.313260882042405,-0.0583276256034623,-2.327490271584093,1.5680960696901187,-0.6960736211093534,-0.24871105056997464,0.3379953402264803,0.39911743559658674,-2.1770857120518468,-2.246137440270158,-0.0020193690065227836
4.6458333333333375,-3.8064284820350593,-2.313260882042405,-0.0583276256034623,-2.327490271584093,1.5680960696901187,-0.6960736211093526,-0.24871105056997464,0.3379953402264803,0.39911743559658674,-2.177085712051847,-2.2461374402701573,-0.002019369006522775
4.650000000000004,-3.8064284820350593,-2.313260882042405,-0.0583276256034622,-2.327490271584093,1.5680960696901187,-0.6960736211093516,-0.2487110505699746,0.3379953402264803,0.39911743559658674,-2.177085712051849,-2.2461374402701564,-0.0020193690065228045
4.65416666666667,-3.8064284820350593,-2.313260882042405,-0.0583276256034622,-2.3274902715840926,1.5680960696901187,-0.6960736211093506,-0.24871105056997467,0.3379953402264803,0.39911743559658686,-2.17708571205185,-2.246137440270154,-0.0020193690065226934
4.658333333333337,-3.8064284820350593,-2.313260882042405,-0.0583276256034621,-2.3274902715840926,1.568096069690119,-0.6960736211093494,-0.24871105056997467,0.3379953402264803,0.39911743559658686,-2.1770857120518508,-2.2461374402701533,-0.0020193690065222845
4.662500000000004,-3.8064284820350593,-2.313260882042405,-0.058327625603462,-2.327490271584092,1.568096069690119,-0.6960736211093488,-0.24871105056997472,0.3379953402264803,0.39911743559658697,-2.177085712051851,-2.2461374402701524,-0.0020193690065222697
4.6666666666666705,-3.8064284820350593,-2.313260882042405,-0.058327625603462,-2.327490271584092,1.5680960696901192,-0.6960736211093477,-0.24871105056997472,0.3379953402264803,0.39911743559658697,-2.1770857120518525,-2.246137440270151,-0.0020193690065219137
4.670833333333337,-3.8064284820350593,-2.313260882042405,-0.058327625603462,-2.327490271584092,1.5680960696901192,-0.6960736211093466,-0.24871105056997472,0.3379953402264803,0.39911743559658697,-2.1770857120518534,-2.2461374402701497,-0.0020193690065219015
4.675000000000004,-3.8064284820350593,-2.313260882042405,-0.0583276256034619,-2.327490271584092,1.5680960696901192,-0.6960736211093457,-0.24871105056997467,0.3379953402264803,0.39911743559658697,-2.1770857120518547,-2.246137440270148,-0.0020193690065218378
4.679166666666671,-3.8064284820350593,-2.313260882042405,-0.0583276256034618,-2.327490271584092,1.5680960696901192,-0.6960736211093448,-0.2487110505699747,0.3379953402264803,0.39911743559658697,-2.177085712051855,-2.246137440270148,-0.0020193690065217367
4.683333333333337,-3.8064284820350593,-2.313260882042405,-0.0583276256034618,-2.3274902715840917,1.5680960696901192,-0.6960736211093439,-0.24871105056997472,0.3379953402264803,0.3991174355965871,-2.177085712051856,-2.2461374402701466,-0.0020193690065217207
4.6875000000000036,-3.8064284820350593,-2.313260882042405,-0.0583276256034617,-2.3274902715840917,1.5680960696901192,-0.6960736211093429,-0.24871105056997472,0.33799534022648037,0.3991174355965871,-2.177085712051857,-2.2461374402701453,-0.0020193690065217476
4.691666666666671,-3.8064284820350593,-2.313260882042405,-0.0583276256034617,-2.327490271584091,1.5680960696901192,-0.6960736211093419,-0.24871105056997478,0.33799534022648037,0.3991174355965871,-2.1770857120518574,-2.246137440270144,-0.0020193690065215823
4.695833333333337,-3.8064284820350593,-2.313260882042405,-0.0583276256034616,-2.327490271584091,1.5680960696901192,-0.6960736211093409,-0.24871105056997478,0.33799534022648037,0.3991174355965871,-2.177085712051859,-2.246137440270142,-0.0020193690065214583
4.700000000000004,-3.8064284820350593,-2.313260882042405,-0.0583276256034616,-2.3274902715840904,1.5680960696901192,-0.69607362110934,-0.2487110505699748,0.33799534022648037,0.3991174355965872,-2.1770857120518596,-2.246137440270141,-0.0020193690065214024
4.70416666666667,-3.8064284820350593,-2.313260882042405,-0.0583276256034615,-2.3274902715840904,1.5680960696901192,-0.696073621109339,-0.24871105056997478,0.33799534022648037,0.3991174355965872,-2.177085712051861,-2.2461374402701395,-0.00201936900652139
4.7083333333333375,-3.8064284820350593,-2.313260882042405,-0.0583276256034615,-2.3274902715840904,1.5680960696901192,-0.696073621109338,-0.24871105056997478,0.33799534022648037,0.3991174355965872,-2.1770857120518614,-2.246137440270139,-0.0020193690065213794
4.712500000000004,-3.8064284820350593,-2.313260882042405,-0.0583276256034614,-2.3274902715840904,1.5680960696901192,-0.696073621109337,-0.24871105056997478,0.33799534022648037,0.3991174355965872,-2.1770857120518627,-2.2461374402701377,-0.002019369006521316
4.71666666666667,-3.8064284820350593,-2.313260882042405,-0.0583276256034614,-2.32749027158409,1.5680960696901192,-0.696073621109336,-0.24871105056997478,0.3379953402264804,0.39911743559658724,-2.177085712051863,-2.2461374402701364,-0.002019369006521298
4.720833333333337,-3.8064284820350593,-2.313260882042405,-0.0583276256034613,-2.32749027158409,1.5680960696901192,-0.696073621109335,-0.24871105056997478,0.3379953402264804,0.3991174355965873,-2.1770857120518645,-2.246137440270135,-0.0020193690065211743
4.725000000000004,-3.8064284820350593,-2.313260882042405,-0.0583276256034612,-2.32749027158409,1.5680960696901192,-0.696073621109334,-0.24871105056997478,0.3379953402264804,0.3991174355965873,-2.177085712051866,-2.2461374402701346,-0.0020193690065212697
4.7291666666666705,-3.8064284820350593,-2.313260882042405,-0.0583276256034612,-2.327490271584089,1.5680960696901192,-0.6960736211093331,-0.24871105056997483,0.3379953402264805,0.3991174355965874,-2.1770857120518663,-2.2461374402701324,-0.0020193690065211036
4.733333333333337,-3.8064284820350593,-2.313260882042405,-0.0583276256034611,-2.327490271584089,1.5680960696901192,-0.6960736211093322,-0.24871105056997486,0.3379953402264805,0.3991174355965874,-2.1770857120518667,-2.2461374402701315,-0.0020193690065209986
4.737500000000004,-3.8064284820350593,-2.313260882042406,-0.0583276256034611,-2.327490271584089,1.5680960696901192,-0.6960736211093312,-0.24871105056997503,0.3379953402264806,0.3991174355965871,-2.1770857120518685,-2.2461374402701306,-0.0020193690065211135
4.741666666666671,-3.8064284820350593,-2.313260882042406,-0.058327625603461,-2.3274902715840886,1.5680960696901192,-0.6960736211093302,-0.24871105056997508,0.3379953402264806,0.3991174355965872,-2.1770857120518694,-2.246137440270129,-0.0020193690065210953
4.745833333333337,-3.8064284820350593,-2.313260882042406,-0.058327625603461,-2.3274902715840886,1.5680960696901192,-0.6960736211093292,-0.24871105056997508,0.3379953402264806,0.3991174355965872,-2.1770857120518707,-2.2461374402701284,-0.002019369006521085
4.7500000000000036,-3.8064284820350593,-2.313260882042406,-0.0583276256034609,-2.327490271584088,1.5680960696901192,-0.6960736211093282,-0.24871105056997508,0.33799534022648065,0.3991174355965872,-2.177085712051871,-2.246137440270127,-0.002019369006520976
4.754166666666671,-3.8064284820350593,-2.313260882042406,-0.0583276256034609,-2.327490271584088,1.5680960696901192,-0.6960736211093274,-0.24871105056997508,0.33799534022648065,0.3991174355965872,-2.1770857120518725,-2.2461374402701257,-0.0020193690065209657
4.758333333333337,-3.8064284820350593,-2.313260882042406,-0.0583276256034608,-2.327490271584088,1.5680960696901192,-0.6960736211093264,-0.24871105056997508,0.33799534022648065,0.39911743559658724,-2.177085712051873,-2.2461374402701253,-0.002019369006520934
4.762500000000004,-3.8064284820350593,-2.313260882042406,-0.0583276256034608,-2.327490271584088,1.5680960696901192,-0.6960736211093254,-0.24871105056997508,0.33799534022648065,0.39911743559658724,-2.1770857120518743,-2.246137440270124,-0.002019369006520924
4.76666666666667,-3.8064284820350593,-2.313260882042406,-0.0583276256034607,-2.3274902715840877,1.5680960696901192,-0.6960736211093244,-0.24871105056997517,0.33799534022648065,0.3991174355965873,-2.1770857120518756,-2.246137440270122,-0.002019369006520834
4.7708333333333375,-3.8064284820350593,-2.313260882042406,-0.0583276256034607,-2.3274902715840877,1.5680960696901192,-0.6960736211093234,-0.24871105056997517,0.33799534022648065,0.3991174355965873,-2.1770857120518765,-2.246137440270121,-0.0020193690065208234
4.775000000000004,-3.8064284820350593,-2.313260882042406,-0.0583276256034606,-2.3274902715840877,1.5680960696901192,-0.6960736211093224,-0.24871105056997517,0.33799534022648065,0.3991174355965873,-2.177085712051878,-2.2461374402701204,-0.0020193690065207926
4.77916666666667,-3.8064284820350593,-2.313260882042406,-0.0583276256034605,-2.327490271584087,1.5680960696901192,-0.6960736211093215,-0.24871105056997517,0.33799534022648065,0.3991174355965875,-2.1770857120518774,-2.246137440270118,-0.002019369006520594
4.783333333333338,-3.8064284820350593,-2.313260882042406,-0.0583276256034605,-2.327490271584087,1.5680960696901192,-0.6960736211093205,-0.24871105056997517,0.33799534022648065,0.3991174355965875,-2.1770857120518783,-2.246137440270117,-0.002019369006520582
4.787500000000004,-3.8064284820350593,-2.313260882042406,-0.0583276256034604,-2.3274902715840864,1.5680960696901192,-0.6960736211093195,-0.2487110505699752,0.3379953402264807,0.3991174355965875,-2.1770857120518796,-2.2461374402701155,-0.0020193690065205103
4.7916666666666705,-3.8064284820350593,-2.313260882042406,-0.0583276256034604,-2.327490271584086,1.5680960696901192,-0.6960736211093186,-0.24871105056997522,0.3379953402264807,0.3991174355965875,-2.1770857120518805,-2.2461374402701146,-0.002019369006520394
4.795833333333337,-3.8064284820350593,-2.313260882042406,-0.0583276256034603,-2.327490271584086,1.5680960696901194,-0.6960736211093176,-0.24871105056997525,0.3379953402264807,0.3991174355965875,-2.1770857120518814,-2.2461374402701133,-0.002019369006520017
4.800000000000004,-3.8064284820350593,-2.313260882042406,-0.0583276256034603,-2.327490271584086,1.5680960696901194,-0.6960736211093166,-0.24871105056997525,0.3379953402264807,0.3991174355965875,-2.1770857120518827,-2.246137440270112,-0.0020193690065200068
4.804166666666671,-3.8064284820350593,-2.313260882042406,-0.0583276256034602,-2.327490271584085,1.5680960696901194,-0.6960736211093156,-0.24871105056997525,0.33799534022648076,0.39911743559658763,-2.177085712051883,-2.2461374402701106,-0.0020193690065198507
4.808333333333337,-3.8064284820350593,-2.313260882042406,-0.0583276256034602,-2.327490271584085,1.5680960696901194,-0.6960736211093147,-0.24871105056997525,0.33799534022648076,0.39911743559658763,-2.177085712051884,-2.2461374402701098,-0.002019369006519842
4.8125000000000036,-3.8064284820350593,-2.3132608820424063,-0.0583276256034601,-2.327490271584085,1.5680960696901194,-0.6960736211093137,-0.24871105056997533,0.3379953402264808,0.3991174355965874,-2.1770857120518854,-2.246137440270109,-0.002019369006519908
4.816666666666671,-3.8064284820350593,-2.3132608820424063,-0.05832762560346,-2.327490271584085,1.5680960696901194,-0.6960736211093127,-0.24871105056997533,0.3379953402264808,0.3991174355965875,-2.1770857120518863,-2.2461374402701075,-0.0020193690065199365
4.820833333333337,-3.8064284820350593,-2.3132608820424063,-0.05832762560346,-2.327490271584085,1.5680960696901194,-0.6960736211093117,-0.24871105056997533,0.3379953402264808,0.3991174355965875,-2.177085712051888,-2.2461374402701066,-0.0020193690065199266
4.825000000000004,-3.8064284820350593,-2.3132608820424063,-0.05832762560346,-2.3274902715840846,1.5680960696901194,-0.6960736211093107,-0.24871105056997536,0.3379953402264808,0.3991174355965875,-2.1770857120518885,-2.2461374402701053,-0.002019369006519753
4.829166666666671,-3.8064284820350593,-2.3132608820424063,-0.0583276256034599,-2.3274902715840846,1.5680960696901194,-0.6960736211093097,-0.24871105056997536,0.3379953402264808,0.3991174355965876,-2.17708571205189,-2.246137440270104,-0.0020193690065197865
4.8333333333333375,-3.8064284820350593,-2.3132608820424063,-0.0583276256034599,-2.327490271584084,1.5680960696901194,-0.6960736211093088,-0.24871105056997536,0.33799534022648087,0.39911743559658763,-2.1770857120518903,-2.2461374402701026,-0.0020193690065196342
4.837500000000004,-3.8064284820350593,-2.3132608820424063,-0.0583276256034598,-2.327490271584084,1.5680960696901194,-0.6960736211093077,-0.24871105056997536,0.3379953402264808,0.39911743559658763,-2.1770857120518916,-2.2461374402701013,-0.0020193690065196655
4.84166666666667,-3.8064284820350593,-2.3132608820424063,-0.0583276256034598,-2.327490271584084,1.5680960696901194,-0.6960736211093067,-0.24871105056997536,0.3379953402264808,0.39911743559658763,-2.177085712051893,-2.246137440270101,-0.002019369006519655
4.845833333333338,-3.8064284820350593,-2.3132608820424063,-0.0583276256034597,-2.327490271584084,1.5680960696901194,-0.6960736211093057,-0.24871105056997536,0.3379953402264808,0.39911743559658763,-2.1770857120518934,-2.2461374402700995,-0.0020193690065196425
4.850000000000004,-3.8064284820350593,-2.3132608820424063,-0.0583276256034596,-2.3274902715840837,1.5680960696901194,-0.6960736211093048,-0.2487110505699754,0.3379953402264808,0.39911743559658763,-2.1770857120518943,-2.2461374402700978,-0.0020193690065194708
4.8541666666666705,-3.8064284820350593,-2.3132608820424063,-0.0583276256034596,-2.327490271584083,1.5680960696901194,-0.6960736211093039,-0.24871105056997542,0.33799534022648087,0.39911743559658774,-2.1770857120518947,-2.246137440270096,-0.0020193690065192595
4.858333333333337,-3.8064284820350593,-2.3132608820424063,-0.0583276256034595,-2.327490271584083,1.5680960696901194,-0.6960736211093029,-0.24871105056997542,0.33799534022648087,0.39911743559658774,-2.1770857120518956,-2.246137440270095,-0.0020193690065193554
4.862500000000004,-3.8064284820350593,-2.3132608820424063,-0.0583276256034595,-2.327490271584083,1.5680960696901194,-0.6960736211093019,-0.24871105056997542,0.33799534022648087,0.39911743559658774,-2.177085712051897,-2.246137440270094,-0.002019369006519343
4.866666666666671,-3.8064284820350593,-2.3132608820424063,-0.0583276256034594,-2.327490271584083,1.5680960696901194,-0.6960736211093009,-0.2487110505699754,0.33799534022648087,0.3991174355965878,-2.177085712051898,-2.246137440270093,-0.0020193690065193116
4.870833333333337,-3.8064284820350593,-2.3132608820424063,-0.0583276256034594,-2.3274902715840824,1.5680960696901194,-0.6960736211093,-0.24871105056997544,0.3379953402264809,0.39911743559658774,-2.1770857120518987,-2.2461374402700915,-0.002019369006519255
4.8750000000000036,-3.8064284820350593,-2.3132608820424063,-0.0583276256034593,-2.3274902715840824,1.5680960696901194,-0.696073621109299,-0.24871105056997544,0.3379953402264809,0.3991174355965879,-2.177085712051899,-2.2461374402700907,-0.0020193690065192413
4.879166666666671,-3.8064284820350593,-2.3132608820424063,-0.0583276256034593,-2.3274902715840824,1.5680960696901194,-0.696073621109298,-0.24871105056997544,0.3379953402264809,0.3991174355965879,-2.177085712051901,-2.2461374402700893,-0.002019369006519229
4.883333333333337,-3.8064284820350593,-2.3132608820424063,-0.0583276256034592,-2.327490271584082,1.5680960696901194,-0.6960736211092972,-0.24871105056997547,0.3379953402264808,0.39911743559658786,-2.1770857120519014,-2.246137440270088,-0.002019369006519122
4.887500000000004,-3.8064284820350593,-2.3132608820424068,-0.0583276256034592,-2.327490271584082,1.5680960696901194,-0.6960736211092962,-0.24871105056997556,0.3379953402264809,0.39911743559658774,-2.1770857120519027,-2.246137440270087,-0.0020193690065191303
4.891666666666671,-3.8064284820350593,-2.3132608820424068,-0.0583276256034591,-2.327490271584081,1.5680960696901194,-0.6960736211092952,-0.24871105056997558,0.337995340226481,0.3991174355965879,-2.177085712051903,-2.2461374402700853,-0.0020193690065190457
4.8958333333333375,-3.8064284820350593,-2.3132608820424068,-0.0583276256034591,-2.327490271584081,1.5680960696901194,-0.6960736211092942,-0.24871105056997558,0.337995340226481,0.3991174355965879,-2.1770857120519045,-2.2461374402700844,-0.002019369006519034
4.900000000000004,-3.8064284820350593,-2.3132608820424068,-0.058327625603459,-2.327490271584081,1.5680960696901194,-0.6960736211092933,-0.24871105056997558,0.337995340226481,0.3991174355965879,-2.177085712051906,-2.2461374402700836,-0.002019369006518931
4.90416666666667,-3.8064284820350593,-2.3132608820424068,-0.058327625603459,-2.327490271584081,1.5680960696901196,-0.6960736211092923,-0.2487110505699756,0.337995340226481,0.3991174355965879,-2.1770857120519063,-2.246137440270082,-0.002019369006518577
4.908333333333338,-3.8064284820350593,-2.3132608820424068,-0.0583276256034589,-2.3274902715840806,1.5680960696901196,-0.6960736211092914,-0.24871105056997564,0.337995340226481,0.39911743559658797,-2.1770857120519067,-2.246137440270081,-0.0020193690065184694
4.912500000000004,-3.8064284820350593,-2.3132608820424068,-0.0583276256034589,-2.32749027158408,1.5680960696901196,-0.6960736211092905,-0.24871105056997567,0.337995340226481,0.399117435596588,-2.1770857120519076,-2.24613744027008,-0.002019369006518351
4.9166666666666705,-3.8064284820350593,-2.3132608820424068,-0.0583276256034588,-2.32749027158408,1.5680960696901196,-0.6960736211092895,-0.2487110505699757,0.3379953402264811,0.399117435596588,-2.1770857120519094,-2.2461374402700787,-0.0020193690065184277
4.920833333333337,-3.8064284820350593,-2.3132608820424068,-0.0583276256034587,-2.32749027158408,1.5680960696901196,-0.6960736211092886,-0.24871105056997564,0.3379953402264811,0.3991174355965881,-2.17708571205191,-2.246137440270077,-0.0020193690065183224
4.925000000000004,-3.8064284820350593,-2.3132608820424068,-0.0583276256034587,-2.32749027158408,1.5680960696901196,-0.6960736211092875,-0.24871105056997564,0.3379953402264811,0.3991174355965881,-2.177085712051911,-2.246137440270076,-0.0020193690065183107
4.929166666666671,-3.8064284820350593,-2.3132608820424068,-0.0583276256034586,-2.3274902715840797,1.5680960696901196,-0.6960736211092866,-0.24871105056997564,0.33799534022648103,0.39911743559658813,-2.1770857120519116,-2.246137440270075,-0.0020193690065182734
4.933333333333337,-3.8064284820350593,-2.3132608820424068,-0.0583276256034586,-2.3274902715840797,1.5680960696901196,-0.6960736211092856,-0.24871105056997564,0.33799534022648103,0.39911743559658813,-2.1770857120519125,-2.246137440270074,-0.0020193690065182625
4.937500000000004,-3.8064284820350593,-2.3132608820424068,-0.0583276256034586,-2.3274902715840797,1.5680960696901196,-0.6960736211092846,-0.24871105056997564,0.33799534022648103,0.39911743559658813,-2.177085712051914,-2.2461374402700724,-0.0020193690065182525
4.941666666666671,-3.8064284820350593,-2.3132608820424068,-0.0583276256034585,-2.327490271584079,1.5680960696901196,-0.6960736211092837,-0.24871105056997572,0.3379953402264811,0.3991174355965883,-2.1770857120519143,-2.246137440270071,-0.0020193690065180964
4.945833333333337,-3.8064284820350593,-2.3132608820424068,-0.0583276256034584,-2.327490271584079,1.5680960696901196,-0.6960736211092827,-0.2487110505699757,0.3379953402264811,0.3991174355965883,-2.177085712051915,-2.24613744027007,-0.0020193690065179737
4.950000000000004,-3.8064284820350593,-2.3132608820424068,-0.0583276256034584,-2.327490271584079,1.5680960696901196,-0.6960736211092817,-0.2487110505699757,0.3379953402264811,0.3991174355965883,-2.1770857120519165,-2.2461374402700685,-0.0020193690065179637
4.954166666666671,-3.8064284820350593,-2.3132608820424068,-0.0583276256034583,-2.3274902715840784,1.5680960696901196,-0.6960736211092808,-0.2487110505699757,0.33799534022648114,0.39911743559658835,-2.1770857120519174,-2.246137440270068,-0.002019369006517902
4.9583333333333375,-3.8064284820350593,-2.313260882042407,-0.0583276256034583,-2.3274902715840784,1.5680960696901196,-0.6960736211092798,-0.2487110505699759,0.3379953402264812,0.3991174355965882,-2.1770857120519183,-2.2461374402700662,-0.002019369006517999
4.962500000000004,-3.8064284820350593,-2.313260882042407,-0.0583276256034582,-2.327490271584078,1.5680960696901196,-0.696073621109279,-0.24871105056997592,0.33799534022648126,0.39911743559658824,-2.177085712051919,-2.246137440270065,-0.002019369006517783
4.96666666666667,-3.8064284820350593,-2.313260882042407,-0.0583276256034582,-2.327490271584078,1.5680960696901196,-0.696073621109278,-0.24871105056997592,0.33799534022648126,0.39911743559658824,-2.1770857120519205,-2.246137440270064,-0.0020193690065177703
4.970833333333338,-3.8064284820350593,-2.313260882042407,-0.0583276256034581,-2.327490271584077,1.5680960696901196,-0.6960736211092771,-0.24871105056997592,0.33799534022648126,0.3991174355965883,-2.1770857120519205,-2.2461374402700622,-0.00201936900651771
4.975000000000004,-3.8064284820350593,-2.313260882042407,-0.0583276256034581,-2.327490271584077,1.5680960696901196,-0.6960736211092761,-0.24871105056997592,0.33799534022648126,0.3991174355965883,-2.177085712051922,-2.246137440270061,-0.002019369006517698
4.9791666666666705,-3.8064284820350593,-2.313260882042407,-0.058327625603458,-2.327490271584077,1.5680960696901196,-0.6960736211092751,-0.24871105056997592,0.33799534022648126,0.39911743559658835,-2.1770857120519227,-2.24613744027006,-0.002019369006517593
4.983333333333338,-3.8064284820350593,-2.313260882042407,-0.0583276256034579,-2.327490271584077,1.5680960696901196,-0.6960736211092741,-0.24871105056997592,0.3379953402264812,0.3991174355965884,-2.177085712051924,-2.246137440270059,-0.0020193690065176224
4.987500000000004,-3.8064284820350593,-2.313260882042407,-0.0583276256034579,-2.3274902715840766,1.5680960696901196,-0.6960736211092732,-0.24871105056997597,0.33799534022648126,0.3991174355965884,-2.177085712051924,-2.2461374402700574,-0.0020193690065175036
4.991666666666671,-3.8064284820350593,-2.313260882042407,-0.0583276256034578,-2.3274902715840766,1.5680960696901198,-0.6960736211092721,-0.24871105056997597,0.3379953402264812,0.3991174355965884,-2.177085712051926,-2.2461374402700565,-0.00201936900651725
4.995833333333337,-3.8064284820350593,-2.313260882042407,-0.0583276256034578,-2.3274902715840766,1.5680960696901198,-0.6960736211092711,-0.24871105056997597,0.3379953402264812,0.3991174355965884,-2.1770857120519267,-2.246137440270055,-0.002019369006517241
5.000000000000004,-3.8064284820350593,-2.313260882042407,-0.0583276256034577,-2.327490271584076,1.5680960696901198,-0.6960736211092702,-0.24871105056997597,0.3379953402264813,0.3991174355965885,-2.1770857120519276,-2.246137440270054,-0.0020193690065171102
5.004166666666671,-3.8064284820350593,-2.313260882042407,-0.0583276256034577,-2.327490271584076,1.5680960696901198,-0.6960736211092693,-0.24871105056997597,0.3379953402264813,0.3991174355965885,-2.177085712051929,-2.246137440270053,-0.0020193690065171016
5.008333333333337,-3.8064284820350593,-2.313260882042407,-0.0583276256034576,-2.327490271584076,1.5680960696901198,-0.6960736211092684,-0.24871105056997597,0.33799534022648126,0.3991174355965885,-2.1770857120519294,-2.246137440270052,-0.002019369006517028
5.012500000000004,-3.8064284820350593,-2.313260882042407,-0.0583276256034576,-2.327490271584076,1.5680960696901198,-0.6960736211092674,-0.24871105056997597,0.33799534022648126,0.3991174355965885,-2.1770857120519307,-2.2461374402700507,-0.002019369006517018
5.016666666666671,-3.8064284820350593,-2.313260882042407,-0.0583276256034575,-2.3274902715840757,1.5680960696901198,-0.6960736211092664,-0.24871105056997597,0.33799534022648126,0.3991174355965886,-2.177085712051931,-2.24613744027005,-0.0020193690065169714
5.0208333333333375,-3.8064284820350593,-2.313260882042407,-0.0583276256034575,-2.3274902715840757,1.5680960696901198,-0.6960736211092654,-0.24871105056997597,0.33799534022648126,0.3991174355965886,-2.1770857120519325,-2.246137440270048,-0.002019369006516961
5.025000000000004,-3.8064284820350593,-2.313260882042407,-0.0583276256034574,-2.327490271584075,1.5680960696901198,-0.6960736211092645,-0.24871105056997606,0.3379953402264813,0.3991174355965887,-2.1770857120519325,-2.2461374402700467,-0.00201936900651674
5.029166666666671,-3.8064284820350593,-2.313260882042408,-0.0583276256034574,-2.327490271584075,1.5680960696901198,-0.6960736211092635,-0.24871105056997614,0.33799534022648137,0.39911743559658824,-2.1770857120519342,-2.2461374402700462,-0.0020193690065169194
5.033333333333338,-3.8064284820350593,-2.313260882042408,-0.0583276256034573,-2.327490271584075,1.5680960696901198,-0.6960736211092625,-0.24871105056997614,0.33799534022648137,0.39911743559658835,-2.1770857120519356,-2.246137440270045,-0.002019369006516752
5.037500000000004,-3.8064284820350593,-2.313260882042408,-0.0583276256034572,-2.3274902715840744,1.5680960696901198,-0.6960736211092616,-0.2487110505699762,0.33799534022648137,0.39911743559658835,-2.177085712051936,-2.2461374402700436,-0.00201936900651684
5.0416666666666705,-3.8064284820350593,-2.313260882042408,-0.0583276256034572,-2.3274902715840744,1.56809606969012,-0.6960736211092606,-0.2487110505699762,0.33799534022648137,0.39911743559658835,-2.1770857120519373,-2.2461374402700423,-0.002019369006516482
5.045833333333338,-3.8064284820350593,-2.313260882042408,-0.0583276256034571,-2.327490271584074,1.56809606969012,-0.6960736211092597,-0.24871105056997622,0.33799534022648137,0.39911743559658847,-2.177085712051938,-2.246137440270042,-0.0020193690065163123
5.050000000000004,-3.8064284820350593,-2.313260882042408,-0.0583276256034571,-2.327490271584074,1.56809606969012,-0.6960736211092587,-0.24871105056997622,0.33799534022648137,0.39911743559658847,-2.1770857120519387,-2.24613744027004,-0.002019369006516302
5.054166666666671,-3.8064284820350593,-2.313260882042408,-0.058327625603457,-2.327490271584073,1.56809606969012,-0.6960736211092579,-0.2487110505699763,0.3379953402264815,0.3991174355965886,-2.1770857120519396,-2.2461374402700387,-0.0020193690065160885
5.058333333333337,-3.8064284820350593,-2.313260882042408,-0.058327625603457,-2.327490271584073,1.56809606969012,-0.6960736211092569,-0.2487110505699763,0.3379953402264815,0.3991174355965886,-2.1770857120519405,-2.246137440270038,-0.002019369006516078
5.062500000000004,-3.8064284820350593,-2.313260882042408,-0.0583276256034569,-2.327490271584073,1.56809606969012,-0.696073621109256,-0.2487110505699763,0.3379953402264815,0.3991174355965886,-2.1770857120519413,-2.246137440270036,-0.0020193690065160204
5.066666666666671,-3.8064284820350593,-2.313260882042408,-0.0583276256034569,-2.3274902715840726,1.56809606969012,-0.6960736211092551,-0.24871105056997633,0.3379953402264815,0.39911743559658863,-2.177085712051942,-2.246137440270035,-0.0020193690065159415
5.070833333333337,-3.8064284820350593,-2.313260882042408,-0.0583276256034568,-2.3274902715840726,1.56809606969012,-0.696073621109254,-0.24871105056997633,0.33799534022648153,0.39911743559658863,-2.177085712051943,-2.246137440270034,-0.0020193690065159423
5.075000000000004,-3.8064284820350593,-2.313260882042408,-0.0583276256034568,-2.327490271584072,1.56809606969012,-0.696073621109253,-0.24871105056997636,0.33799534022648153,0.39911743559658863,-2.1770857120519436,-2.246137440270032,-0.002019369006515883
5.079166666666671,-3.8064284820350593,-2.313260882042408,-0.0583276256034567,-2.327490271584072,1.56809606969012,-0.696073621109252,-0.2487110505699763,0.33799534022648153,0.39911743559658874,-2.1770857120519453,-2.246137440270031,-0.002019369006515852
5.0833333333333375,-3.8064284820350593,-2.313260882042408,-0.0583276256034567,-2.327490271584072,1.56809606969012,-0.6960736211092511,-0.2487110505699763,0.33799534022648153,0.39911743559658874,-2.1770857120519462,-2.2461374402700303,-0.002019369006515843
5.087500000000004,-3.8064284820350593,-2.313260882042408,-0.0583276256034566,-2.327490271584072,1.56809606969012,-0.69607362110925,-0.24871105056997633,0.33799534022648153,0.39911743559658874,-2.1770857120519467,-2.246137440270029,-0.0020193690065157797
5.091666666666671,-3.8064284820350593,-2.313260882042408,-0.0583276256034566,-2.327490271584072,1.56809606969012,-0.696073621109249,-0.24871105056997633,0.33799534022648153,0.39911743559658874,-2.1770857120519485,-2.246137440270028,-0.002019369006515768
5.095833333333338,-3.8064284820350593,-2.313260882042408,-0.0583276256034565,-2.327490271584072,1.56809606969012,-0.6960736211092481,-0.24871105056997633,0.3379953402264814,0.3991174355965888,-2.1770857120519493,-2.246137440270027,-0.002019369006515819
5.100000000000004,-3.8064284820350593,-2.313260882042408,-0.0583276256034565,-2.327490271584072,1.56809606969012,-0.6960736211092471,-0.24871105056997633,0.3379953402264814,0.3991174355965888,-2.1770857120519507,-2.2461374402700263,-0.002019369006515809
5.1041666666666705,-3.8064284820350593,-2.313260882042408,-0.0583276256034564,-2.3274902715840717,1.56809606969012,-0.6960736211092462,-0.2487110505699763,0.3379953402264815,0.39911743559658885,-2.1770857120519502,-2.246137440270024,-0.0020193690065156695
5.108333333333338,-3.8064284820350593,-2.313260882042408,-0.0583276256034564,-2.3274902715840717,1.56809606969012,-0.6960736211092452,-0.2487110505699763,0.3379953402264815,0.39911743559658885,-2.177085712051952,-2.2461374402700227,-0.002019369006515659
5.112500000000004,-3.8064284820350593,-2.313260882042408,-0.0583276256034563,-2.327490271584071,1.56809606969012,-0.6960736211092443,-0.2487110505699764,0.33799534022648153,0.3991174355965889,-2.177085712051952,-2.246137440270022,-0.0020193690065153894
5.116666666666671,-3.8064284820350593,-2.313260882042408,-0.0583276256034563,-2.3274902715840704,1.56809606969012,-0.6960736211092434,-0.24871105056997642,0.33799534022648153,0.39911743559658897,-2.1770857120519524,-2.24613744027002,-0.0020193690065153313
5.120833333333337,-3.8064284820350593,-2.313260882042408,-0.0583276256034562,-2.3274902715840704,1.56809606969012,-0.6960736211092424,-0.24871105056997642,0.33799534022648153,0.39911743559658897,-2.177085712051954,-2.2461374402700187,-0.0020193690065153816
5.125000000000004,-3.8064284820350593,-2.313260882042408,-0.0583276256034561,-2.3274902715840704,1.56809606969012,-0.6960736211092414,-0.24871105056997642,0.33799534022648153,0.39911743559658897,-2.1770857120519556,-2.246137440270018,-0.002019369006515351
5.129166666666671,-3.8064284820350593,-2.313260882042408,-0.0583276256034561,-2.32749027158407,1.56809606969012,-0.6960736211092404,-0.24871105056997644,0.3379953402264816,0.399117435596589,-2.1770857120519556,-2.246137440270016,-0.0020193690065151994
5.133333333333337,-3.8064284820350593,-2.313260882042408,-0.058327625603456,-2.327490271584069,1.56809606969012,-0.6960736211092395,-0.2487110505699765,0.33799534022648164,0.39911743559658913,-2.177085712051956,-2.2461374402700143,-0.0020193690065150203
5.137500000000005,-3.8064284820350593,-2.313260882042408,-0.058327625603456,-2.327490271584069,1.5680960696901205,-0.6960736211092385,-0.24871105056997653,0.3379953402264816,0.39911743559658913,-2.1770857120519573,-2.246137440270014,-0.002019369006514321
5.141666666666671,-3.8064284820350593,-2.313260882042408,-0.0583276256034559,-2.327490271584069,1.5680960696901205,-0.6960736211092377,-0.24871105056997653,0.33799534022648153,0.3991174355965892,-2.177085712051958,-2.2461374402700125,-0.002019369006514356
5.1458333333333375,-3.8064284820350593,-2.313260882042408,-0.0583276256034559,-2.327490271584069,1.5680960696901205,-0.6960736211092367,-0.24871105056997653,0.33799534022648153,0.3991174355965892,-2.1770857120519596,-2.2461374402700116,-0.0020193690065143433
5.150000000000004,-3.8064284820350593,-2.313260882042408,-0.0583276256034558,-2.327490271584069,1.5680960696901205,-0.6960736211092357,-0.2487110505699765,0.33799534022648153,0.3991174355965892,-2.1770857120519604,-2.2461374402700107,-0.002019369006514374
5.154166666666671,-3.8064284820350593,-2.313260882042408,-0.0583276256034558,-2.3274902715840686,1.5680960696901205,-0.6960736211092347,-0.24871105056997653,0.3379953402264816,0.39911743559658924,-2.1770857120519613,-2.246137440270009,-0.0020193690065141634
5.158333333333338,-3.8064284820350593,-2.313260882042408,-0.0583276256034557,-2.327490271584068,1.5680960696901205,-0.6960736211092338,-0.24871105056997656,0.3379953402264816,0.3991174355965893,-2.1770857120519618,-2.2461374402700076,-0.0020193690065141074
5.162500000000004,-3.8064284820350593,-2.313260882042408,-0.0583276256034557,-2.327490271584068,1.5680960696901205,-0.6960736211092329,-0.24871105056997656,0.3379953402264816,0.3991174355965893,-2.177085712051963,-2.2461374402700063,-0.0020193690065140966
5.1666666666666705,-3.8064284820350593,-2.313260882042408,-0.0583276256034556,-2.327490271584068,1.5680960696901205,-0.6960736211092319,-0.24871105056997656,0.3379953402264816,0.3991174355965893,-2.177085712051964,-2.246137440270006,-0.00201936900651413
5.170833333333338,-3.8064284820350593,-2.3132608820424085,-0.0583276256034556,-2.327490271584068,1.5680960696901205,-0.6960736211092309,-0.24871105056997658,0.33799534022648176,0.3991174355965892,-2.1770857120519658,-2.2461374402700045,-0.002019369006514133
5.175000000000004,-3.8064284820350593,-2.3132608820424085,-0.0583276256034555,-2.3274902715840677,1.5680960696901205,-0.69607362110923,-0.24871105056997664,0.33799534022648164,0.39911743559658924,-2.1770857120519658,-2.246137440270003,-0.0020193690065140255
5.179166666666671,-3.8064284820350593,-2.3132608820424085,-0.0583276256034554,-2.3274902715840677,1.5680960696901205,-0.696073621109229,-0.24871105056997664,0.33799534022648164,0.39911743559658924,-2.1770857120519667,-2.2461374402700023,-0.0020193690065140133
5.183333333333338,-3.8064284820350593,-2.3132608820424085,-0.0583276256034554,-2.327490271584067,1.5680960696901205,-0.6960736211092281,-0.2487110505699767,0.3379953402264817,0.3991174355965893,-2.177085712051967,-2.2461374402700005,-0.002019369006513883
5.187500000000004,-3.8064284820350593,-2.3132608820424085,-0.0583276256034553,-2.327490271584067,1.5680960696901205,-0.6960736211092271,-0.2487110505699767,0.3379953402264817,0.3991174355965893,-2.1770857120519684,-2.2461374402699996,-0.0020193690065137618
5.191666666666671,-3.8064284820350593,-2.3132608820424085,-0.0583276256034553,-2.327490271584067,1.5680960696901205,-0.6960736211092261,-0.2487110505699767,0.3379953402264817,0.3991174355965893,-2.1770857120519698,-2.2461374402699983,-0.0020193690065137514
5.195833333333337,-3.8064284820350593,-2.3132608820424085,-0.0583276256034552,-2.3274902715840664,1.5680960696901205,-0.6960736211092252,-0.24871105056997672,0.33799534022648176,0.39911743559658935,-2.17708571205197,-2.246137440269997,-0.0020193690065137384
5.200000000000005,-3.8064284820350593,-2.3132608820424085,-0.0583276256034552,-2.3274902715840664,1.5680960696901205,-0.6960736211092242,-0.24871105056997672,0.33799534022648176,0.39911743559658935,-2.1770857120519715,-2.2461374402699956,-0.002019369006513728
5.204166666666671,-3.8064284820350593,-2.3132608820424085,-0.0583276256034551,-2.3274902715840664,1.5680960696901205,-0.6960736211092232,-0.2487110505699767,0.33799534022648176,0.3991174355965894,-2.177085712051972,-2.2461374402699947,-0.0020193690065136646
5.2083333333333375,-3.8064284820350593,-2.3132608820424085,-0.058327625603455,-2.327490271584066,1.5680960696901205,-0.6960736211092223,-0.24871105056997672,0.33799534022648176,0.3991174355965895,-2.177085712051973,-2.2461374402699934,-0.0020193690065135575
5.212500000000004,-3.8064284820350593,-2.3132608820424085,-0.058327625603455,-2.327490271584066,1.5680960696901205,-0.6960736211092212,-0.24871105056997672,0.33799534022648176,0.3991174355965895,-2.177085712051974,-2.2461374402699925,-0.002019369006513547
5.216666666666671,-3.8064284820350593,-2.3132608820424085,-0.058327625603455,-2.327490271584066,1.5680960696901205,-0.6960736211092202,-0.24871105056997672,0.33799534022648176,0.3991174355965895,-2.177085712051975,-2.2461374402699907,-0.0020193690065135367
5.220833333333338,-3.8064284820350593,-2.3132608820424085,-0.0583276256034549,-2.327490271584065,1.5680960696901205,-0.6960736211092192,-0.24871105056997678,0.3379953402264818,0.39911743559658963,-2.1770857120519755,-2.2461374402699894,-0.0020193690065133563
5.225000000000004,-3.8064284820350593,-2.3132608820424085,-0.0583276256034549,-2.327490271584065,1.5680960696901205,-0.6960736211092183,-0.24871105056997678,0.3379953402264818,0.39911743559658963,-2.1770857120519764,-2.246137440269988,-0.002019369006513347
5.2291666666666705,-3.8064284820350593,-2.3132608820424085,-0.0583276256034548,-2.327490271584065,1.5680960696901205,-0.6960736211092174,-0.24871105056997678,0.3379953402264818,0.39911743559658963,-2.1770857120519778,-2.246137440269987,-0.00201936900651338
5.233333333333338,-3.8064284820350593,-2.3132608820424085,-0.0583276256034547,-2.327490271584065,1.5680960696901205,-0.6960736211092164,-0.24871105056997678,0.33799534022648187,0.39911743559658963,-2.1770857120519786,-2.2461374402699867,-0.0020193690065132565
5.237500000000004,-3.8064284820350593,-2.3132608820424085,-0.0583276256034547,-2.3274902715840646,1.5680960696901205,-0.6960736211092154,-0.24871105056997683,0.33799534022648187,0.3991174355965897,-2.177085712051979,-2.2461374402699845,-0.002019369006513198
5.241666666666671,-3.8064284820350593,-2.3132608820424085,-0.0583276256034546,-2.3274902715840646,1.5680960696901205,-0.6960736211092144,-0.24871105056997678,0.33799534022648187,0.3991174355965897,-2.1770857120519804,-2.2461374402699836,-0.0020193690065132487
5.245833333333338,-3.8064284820350593,-2.3132608820424085,-0.0583276256034546,-2.327490271584064,1.5680960696901205,-0.6960736211092136,-0.2487110505699768,0.3379953402264818,0.39911743559658974,-2.1770857120519813,-2.246137440269982,-0.0020193690065131303
5.250000000000004,-3.8064284820350593,-2.3132608820424085,-0.0583276256034545,-2.327490271584064,1.5680960696901205,-0.6960736211092126,-0.2487110505699768,0.3379953402264819,0.3991174355965898,-2.177085712051982,-2.246137440269981,-0.0020193690065130666
5.254166666666671,-3.8064284820350593,-2.3132608820424085,-0.0583276256034545,-2.327490271584064,1.5680960696901205,-0.6960736211092116,-0.2487110505699768,0.3379953402264819,0.3991174355965898,-2.177085712051983,-2.24613744026998,-0.002019369006513056
5.258333333333337,-3.8064284820350593,-2.3132608820424085,-0.0583276256034544,-2.327490271584064,1.5680960696901205,-0.6960736211092107,-0.24871105056997683,0.3379953402264819,0.39911743559658985,-2.1770857120519844,-2.2461374402699787,-0.0020193690065130896
5.262500000000005,-3.8064284820350593,-2.313260882042409,-0.0583276256034544,-2.3274902715840637,1.5680960696901205,-0.6960736211092098,-0.24871105056997692,0.3379953402264819,0.39911743559658963,-2.1770857120519858,-2.2461374402699783,-0.002019369006513092
5.266666666666671,-3.8064284820350593,-2.313260882042409,-0.0583276256034543,-2.3274902715840637,1.5680960696901205,-0.6960736211092089,-0.24871105056997692,0.3379953402264819,0.39911743559658963,-2.177085712051986,-2.2461374402699774,-0.002019369006512985
5.2708333333333375,-3.8064284820350593,-2.313260882042409,-0.0583276256034543,-2.3274902715840637,1.5680960696901205,-0.696073621109208,-0.24871105056997692,0.3379953402264819,0.39911743559658963,-2.177085712051987,-2.246137440269976,-0.0020193690065129764
5.275000000000004,-3.8064284820350593,-2.313260882042409,-0.0583276256034542,-2.3274902715840637,1.5680960696901205,-0.696073621109207,-0.24871105056997694,0.3379953402264819,0.39911743559658963,-2.177085712051988,-2.2461374402699747,-0.0020193690065130722
5.279166666666671,-3.8064284820350593,-2.313260882042409,-0.0583276256034542,-2.327490271584063,1.5680960696901205,-0.6960736211092061,-0.248711050569977,0.337995340226482,0.3991174355965897,-2.177085712051989,-2.246137440269973,-0.002019369006512908
5.283333333333338,-3.8064284820350593,-2.313260882042409,-0.0583276256034541,-2.327490271584063,1.5680960696901205,-0.6960736211092051,-0.248711050569977,0.337995340226482,0.39911743559658974,-2.1770857120519893,-2.246137440269972,-0.0020193690065128463
5.287500000000004,-3.8064284820350593,-2.313260882042409,-0.0583276256034541,-2.3274902715840624,1.5680960696901205,-0.6960736211092042,-0.24871105056997703,0.337995340226482,0.39911743559658974,-2.17708571205199,-2.2461374402699708,-0.002019369006512788
5.291666666666671,-3.8064284820350593,-2.313260882042409,-0.058327625603454,-2.327490271584062,1.5680960696901205,-0.6960736211092033,-0.248711050569977,0.33799534022648203,0.3991174355965898,-2.177085712051991,-2.2461374402699694,-0.0020193690065125986
5.295833333333338,-3.8064284820350593,-2.313260882042409,-0.0583276256034539,-2.327490271584062,1.5680960696901205,-0.6960736211092023,-0.248711050569977,0.337995340226482,0.39911743559658985,-2.177085712051992,-2.2461374402699685,-0.0020193690065126485
5.300000000000004,-3.8064284820350593,-2.313260882042409,-0.0583276256034539,-2.327490271584061,1.5680960696901205,-0.6960736211092015,-0.24871105056997705,0.337995340226482,0.39911743559658996,-2.1770857120519924,-2.2461374402699668,-0.0020193690065124824
5.304166666666671,-3.8064284820350593,-2.313260882042409,-0.0583276256034538,-2.327490271584061,1.5680960696901205,-0.6960736211092005,-0.24871105056997708,0.33799534022648203,0.39911743559658996,-2.1770857120519933,-2.2461374402699654,-0.002019369006512419
5.308333333333338,-3.8064284820350593,-2.313260882042409,-0.0583276256034538,-2.327490271584061,1.5680960696901205,-0.6960736211091996,-0.24871105056997708,0.33799534022648203,0.39911743559658996,-2.1770857120519946,-2.246137440269965,-0.0020193690065124104
5.312500000000004,-3.8064284820350593,-2.313260882042409,-0.0583276256034537,-2.327490271584061,1.5680960696901205,-0.6960736211091987,-0.24871105056997708,0.33799534022648203,0.3991174355965901,-2.1770857120519955,-2.246137440269963,-0.0020193690065124395
5.316666666666671,-3.8064284820350593,-2.313260882042409,-0.0583276256034537,-2.327490271584061,1.5680960696901205,-0.6960736211091977,-0.24871105056997708,0.33799534022648203,0.3991174355965901,-2.1770857120519964,-2.2461374402699623,-0.002019369006512429
5.320833333333337,-3.8064284820350593,-2.313260882042409,-0.0583276256034536,-2.3274902715840606,1.5680960696901205,-0.6960736211091968,-0.24871105056997705,0.33799534022648203,0.3991174355965901,-2.177085712051997,-2.2461374402699614,-0.002019369006512324
5.325000000000005,-3.8064284820350593,-2.313260882042409,-0.0583276256034536,-2.3274902715840606,1.5680960696901205,-0.6960736211091958,-0.24871105056997705,0.33799534022648203,0.3991174355965901,-2.177085712051998,-2.24613744026996,-0.0020193690065123133
5.329166666666671,-3.8064284820350593,-2.313260882042409,-0.0583276256034535,-2.32749027158406,1.5680960696901205,-0.6960736211091949,-0.24871105056997708,0.3379953402264821,0.3991174355965902,-2.1770857120519986,-2.246137440269959,-0.0020193690065121385
5.3333333333333375,-3.8064284820350593,-2.313260882042409,-0.0583276256034535,-2.32749027158406,1.5680960696901205,-0.6960736211091939,-0.24871105056997708,0.3379953402264821,0.3991174355965902,-2.177085712052,-2.246137440269958,-0.0020193690065121285
5.337500000000005,-3.8064284820350593,-2.313260882042409,-0.0583276256034534,-2.32749027158406,1.5680960696901205,-0.696073621109193,-0.2487110505699771,0.3379953402264821,0.3991174355965902,-2.1770857120520013,-2.2461374402699565,-0.002019369006512099
5.341666666666671,-3.8064284820350593,-2.313260882042409,-0.0583276256034533,-2.32749027158406,1.5680960696901205,-0.6960736211091921,-0.2487110505699771,0.33799534022648203,0.3991174355965902,-2.1770857120520017,-2.2461374402699557,-0.002019369006512099
5.345833333333338,-3.8064284820350593,-2.313260882042409,-0.0583276256034533,-2.32749027158406,1.5680960696901205,-0.6960736211091911,-0.2487110505699771,0.33799534022648203,0.3991174355965902,-2.177085712052003,-2.2461374402699548,-0.0020193690065120895
5.350000000000004,-3.8064284820350593,-2.313260882042409,-0.0583276256034532,-2.3274902715840597,1.5680960696901205,-0.6960736211091902,-0.24871105056997714,0.33799534022648203,0.3991174355965903,-2.1770857120520035,-2.246137440269953,-0.0020193690065120136
5.354166666666671,-3.8064284820350593,-2.313260882042409,-0.0583276256034532,-2.3274902715840597,1.5680960696901207,-0.6960736211091892,-0.24871105056997717,0.33799534022648203,0.3991174355965903,-2.177085712052005,-2.2461374402699517,-0.002019369006511656
5.358333333333338,-3.8064284820350593,-2.313260882042409,-0.0583276256034531,-2.3274902715840597,1.5680960696901207,-0.6960736211091882,-0.24871105056997717,0.33799534022648203,0.3991174355965903,-2.177085712052006,-2.2461374402699508,-0.002019369006511597
5.362500000000004,-3.8064284820350593,-2.313260882042409,-0.0583276256034531,-2.327490271584059,1.5680960696901207,-0.6960736211091874,-0.24871105056997722,0.3379953402264821,0.39911743559659035,-2.1770857120520066,-2.246137440269949,-0.0020193690065114893
5.366666666666671,-3.8064284820350593,-2.313260882042409,-0.058327625603453,-2.3274902715840584,1.5680960696901207,-0.6960736211091865,-0.2487110505699772,0.3379953402264821,0.3991174355965904,-2.1770857120520066,-2.246137440269948,-0.002019369006511274
5.370833333333338,-3.8064284820350593,-2.313260882042409,-0.058327625603453,-2.3274902715840584,1.5680960696901207,-0.6960736211091855,-0.2487110505699772,0.3379953402264821,0.3991174355965904,-2.177085712052008,-2.2461374402699468,-0.0020193690065112616
5.375000000000004,-3.8064284820350593,-2.313260882042409,-0.0583276256034529,-2.327490271584058,1.5680960696901207,-0.6960736211091846,-0.24871105056997722,0.33799534022648214,0.39911743559659046,-2.177085712052009,-2.2461374402699454,-0.002019369006511249
5.379166666666671,-3.8064284820350593,-2.313260882042409,-0.0583276256034529,-2.327490271584058,1.5680960696901207,-0.6960736211091837,-0.24871105056997722,0.33799534022648214,0.39911743559659046,-2.1770857120520097,-2.2461374402699446,-0.0020193690065112386
5.383333333333337,-3.8064284820350593,-2.313260882042409,-0.0583276256034528,-2.327490271584058,1.5680960696901207,-0.6960736211091827,-0.24871105056997725,0.33799534022648214,0.39911743559659046,-2.1770857120520106,-2.2461374402699428,-0.002019369006511164
5.387500000000005,-3.8064284820350593,-2.313260882042409,-0.0583276256034527,-2.327490271584057,1.5680960696901207,-0.6960736211091818,-0.2487110505699773,0.3379953402264822,0.39911743559659063,-2.177085712052011,-2.2461374402699414,-0.002019369006510945
5.391666666666671,-3.8064284820350593,-2.313260882042409,-0.0583276256034527,-2.327490271584057,1.5680960696901207,-0.6960736211091808,-0.2487110505699773,0.3379953402264822,0.39911743559659063,-2.1770857120520124,-2.24613744026994,-0.002019369006510935
5.3958333333333375,-3.8064284820350593,-2.313260882042409,-0.0583276256034526,-2.327490271584057,1.5680960696901207,-0.6960736211091799,-0.24871105056997725,0.33799534022648214,0.39911743559659063,-2.177085712052013,-2.2461374402699397,-0.002019369006511032
5.400000000000005,-3.8064284820350593,-2.31326088204241,-0.0583276256034526,-2.327490271584057,1.5680960696901207,-0.6960736211091789,-0.24871105056997742,0.3379953402264823,0.3991174355965903,-2.1770857120520146,-2.246137440269939,-0.0020193690065110565
5.404166666666671,-3.8064284820350593,-2.31326088204241,-0.0583276256034525,-2.327490271584057,1.5680960696901207,-0.696073621109178,-0.24871105056997742,0.3379953402264823,0.3991174355965903,-2.177085712052016,-2.246137440269938,-0.0020193690065110916
5.408333333333338,-3.8064284820350593,-2.31326088204241,-0.0583276256034525,-2.3274902715840566,1.5680960696901207,-0.6960736211091771,-0.24871105056997744,0.33799534022648237,0.3991174355965903,-2.177085712052017,-2.246137440269937,-0.0020193690065110734
5.412500000000004,-3.8064284820350593,-2.31326088204241,-0.0583276256034524,-2.3274902715840566,1.5680960696901207,-0.6960736211091761,-0.24871105056997747,0.3379953402264823,0.3991174355965903,-2.1770857120520173,-2.2461374402699357,-0.0020193690065110114
5.416666666666671,-3.8064284820350593,-2.31326088204241,-0.0583276256034524,-2.327490271584056,1.5680960696901207,-0.6960736211091753,-0.2487110505699775,0.3379953402264823,0.3991174355965904,-2.1770857120520177,-2.246137440269934,-0.0020193690065108925
5.420833333333338,-3.8064284820350593,-2.31326088204241,-0.0583276256034523,-2.327490271584056,1.5680960696901207,-0.6960736211091744,-0.2487110505699775,0.3379953402264823,0.3991174355965904,-2.1770857120520195,-2.2461374402699334,-0.0020193690065108314
5.425000000000004,-3.8064284820350593,-2.31326088204241,-0.0583276256034523,-2.327490271584056,1.5680960696901207,-0.6960736211091734,-0.2487110505699775,0.3379953402264823,0.3991174355965904,-2.17708571205202,-2.246137440269932,-0.002019369006510821
5.429166666666671,-3.8064284820350593,-2.31326088204241,-0.0583276256034522,-2.327490271584056,1.5680960696901207,-0.6960736211091724,-0.2487110505699775,0.3379953402264823,0.3991174355965904,-2.177085712052021,-2.2461374402699312,-0.0020193690065108127
5.433333333333338,-3.8064284820350593,-2.31326088204241,-0.0583276256034522,-2.327490271584056,1.5680960696901207,-0.6960736211091714,-0.2487110505699775,0.3379953402264823,0.3991174355965904,-2.1770857120520226,-2.2461374402699303,-0.0020193690065108006
5.437500000000004,-3.806428482035059,-2.31326088204241,-0.0583276256034521,-2.327490271584056,1.5680960696901207,-0.6960736211091704,-0.2487110505699776,0.3379953402264822,0.3991174355965905,-2.1770857120520226,-2.2461374402699295,-0.002019369006510699
5.441666666666671,-3.806428482035059,-2.31326088204241,-0.0583276256034521,-2.3274902715840557,1.5680960696901207,-0.6960736211091695,-0.24871105056997767,0.33799534022648225,0.3991174355965905,-2.177085712052024,-2.246137440269928,-0.0020193690065106414
5.445833333333338,-3.806428482035059,-2.31326088204241,-0.058327625603452,-2.327490271584055,1.5680960696901207,-0.6960736211091686,-0.24871105056997772,0.3379953402264823,0.39911743559659063,-2.177085712052024,-2.246137440269926,-0.002019369006510494
5.450000000000005,-3.806428482035059,-2.31326088204241,-0.058327625603452,-2.327490271584055,1.568096069690121,-0.6960736211091676,-0.24871105056997772,0.33799534022648225,0.39911743559659063,-2.177085712052025,-2.2461374402699255,-0.0020193690065101397
5.454166666666671,-3.806428482035059,-2.31326088204241,-0.0583276256034519,-2.3274902715840544,1.568096069690121,-0.6960736211091667,-0.24871105056997772,0.3379953402264823,0.39911743559659074,-2.1770857120520253,-2.2461374402699237,-0.0020193690065100343
5.4583333333333375,-3.806428482035059,-2.31326088204241,-0.0583276256034519,-2.327490271584054,1.568096069690121,-0.6960736211091658,-0.24871105056997775,0.3379953402264823,0.39911743559659074,-2.177085712052026,-2.246137440269923,-0.002019369006509976
5.462500000000005,-3.806428482035059,-2.31326088204241,-0.0583276256034518,-2.327490271584054,1.568096069690121,-0.6960736211091648,-0.24871105056997775,0.33799534022648237,0.39911743559659074,-2.177085712052027,-2.2461374402699215,-0.002019369006509913
5.466666666666671,-3.806428482035059,-2.31326088204241,-0.0583276256034518,-2.327490271584054,1.568096069690121,-0.6960736211091638,-0.24871105056997775,0.33799534022648237,0.39911743559659074,-2.1770857120520284,-2.24613744026992,-0.0020193690065099007
5.470833333333338,-3.806428482035059,-2.31326088204241,-0.0583276256034517,-2.327490271584053,1.568096069690121,-0.6960736211091629,-0.2487110505699778,0.33799534022648237,0.39911743559659085,-2.177085712052029,-2.246137440269919,-0.002019369006509822
5.475000000000004,-3.806428482035059,-2.31326088204241,-0.0583276256034517,-2.327490271584053,1.568096069690121,-0.6960736211091619,-0.2487110505699778,0.33799534022648237,0.39911743559659085,-2.17708571205203,-2.2461374402699175,-0.0020193690065098114
5.479166666666671,-3.806428482035059,-2.31326088204241,-0.0583276256034516,-2.327490271584053,1.568096069690121,-0.696073621109161,-0.2487110505699778,0.33799534022648225,0.39911743559659085,-2.17708571205203,-2.2461374402699166,-0.0020193690065097706
5.483333333333338,-3.806428482035059,-2.3132608820424103,-0.0583276256034516,-2.327490271584053,1.5680960696901212,-0.69607362110916,-0.24871105056997792,0.3379953402264824,0.3991174355965907,-2.177085712052032,-2.2461374402699157,-0.0020193690065094276
5.487500000000004,-3.806428482035059,-2.3132608820424103,-0.0583276256034515,-2.3274902715840526,1.5680960696901212,-0.6960736211091592,-0.24871105056997794,0.3379953402264824,0.39911743559659074,-2.1770857120520333,-2.2461374402699144,-0.0020193690065094115
5.491666666666672,-3.806428482035059,-2.3132608820424103,-0.0583276256034515,-2.327490271584052,1.5680960696901212,-0.6960736211091583,-0.24871105056997797,0.3379953402264825,0.39911743559659074,-2.1770857120520337,-2.2461374402699126,-0.0020193690065092927
5.495833333333338,-3.806428482035059,-2.3132608820424103,-0.0583276256034514,-2.327490271584052,1.5680960696901212,-0.6960736211091573,-0.24871105056997797,0.3379953402264825,0.39911743559659074,-2.1770857120520346,-2.2461374402699117,-0.002019369006509262
5.500000000000004,-3.806428482035059,-2.3132608820424103,-0.0583276256034514,-2.327490271584052,1.5680960696901212,-0.6960736211091563,-0.24871105056997797,0.3379953402264825,0.39911743559659074,-2.1770857120520355,-2.2461374402699112,-0.0020193690065092532
5.504166666666671,-3.806428482035059,-2.3132608820424103,-0.0583276256034513,-2.327490271584052,1.5680960696901212,-0.6960736211091554,-0.24871105056997797,0.3379953402264824,0.39911743559659074,-2.177085712052037,-2.2461374402699095,-0.0020193690065093014
5.508333333333338,-3.806428482035059,-2.3132608820424103,-0.0583276256034513,-2.327490271584052,1.5680960696901212,-0.6960736211091544,-0.24871105056997797,0.3379953402264824,0.39911743559659074,-2.1770857120520373,-2.246137440269909,-0.0020193690065092927
5.512500000000005,-3.806428482035059,-2.3132608820424103,-0.0583276256034512,-2.3274902715840518,1.5680960696901212,-0.6960736211091535,-0.24871105056997803,0.3379953402264824,0.39911743559659096,-2.1770857120520386,-2.2461374402699077,-0.002019369006509176
5.516666666666671,-3.806428482035059,-2.3132608820424103,-0.0583276256034512,-2.3274902715840518,1.5680960696901212,-0.6960736211091525,-0.24871105056997803,0.3379953402264824,0.39911743559659096,-2.1770857120520395,-2.2461374402699064,-0.002019369006509166
5.5208333333333375,-3.806428482035059,-2.3132608820424103,-0.0583276256034511,-2.3274902715840518,1.5680960696901212,-0.6960736211091515,-0.24871105056997797,0.3379953402264825,0.39911743559659096,-2.177085712052041,-2.246137440269905,-0.002019369006509199
5.525000000000005,-3.806428482035059,-2.3132608820424103,-0.0583276256034511,-2.3274902715840518,1.5680960696901212,-0.6960736211091505,-0.24871105056997797,0.3379953402264825,0.39911743559659096,-2.177085712052042,-2.2461374402699046,-0.002019369006509187
5.529166666666671,-3.806428482035059,-2.3132608820424103,-0.058327625603451,-2.327490271584051,1.5680960696901212,-0.6960736211091495,-0.24871105056997803,0.3379953402264825,0.3991174355965911,-2.1770857120520426,-2.246137440269902,-0.002019369006509015
5.533333333333338,-3.806428482035059,-2.3132608820424103,-0.058327625603451,-2.3274902715840504,1.5680960696901212,-0.6960736211091486,-0.24871105056997805,0.33799534022648253,0.3991174355965911,-2.177085712052043,-2.2461374402699006,-0.002019369006508802
5.537500000000005,-3.806428482035059,-2.3132608820424103,-0.0583276256034509,-2.3274902715840504,1.5680960696901212,-0.6960736211091476,-0.24871105056997805,0.33799534022648253,0.3991174355965911,-2.177085712052044,-2.2461374402698997,-0.0020193690065088976
5.541666666666671,-3.806428482035059,-2.3132608820424103,-0.0583276256034509,-2.32749027158405,1.5680960696901212,-0.6960736211091466,-0.24871105056997808,0.33799534022648253,0.3991174355965911,-2.1770857120520444,-2.246137440269898,-0.0020193690065087866
5.545833333333338,-3.806428482035059,-2.3132608820424103,-0.0583276256034508,-2.327490271584049,1.5680960696901212,-0.6960736211091457,-0.2487110505699781,0.3379953402264826,0.3991174355965912,-2.1770857120520453,-2.2461374402698966,-0.0020193690065085077
5.550000000000004,-3.806428482035059,-2.3132608820424108,-0.0583276256034508,-2.327490271584049,1.5680960696901212,-0.6960736211091447,-0.2487110505699782,0.33799534022648264,0.3991174355965911,-2.177085712052046,-2.246137440269896,-0.0020193690065086695
5.554166666666672,-3.806428482035059,-2.3132608820424108,-0.0583276256034507,-2.327490271584049,1.5680960696901212,-0.6960736211091438,-0.2487110505699782,0.33799534022648264,0.3991174355965911,-2.177085712052048,-2.2461374402698953,-0.0020193690065085966
5.558333333333338,-3.806428482035059,-2.3132608820424108,-0.0583276256034506,-2.327490271584049,1.5680960696901212,-0.6960736211091428,-0.2487110505699782,0.33799534022648264,0.3991174355965911,-2.177085712052049,-2.246137440269894,-0.002019369006508539
5.562500000000004,-3.806428482035059,-2.3132608820424108,-0.0583276256034506,-2.327490271584049,1.5680960696901214,-0.6960736211091417,-0.24871105056997822,0.33799534022648264,0.3991174355965911,-2.1770857120520497,-2.246137440269893,-0.002019369006508181
5.566666666666671,-3.806428482035059,-2.3132608820424108,-0.0583276256034505,-2.327490271584049,1.5680960696901214,-0.6960736211091407,-0.24871105056997816,0.3379953402264826,0.3991174355965911,-2.177085712052051,-2.2461374402698913,-0.0020193690065082102
5.570833333333338,-3.806428482035059,-2.3132608820424108,-0.0583276256034505,-2.3274902715840486,1.5680960696901214,-0.6960736211091398,-0.2487110505699782,0.3379953402264826,0.3991174355965911,-2.1770857120520515,-2.2461374402698904,-0.002019369006508158
5.575000000000005,-3.806428482035059,-2.3132608820424108,-0.0583276256034504,-2.327490271584048,1.5680960696901214,-0.6960736211091388,-0.24871105056997822,0.33799534022648264,0.3991174355965912,-2.177085712052052,-2.2461374402698886,-0.002019369006508028
5.579166666666671,-3.806428482035059,-2.3132608820424108,-0.0583276256034504,-2.327490271584048,1.5680960696901214,-0.6960736211091377,-0.24871105056997822,0.33799534022648264,0.3991174355965912,-2.1770857120520537,-2.2461374402698873,-0.002019369006508016
5.5833333333333375,-3.806428482035059,-2.3132608820424108,-0.0583276256034503,-2.327490271584048,1.5680960696901214,-0.6960736211091367,-0.24871105056997822,0.33799534022648264,0.39911743559659124,-2.1770857120520546,-2.2461374402698864,-0.002019369006508045
5.587500000000005,-3.806428482035059,-2.3132608820424108,-0.0583276256034503,-2.327490271584048,1.5680960696901214,-0.6960736211091358,-0.24871105056997822,0.33799534022648264,0.39911743559659124,-2.177085712052056,-2.2461374402698855,-0.0020193690065080368
5.591666666666671,-3.806428482035059,-2.3132608820424108,-0.0583276256034502,-2.327490271584048,1.5680960696901214,-0.6960736211091348,-0.24871105056997822,0.33799534022648264,0.3991174355965913,-2.177085712052057,-2.246137440269884,-0.002019369006507934
5.595833333333338,-3.806428482035059,-2.3132608820424108,-0.0583276256034501,-2.3274902715840478,1.5680960696901214,-0.6960736211091338,-0.24871105056997822,0.33799534022648264,0.3991174355965913,-2.1770857120520577,-2.246137440269883,-0.002019369006507761
5.600000000000005,-3.806428482035059,-2.3132608820424108,-0.0583276256034501,-2.3274902715840478,1.5680960696901214,-0.6960736211091328,-0.24871105056997822,0.33799534022648264,0.3991174355965913,-2.177085712052059,-2.2461374402698815,-0.00201936900650775
5.604166666666671,-3.806428482035059,-2.3132608820424108,-0.05832762560345,-2.327490271584047,1.5680960696901214,-0.696073621109132,-0.24871105056997828,0.3379953402264827,0.3991174355965914,-2.177085712052059,-2.2461374402698797,-0.002019369006507688
5.608333333333338,-3.806428482035059,-2.3132608820424108,-0.05832762560345,-2.327490271584047,1.5680960696901214,-0.696073621109131,-0.24871105056997828,0.3379953402264827,0.3991174355965914,-2.1770857120520604,-2.246137440269879,-0.0020193690065076772
5.612500000000004,-3.806428482035059,-2.3132608820424108,-0.0583276256034499,-2.327490271584047,1.5680960696901214,-0.69607362110913,-0.2487110505699783,0.3379953402264827,0.3991174355965914,-2.177085712052061,-2.246137440269878,-0.0020193690065075727
5.616666666666672,-3.806428482035059,-2.3132608820424108,-0.0583276256034499,-2.3274902715840464,1.5680960696901214,-0.6960736211091291,-0.24871105056997833,0.33799534022648275,0.3991174355965915,-2.1770857120520617,-2.246137440269876,-0.0020193690065075528
5.620833333333338,-3.806428482035059,-2.313260882042411,-0.0583276256034498,-2.3274902715840464,1.5680960696901214,-0.696073621109128,-0.2487110505699784,0.33799534022648275,0.39911743559659135,-2.1770857120520635,-2.2461374402698753,-0.0020193690065076464
5.625000000000004,-3.806428482035059,-2.313260882042411,-0.0583276256034498,-2.3274902715840464,1.5680960696901214,-0.696073621109127,-0.2487110505699784,0.33799534022648275,0.39911743559659135,-2.1770857120520644,-2.246137440269875,-0.0020193690065076343
5.629166666666671,-3.806428482035059,-2.313260882042411,-0.0583276256034497,-2.327490271584046,1.5680960696901214,-0.6960736211091261,-0.24871105056997844,0.3379953402264828,0.3991174355965914,-2.177085712052065,-2.246137440269873,-0.0020193690065074647
5.633333333333338,-3.806428482035059,-2.313260882042411,-0.0583276256034496,-2.327490271584045,1.5680960696901214,-0.6960736211091251,-0.2487110505699785,0.3379953402264828,0.3991174355965915,-2.1770857120520657,-2.2461374402698713,-0.002019369006507356
5.637500000000005,-3.806428482035059,-2.313260882042411,-0.0583276256034496,-2.327490271584045,1.5680960696901214,-0.6960736211091241,-0.2487110505699785,0.3379953402264828,0.3991174355965915,-2.1770857120520666,-2.2461374402698704,-0.002019369006507347
5.641666666666671,-3.806428482035059,-2.313260882042411,-0.0583276256034496,-2.327490271584045,1.5680960696901214,-0.6960736211091231,-0.2487110505699785,0.3379953402264828,0.3991174355965915,-2.177085712052068,-2.2461374402698695,-0.0020193690065073372
5.645833333333338,-3.806428482035059,-2.313260882042411,-0.0583276256034495,-2.327490271584045,1.5680960696901214,-0.6960736211091221,-0.2487110505699785,0.3379953402264828,0.3991174355965916,-2.177085712052069,-2.2461374402698677,-0.0020193690065072128
5.650000000000005,-3.806428482035059,-2.313260882042411,-0.0583276256034495,-2.327490271584045,1.5680960696901214,-0.6960736211091211,-0.2487110505699785,0.3379953402264828,0.3991174355965916,-2.1770857120520697,-2.2461374402698664,-0.0020193690065072
5.654166666666671,-3.806428482035059,-2.313260882042411,-0.0583276256034494,-2.3274902715840446,1.5680960696901214,-0.6960736211091201,-0.24871105056997853,0.3379953402264828,0.3991174355965917,-2.1770857120520706,-2.246137440269865,-0.002019369006507069
5.658333333333338,-3.806428482035059,-2.313260882042411,-0.0583276256034494,-2.3274902715840446,1.5680960696901214,-0.6960736211091191,-0.24871105056997853,0.3379953402264828,0.3991174355965917,-2.177085712052072,-2.246137440269864,-0.0020193690065070605
5.662500000000005,-3.806428482035059,-2.313260882042411,-0.0583276256034493,-2.327490271584044,1.5680960696901214,-0.6960736211091182,-0.24871105056997858,0.33799534022648287,0.3991174355965917,-2.1770857120520724,-2.2461374402698633,-0.0020193690065070592
5.666666666666671,-3.806428482035059,-2.313260882042411,-0.0583276256034492,-2.327490271584044,1.5680960696901216,-0.6960736211091172,-0.24871105056997853,0.33799534022648287,0.39911743559659163,-2.1770857120520732,-2.246137440269862,-0.0020193690065067028
5.670833333333338,-3.806428482035059,-2.313260882042411,-0.0583276256034492,-2.327490271584044,1.5680960696901216,-0.6960736211091162,-0.24871105056997853,0.33799534022648287,0.39911743559659163,-2.177085712052074,-2.246137440269861,-0.002019369006506691
5.675000000000004,-3.806428482035059,-2.313260882042411,-0.0583276256034491,-2.3274902715840438,1.5680960696901216,-0.6960736211091153,-0.24871105056997858,0.33799534022648287,0.39911743559659174,-2.177085712052075,-2.2461374402698593,-0.0020193690065066798
5.679166666666672,-3.806428482035059,-2.313260882042411,-0.0583276256034491,-2.3274902715840438,1.5680960696901216,-0.6960736211091143,-0.24871105056997858,0.33799534022648287,0.39911743559659174,-2.1770857120520763,-2.246137440269858,-0.00201936900650667
5.683333333333338,-3.806428482035059,-2.313260882042411,-0.058327625603449,-2.3274902715840438,1.5680960696901216,-0.6960736211091133,-0.24871105056997858,0.33799534022648287,0.39911743559659174,-2.1770857120520777,-2.246137440269857,-0.002019369006506546
5.687500000000004,-3.806428482035059,-2.313260882042411,-0.058327625603449,-2.327490271584043,1.5680960696901216,-0.6960736211091123,-0.24871105056997864,0.3379953402264829,0.39911743559659185,-2.1770857120520777,-2.2461374402698553,-0.0020193690065063268
5.691666666666672,-3.806428482035059,-2.313260882042411,-0.0583276256034489,-2.3274902715840424,1.5680960696901216,-0.6960736211091114,-0.2487110505699786,0.337995340226483,0.39911743559659185,-2.177085712052078,-2.246137440269854,-0.002019369006506312
5.695833333333338,-3.806428482035059,-2.313260882042411,-0.0583276256034489,-2.3274902715840424,1.5680960696901216,-0.6960736211091104,-0.2487110505699786,0.337995340226483,0.39911743559659185,-2.177085712052079,-2.246137440269852,-0.002019369006506302
5.700000000000005,-3.806428482035059,-2.313260882042411,-0.0583276256034488,-2.3274902715840424,1.5680960696901216,-0.6960736211091094,-0.2487110505699786,0.33799534022648287,0.39911743559659196,-2.1770857120520803,-2.246137440269852,-0.002019369006506288
5.704166666666671,-3.806428482035059,-2.313260882042412,-0.0583276256034488,-2.3274902715840424,1.5680960696901216,-0.6960736211091084,-0.2487110505699788,0.33799534022648303,0.3991174355965915,-2.177085712052082,-2.246137440269851,-0.002019369006506329
5.708333333333338,-3.806428482035059,-2.313260882042412,-0.0583276256034487,-2.327490271584042,1.5680960696901216,-0.6960736211091075,-0.24871105056997883,0.33799534022648303,0.39911743559659163,-2.1770857120520826,-2.246137440269849,-0.002019369006506218
5.712500000000005,-3.806428482035059,-2.313260882042412,-0.0583276256034487,-2.327490271584042,1.5680960696901216,-0.6960736211091065,-0.24871105056997883,0.33799534022648303,0.39911743559659163,-2.1770857120520835,-2.2461374402698486,-0.0020193690065062058
5.716666666666671,-3.806428482035059,-2.313260882042412,-0.0583276256034486,-2.327490271584042,1.5680960696901216,-0.6960736211091055,-0.24871105056997878,0.3379953402264831,0.3991174355965917,-2.1770857120520843,-2.2461374402698473,-0.0020193690065061784
5.720833333333338,-3.806428482035059,-2.313260882042412,-0.0583276256034486,-2.327490271584041,1.5680960696901216,-0.6960736211091046,-0.24871105056997883,0.3379953402264831,0.39911743559659174,-2.177085712052085,-2.2461374402698455,-0.0020193690065061125
5.725000000000005,-3.806428482035059,-2.313260882042412,-0.0583276256034485,-2.327490271584041,1.5680960696901216,-0.6960736211091038,-0.24871105056997883,0.3379953402264831,0.3991174355965918,-2.177085712052086,-2.2461374402698446,-0.0020193690065060093
5.729166666666671,-3.806428482035059,-2.313260882042412,-0.0583276256034484,-2.327490271584041,1.5680960696901218,-0.6960736211091028,-0.24871105056997886,0.3379953402264831,0.3991174355965918,-2.1770857120520875,-2.2461374402698433,-0.002019369006505695
5.733333333333338,-3.806428482035059,-2.313260882042412,-0.0583276256034484,-2.327490271584041,1.5680960696901218,-0.6960736211091018,-0.24871105056997886,0.3379953402264831,0.3991174355965918,-2.1770857120520883,-2.246137440269843,-0.002019369006505685
5.737500000000004,-3.806428482035059,-2.313260882042412,-0.0583276256034483,-2.3274902715840406,1.5680960696901218,-0.6960736211091008,-0.24871105056997883,0.33799534022648314,0.3991174355965919,-2.1770857120520892,-2.2461374402698415,-0.002019369006505513
5.741666666666672,-3.806428482035059,-2.313260882042412,-0.0583276256034483,-2.3274902715840406,1.5680960696901218,-0.6960736211090998,-0.24871105056997883,0.33799534022648314,0.3991174355965919,-2.1770857120520906,-2.24613744026984,-0.002019369006505503
5.745833333333338,-3.806428482035059,-2.313260882042412,-0.0583276256034482,-2.32749027158404,1.5680960696901218,-0.6960736211090989,-0.2487110505699789,0.33799534022648314,0.39911743559659196,-2.1770857120520906,-2.2461374402698384,-0.0020193690065053956
5.750000000000004,-3.806428482035059,-2.313260882042412,-0.0583276256034482,-2.32749027158404,1.5680960696901218,-0.6960736211090978,-0.2487110505699789,0.33799534022648314,0.39911743559659196,-2.177085712052092,-2.246137440269837,-0.0020193690065053852
5.754166666666672,-3.806428482035059,-2.313260882042412,-0.0583276256034481,-2.32749027158404,1.5680960696901218,-0.6960736211090968,-0.2487110505699789,0.33799534022648303,0.39911743559659196,-2.1770857120520932,-2.246137440269836,-0.0020193690065053714
5.758333333333338,-3.806428482035059,-2.313260882042412,-0.0583276256034481,-2.32749027158404,1.5680960696901218,-0.6960736211090959,-0.2487110505699789,0.33799534022648303,0.39911743559659196,-2.1770857120520937,-2.2461374402698353,-0.0020193690065053627
5.762500000000005,-3.806428482035059,-2.313260882042412,-0.058327625603448,-2.3274902715840398,1.5680960696901218,-0.6960736211090949,-0.24871105056997891,0.3379953402264831,0.399117435596592,-2.177085712052095,-2.246137440269834,-0.0020193690065053466
5.766666666666671,-3.806428482035059,-2.313260882042412,-0.058327625603448,-2.327490271584039,1.5680960696901218,-0.696073621109094,-0.24871105056997897,0.33799534022648314,0.3991174355965921,-2.1770857120520954,-2.246137440269832,-0.002019369006505135
5.770833333333338,-3.806428482035059,-2.313260882042412,-0.0583276256034479,-2.327490271584039,1.5680960696901218,-0.696073621109093,-0.24871105056997897,0.33799534022648314,0.3991174355965921,-2.1770857120520963,-2.246137440269831,-0.002019369006505164
5.775000000000005,-3.806428482035059,-2.313260882042412,-0.0583276256034479,-2.3274902715840384,1.5680960696901218,-0.6960736211090921,-0.248711050569979,0.33799534022648314,0.39911743559659213,-2.177085712052097,-2.24613744026983,-0.002019369006505107
5.779166666666671,-3.806428482035059,-2.313260882042412,-0.0583276256034478,-2.3274902715840384,1.5680960696901218,-0.6960736211090911,-0.24871105056997903,0.33799534022648314,0.3991174355965922,-2.177085712052098,-2.246137440269828,-0.0020193690065049823
5.783333333333338,-3.806428482035059,-2.313260882042412,-0.0583276256034477,-2.327490271584038,1.5680960696901218,-0.6960736211090902,-0.248711050569979,0.3379953402264832,0.3991174355965922,-2.1770857120520986,-2.2461374402698273,-0.0020193690065049242
5.787500000000005,-3.806428482035059,-2.313260882042412,-0.0583276256034477,-2.327490271584038,1.568096069690122,-0.6960736211090891,-0.248711050569979,0.33799534022648314,0.3991174355965922,-2.1770857120521,-2.2461374402698264,-0.0020193690065045664
5.791666666666671,-3.806428482035059,-2.313260882042412,-0.0583276256034476,-2.327490271584038,1.568096069690122,-0.6960736211090881,-0.24871105056997903,0.3379953402264832,0.3991174355965923,-2.1770857120521008,-2.246137440269825,-0.002019369006504598
5.795833333333338,-3.806428482035059,-2.313260882042412,-0.0583276256034476,-2.327490271584037,1.568096069690122,-0.6960736211090872,-0.24871105056997905,0.33799534022648314,0.39911743559659235,-2.177085712052101,-2.2461374402698238,-0.002019369006504377
5.800000000000005,-3.806428482035059,-2.313260882042412,-0.0583276256034475,-2.327490271584037,1.568096069690122,-0.6960736211090862,-0.24871105056997905,0.33799534022648314,0.3991174355965924,-2.1770857120521026,-2.2461374402698224,-0.002019369006504314
5.804166666666672,-3.806428482035059,-2.313260882042412,-0.0583276256034475,-2.327490271584037,1.568096069690122,-0.6960736211090852,-0.24871105056997905,0.33799534022648314,0.3991174355965924,-2.1770857120521034,-2.246137440269821,-0.002019369006504303
5.808333333333338,-3.806428482035059,-2.313260882042412,-0.0583276256034474,-2.327490271584037,1.568096069690122,-0.6960736211090842,-0.24871105056997908,0.33799534022648325,0.3991174355965924,-2.1770857120521043,-2.2461374402698198,-0.002019369006504338
5.812500000000004,-3.806428482035059,-2.313260882042412,-0.0583276256034474,-2.327490271584037,1.568096069690122,-0.6960736211090832,-0.24871105056997908,0.33799534022648325,0.3991174355965924,-2.1770857120521057,-2.246137440269819,-0.002019369006504328
5.816666666666672,-3.806428482035059,-2.313260882042412,-0.0583276256034473,-2.3274902715840367,1.568096069690122,-0.6960736211090822,-0.24871105056997905,0.33799534022648325,0.39911743559659246,-2.177085712052106,-2.2461374402698175,-0.0020193690065041566
5.820833333333338,-3.806428482035059,-2.313260882042412,-0.0583276256034473,-2.327490271584036,1.568096069690122,-0.6960736211090813,-0.24871105056997908,0.3379953402264833,0.39911743559659246,-2.177085712052107,-2.246137440269816,-0.0020193690065040985
5.825000000000005,-3.806428482035059,-2.313260882042412,-0.0583276256034472,-2.327490271584036,1.568096069690122,-0.6960736211090803,-0.24871105056997908,0.3379953402264833,0.3991174355965925,-2.177085712052108,-2.246137440269815,-0.0020193690065040994
5.829166666666671,-3.806428482035059,-2.313260882042412,-0.0583276256034472,-2.327490271584036,1.568096069690122,-0.6960736211090793,-0.24871105056997908,0.3379953402264833,0.3991174355965925,-2.1770857120521097,-2.2461374402698135,-0.0020193690065040894
5.833333333333338,-3.806428482035059,-2.313260882042412,-0.0583276256034471,-2.327490271584036,1.568096069690122,-0.6960736211090783,-0.2487110505699791,0.3379953402264833,0.3991174355965926,-2.1770857120521105,-2.246137440269812,-0.002019369006504056
5.837500000000005,-3.806428482035059,-2.313260882042412,-0.0583276256034471,-2.327490271584036,1.568096069690122,-0.6960736211090773,-0.2487110505699791,0.3379953402264833,0.3991174355965926,-2.1770857120521114,-2.2461374402698118,-0.0020193690065040478
5.841666666666671,-3.806428482035059,-2.313260882042412,-0.058327625603447,-2.327490271584036,1.568096069690122,-0.6960736211090763,-0.2487110505699791,0.3379953402264833,0.39911743559659263,-2.1770857120521128,-2.2461374402698104,-0.0020193690065039445
5.8458333333333385,-3.806428482035059,-2.313260882042412,-0.058327625603447,-2.3274902715840358,1.568096069690122,-0.6960736211090754,-0.24871105056997914,0.33799534022648325,0.39911743559659263,-2.177085712052113,-2.246137440269809,-0.0020193690065039263
5.850000000000005,-3.806428482035059,-2.3132608820424125,-0.0583276256034469,-2.3274902715840358,1.568096069690122,-0.6960736211090744,-0.24871105056997928,0.3379953402264833,0.3991174355965924,-2.1770857120521145,-2.246137440269808,-0.0020193690065040217
5.854166666666671,-3.806428482035059,-2.3132608820424125,-0.0583276256034469,-2.327490271584035,1.568096069690122,-0.6960736211090736,-0.24871105056997933,0.33799534022648337,0.39911743559659246,-2.1770857120521154,-2.246137440269807,-0.0020193690065038548
5.858333333333338,-3.806428482035059,-2.3132608820424125,-0.0583276256034468,-2.327490271584035,1.568096069690122,-0.6960736211090726,-0.24871105056997928,0.33799534022648337,0.3991174355965925,-2.1770857120521163,-2.246137440269805,-0.002019369006503791
5.862500000000005,-3.806428482035059,-2.3132608820424125,-0.0583276256034467,-2.3274902715840344,1.568096069690122,-0.6960736211090716,-0.24871105056997933,0.33799534022648337,0.3991174355965925,-2.1770857120521168,-2.246137440269804,-0.0020193690065035816
5.866666666666672,-3.806428482035059,-2.3132608820424125,-0.0583276256034467,-2.3274902715840344,1.568096069690122,-0.6960736211090706,-0.24871105056997933,0.33799534022648337,0.3991174355965925,-2.1770857120521176,-2.246137440269803,-0.002019369006503571
5.870833333333338,-3.806428482035059,-2.3132608820424125,-0.0583276256034466,-2.327490271584034,1.568096069690122,-0.6960736211090696,-0.24871105056997933,0.3379953402264834,0.39911743559659263,-2.1770857120521185,-2.246137440269801,-0.0020193690065036587
5.875000000000004,-3.806428482035059,-2.3132608820424125,-0.0583276256034466,-2.327490271584033,1.568096069690122,-0.6960736211090687,-0.2487110505699794,0.3379953402264835,0.3991174355965927,-2.1770857120521185,-2.2461374402698002,-0.0020193690065034913
5.879166666666672,-3.806428482035059,-2.3132608820424125,-0.0583276256034465,-2.327490271584033,1.568096069690122,-0.6960736211090677,-0.2487110505699794,0.3379953402264835,0.39911743559659274,-2.1770857120521203,-2.246137440269799,-0.0020193690065033673
5.883333333333338,-3.806428482035059,-2.3132608820424125,-0.0583276256034465,-2.327490271584033,1.568096069690122,-0.6960736211090667,-0.2487110505699794,0.3379953402264835,0.39911743559659274,-2.177085712052121,-2.246137440269798,-0.0020193690065033565
5.887500000000005,-3.806428482035059,-2.3132608820424125,-0.0583276256034464,-2.327490271584033,1.568096069690122,-0.6960736211090658,-0.2487110505699794,0.3379953402264835,0.3991174355965928,-2.177085712052122,-2.2461374402697967,-0.002019369006503388
5.891666666666671,-3.806428482035059,-2.3132608820424125,-0.0583276256034464,-2.327490271584033,1.5680960696901225,-0.6960736211090647,-0.24871105056997944,0.3379953402264834,0.3991174355965928,-2.1770857120521234,-2.246137440269796,-0.0020193690065026843
5.895833333333338,-3.806428482035059,-2.3132608820424125,-0.0583276256034463,-2.327490271584033,1.5680960696901225,-0.6960736211090637,-0.24871105056997939,0.3379953402264834,0.3991174355965928,-2.1770857120521243,-2.2461374402697944,-0.002019369006502581
5.900000000000005,-3.806428482035059,-2.3132608820424125,-0.0583276256034463,-2.327490271584033,1.5680960696901225,-0.6960736211090627,-0.24871105056997939,0.3379953402264834,0.3991174355965928,-2.177085712052125,-2.246137440269793,-0.0020193690065025685
5.904166666666671,-3.806428482035059,-2.3132608820424125,-0.0583276256034462,-2.3274902715840327,1.5680960696901225,-0.6960736211090618,-0.2487110505699794,0.3379953402264835,0.39911743559659285,-2.177085712052126,-2.246137440269792,-0.0020193690065025524
5.9083333333333385,-3.806428482035059,-2.3132608820424125,-0.0583276256034462,-2.327490271584032,1.5680960696901225,-0.6960736211090609,-0.24871105056997947,0.3379953402264834,0.39911743559659285,-2.177085712052127,-2.2461374402697905,-0.0020193690065023833
5.912500000000005,-3.806428482035059,-2.3132608820424125,-0.0583276256034461,-2.327490271584032,1.5680960696901225,-0.6960736211090599,-0.24871105056997947,0.3379953402264834,0.3991174355965929,-2.177085712052128,-2.2461374402697896,-0.0020193690065024128
5.916666666666671,-3.806428482035059,-2.3132608820424125,-0.058327625603446,-2.327490271584032,1.5680960696901225,-0.6960736211090589,-0.24871105056997947,0.3379953402264834,0.3991174355965929,-2.1770857120521288,-2.2461374402697882,-0.002019369006502413
5.920833333333338,-3.806428482035059,-2.3132608820424125,-0.058327625603446,-2.327490271584032,1.5680960696901225,-0.6960736211090579,-0.24871105056997947,0.3379953402264834,0.3991174355965929,-2.1770857120521305,-2.246137440269787,-0.0020193690065024032
5.925000000000005,-3.806428482035059,-2.3132608820424125,-0.0583276256034459,-2.3274902715840318,1.5680960696901225,-0.696073621109057,-0.24871105056997944,0.33799534022648353,0.39911743559659296,-2.177085712052131,-2.2461374402697856,-0.0020193690065022636
5.929166666666672,-3.806428482035059,-2.313260882042413,-0.0583276256034459,-2.3274902715840318,1.5680960696901225,-0.696073621109056,-0.24871105056997955,0.33799534022648353,0.39911743559659285,-2.177085712052132,-2.2461374402697847,-0.002019369006502395
5.933333333333338,-3.806428482035059,-2.313260882042413,-0.0583276256034458,-2.327490271584031,1.5680960696901225,-0.696073621109055,-0.2487110505699796,0.33799534022648353,0.399117435596593,-2.1770857120521327,-2.246137440269783,-0.0020193690065021144
5.937500000000004,-3.806428482035059,-2.313260882042413,-0.0583276256034458,-2.327490271584031,1.5680960696901225,-0.696073621109054,-0.2487110505699796,0.33799534022648353,0.399117435596593,-2.1770857120521336,-2.2461374402697816,-0.0020193690065021036
5.941666666666672,-3.806428482035059,-2.313260882042413,-0.0583276256034457,-2.3274902715840304,1.5680960696901225,-0.696073621109053,-0.24871105056997964,0.3379953402264836,0.399117435596593,-2.1770857120521345,-2.2461374402697807,-0.002019369006502095
5.945833333333338,-3.806428482035059,-2.313260882042413,-0.0583276256034456,-2.3274902715840304,1.5680960696901225,-0.696073621109052,-0.24871105056997966,0.33799534022648353,0.399117435596593,-2.177085712052136,-2.24613744026978,-0.0020193690065020663
5.950000000000005,-3.806428482035059,-2.313260882042413,-0.0583276256034456,-2.3274902715840304,1.5680960696901225,-0.696073621109051,-0.24871105056997966,0.33799534022648353,0.399117435596593,-2.1770857120521367,-2.246137440269778,-0.002019369006502057
5.954166666666672,-3.806428482035059,-2.313260882042413,-0.0583276256034455,-2.32749027158403,1.5680960696901225,-0.6960736211090501,-0.2487110505699797,0.3379953402264836,0.3991174355965931,-2.1770857120521367,-2.2461374402697767,-0.002019369006501855
5.958333333333338,-3.806428482035059,-2.313260882042413,-0.0583276256034455,-2.32749027158403,1.5680960696901225,-0.6960736211090491,-0.2487110505699797,0.3379953402264836,0.3991174355965931,-2.177085712052138,-2.246137440269776,-0.002019369006501845
5.962500000000005,-3.806428482035059,-2.313260882042413,-0.0583276256034454,-2.327490271584029,1.5680960696901225,-0.6960736211090481,-0.2487110505699797,0.33799534022648364,0.39911743559659324,-2.177085712052138,-2.2461374402697736,-0.0020193690065017267
5.966666666666671,-3.806428482035059,-2.313260882042413,-0.0583276256034454,-2.327490271584029,1.5680960696901225,-0.6960736211090471,-0.2487110505699797,0.33799534022648364,0.39911743559659324,-2.17708571205214,-2.246137440269773,-0.002019369006501714
5.9708333333333385,-3.806428482035059,-2.313260882042413,-0.0583276256034453,-2.327490271584029,1.5680960696901225,-0.6960736211090461,-0.2487110505699797,0.33799534022648364,0.3991174355965932,-2.1770857120521407,-2.246137440269772,-0.0020193690065016543
5.975000000000005,-3.806428482035059,-2.313260882042413,-0.0583276256034453,-2.327490271584029,1.5680960696901225,-0.6960736211090451,-0.2487110505699797,0.33799534022648364,0.3991174355965932,-2.1770857120521425,-2.246137440269771,-0.0020193690065016465
5.979166666666671,-3.806428482035059,-2.313260882042413,-0.0583276256034452,-2.327490271584029,1.5680960696901225,-0.6960736211090441,-0.24871105056997972,0.3379953402264837,0.3991174355965933,-2.177085712052143,-2.2461374402697696,-0.0020193690065016317
5.983333333333338,-3.806428482035059,-2.313260882042413,-0.0583276256034452,-2.3274902715840287,1.5680960696901225,-0.6960736211090431,-0.24871105056997972,0.33799534022648364,0.39911743559659335,-2.177085712052144,-2.2461374402697682,-0.0020193690065015515
5.987500000000005,-3.806428482035059,-2.313260882042413,-0.0583276256034451,-2.327490271584028,1.5680960696901225,-0.6960736211090423,-0.24871105056997972,0.33799534022648364,0.3991174355965934,-2.1770857120521443,-2.246137440269767,-0.0020193690065014426
5.991666666666672,-3.806428482035059,-2.313260882042413,-0.0583276256034451,-2.327490271584028,1.5680960696901225,-0.6960736211090411,-0.24871105056997972,0.33799534022648364,0.3991174355965934,-2.177085712052145,-2.2461374402697656,-0.00201936900650143
5.995833333333338,-3.806428482035059,-2.313260882042413,-0.058327625603445,-2.327490271584028,1.5680960696901225,-0.6960736211090403,-0.24871105056997972,0.33799534022648364,0.3991174355965934,-2.1770857120521465,-2.2461374402697643,-0.00201936900650137
6.000000000000005,-3.806428482035059,-2.313260882042413,-0.058327625603445,-2.327490271584028,1.5680960696901225,-0.6960736211090394,-0.24871105056997972,0.33799534022648364,0.3991174355965934,-2.1770857120521474,-2.2461374402697634,-0.002019369006501362
6.004166666666672,-3.806428482035059,-2.313260882042413,-0.0583276256034449,-2.327490271584028,1.5680960696901225,-0.6960736211090384,-0.24871105056997972,0.33799534022648375,0.3991174355965934,-2.1770857120521487,-2.2461374402697625,-0.002019369006501393
6.008333333333338,-3.806428482035059,-2.313260882042413,-0.0583276256034449,-2.3274902715840278,1.5680960696901225,-0.6960736211090374,-0.24871105056997975,0.3379953402264837,0.39911743559659346,-2.17708571205215,-2.2461374402697616,-0.002019369006501334
6.012500000000005,-3.806428482035059,-2.313260882042413,-0.0583276256034448,-2.3274902715840278,1.5680960696901225,-0.6960736211090364,-0.24871105056997977,0.3379953402264837,0.39911743559659346,-2.177085712052151,-2.24613744026976,-0.002019369006501259
6.016666666666672,-3.806428482035059,-2.313260882042413,-0.0583276256034448,-2.3274902715840278,1.5680960696901225,-0.6960736211090354,-0.24871105056997977,0.3379953402264837,0.39911743559659346,-2.177085712052152,-2.2461374402697594,-0.002019369006501249
6.020833333333338,-3.806428482035059,-2.313260882042413,-0.0583276256034447,-2.327490271584027,1.5680960696901225,-0.6960736211090345,-0.24871105056997983,0.3379953402264837,0.3991174355965935,-2.1770857120521527,-2.2461374402697576,-0.0020193690065010415
6.025000000000005,-3.806428482035059,-2.313260882042413,-0.0583276256034447,-2.327490271584027,1.5680960696901225,-0.6960736211090334,-0.24871105056997983,0.3379953402264837,0.3991174355965935,-2.1770857120521536,-2.2461374402697563,-0.002019369006501029
6.029166666666671,-3.806428482035059,-2.313260882042413,-0.0583276256034446,-2.327490271584027,1.5680960696901225,-0.6960736211090324,-0.24871105056997983,0.3379953402264837,0.39911743559659363,-2.1770857120521545,-2.246137440269755,-0.002019369006501
6.0333333333333385,-3.806428482035059,-2.313260882042413,-0.0583276256034445,-2.327490271584027,1.5680960696901225,-0.6960736211090314,-0.24871105056997977,0.3379953402264837,0.39911743559659363,-2.177085712052156,-2.246137440269754,-0.002019369006501029
6.037500000000005,-3.806428482035059,-2.313260882042413,-0.0583276256034445,-2.3274902715840264,1.5680960696901225,-0.6960736211090304,-0.2487110505699798,0.33799534022648375,0.39911743559659363,-2.1770857120521567,-2.2461374402697523,-0.002019369006500969
6.041666666666671,-3.806428482035059,-2.313260882042413,-0.0583276256034444,-2.327490271584026,1.5680960696901225,-0.6960736211090295,-0.24871105056997986,0.33799534022648375,0.39911743559659374,-2.177085712052157,-2.246137440269751,-0.0020193690065008186
6.045833333333339,-3.806428482035059,-2.313260882042413,-0.0583276256034444,-2.327490271584025,1.5680960696901225,-0.6960736211090285,-0.2487110505699799,0.3379953402264838,0.3991174355965938,-2.1770857120521576,-2.2461374402697496,-0.0020193690065006945
6.050000000000005,-3.806428482035059,-2.313260882042413,-0.0583276256034443,-2.327490271584025,1.5680960696901225,-0.6960736211090275,-0.2487110505699799,0.33799534022648375,0.39911743559659385,-2.177085712052159,-2.2461374402697483,-0.002019369006500629
6.054166666666672,-3.806428482035059,-2.313260882042413,-0.0583276256034443,-2.327490271584025,1.5680960696901225,-0.6960736211090265,-0.2487110505699799,0.33799534022648375,0.39911743559659385,-2.17708571205216,-2.2461374402697474,-0.0020193690065006186
6.058333333333338,-3.806428482035059,-2.313260882042413,-0.0583276256034442,-2.327490271584025,1.5680960696901225,-0.6960736211090256,-0.24871105056997986,0.33799534022648375,0.39911743559659385,-2.1770857120521603,-2.246137440269746,-0.0020193690065004985
6.062500000000005,-3.806428482035059,-2.313260882042413,-0.0583276256034442,-2.327490271584025,1.5680960696901225,-0.6960736211090246,-0.24871105056997986,0.33799534022648375,0.39911743559659385,-2.177085712052162,-2.2461374402697447,-0.0020193690065004864
6.066666666666672,-3.806428482035059,-2.313260882042413,-0.0583276256034441,-2.3274902715840247,1.5680960696901225,-0.6960736211090236,-0.24871105056997989,0.3379953402264838,0.3991174355965939,-2.1770857120521625,-2.2461374402697434,-0.0020193690065005362
6.070833333333338,-3.806428482035059,-2.313260882042413,-0.0583276256034441,-2.327490271584024,1.5680960696901225,-0.6960736211090227,-0.24871105056997994,0.3379953402264838,0.3991174355965939,-2.1770857120521634,-2.246137440269742,-0.0020193690065004196
6.075000000000005,-3.806428482035059,-2.313260882042414,-0.058327625603444,-2.327490271584024,1.5680960696901225,-0.6960736211090217,-0.24871105056998014,0.337995340226484,0.3991174355965935,-2.1770857120521647,-2.2461374402697416,-0.002019369006500642
6.079166666666672,-3.806428482035059,-2.313260882042414,-0.058327625603444,-2.327490271584024,1.5680960696901225,-0.6960736211090208,-0.24871105056998014,0.337995340226484,0.3991174355965935,-2.1770857120521656,-2.2461374402697407,-0.0020193690065006334
6.083333333333338,-3.806428482035059,-2.313260882042414,-0.0583276256034439,-2.327490271584024,1.5680960696901225,-0.6960736211090198,-0.2487110505699801,0.3379953402264839,0.3991174355965935,-2.1770857120521674,-2.24613744026974,-0.00201936900650051
6.087500000000005,-3.806428482035059,-2.313260882042414,-0.0583276256034439,-2.3274902715840238,1.5680960696901225,-0.6960736211090189,-0.2487110505699801,0.337995340226484,0.3991174355965936,-2.177085712052168,-2.2461374402697385,-0.0020193690065004916
6.091666666666671,-3.806428482035059,-2.313260882042414,-0.0583276256034438,-2.3274902715840238,1.5680960696901225,-0.6960736211090179,-0.24871105056998014,0.337995340226484,0.39911743559659363,-2.177085712052169,-2.246137440269737,-0.002019369006500432
6.0958333333333385,-3.806428482035059,-2.313260882042414,-0.0583276256034437,-2.3274902715840238,1.5680960696901225,-0.6960736211090169,-0.2487110505699801,0.337995340226484,0.39911743559659363,-2.17708571205217,-2.2461374402697367,-0.00201936900650042
6.100000000000005,-3.806428482035059,-2.313260882042414,-0.0583276256034437,-2.3274902715840238,1.5680960696901227,-0.6960736211090159,-0.2487110505699801,0.337995340226484,0.39911743559659363,-2.177085712052171,-2.2461374402697354,-0.0020193690065000657
6.104166666666671,-3.806428482035059,-2.313260882042414,-0.0583276256034437,-2.327490271584023,1.5680960696901227,-0.6960736211090149,-0.24871105056998022,0.337995340226484,0.3991174355965937,-2.1770857120521714,-2.2461374402697336,-0.0020193690064999564
6.108333333333339,-3.806428482035059,-2.313260882042414,-0.0583276256034436,-2.327490271584023,1.5680960696901227,-0.6960736211090139,-0.24871105056998022,0.33799534022648403,0.3991174355965938,-2.1770857120521727,-2.2461374402697323,-0.0020193690064998345
6.112500000000005,-3.806428482035059,-2.313260882042414,-0.0583276256034435,-2.3274902715840224,1.5680960696901227,-0.696073621109013,-0.24871105056998025,0.337995340226484,0.3991174355965938,-2.177085712052173,-2.2461374402697305,-0.002019369006499863
6.116666666666672,-3.806428482035059,-2.313260882042414,-0.0583276256034435,-2.3274902715840224,1.5680960696901227,-0.696073621109012,-0.24871105056998025,0.337995340226484,0.3991174355965938,-2.177085712052174,-2.2461374402697296,-0.0020193690064998545
6.120833333333338,-3.806428482035059,-2.313260882042414,-0.0583276256034434,-2.327490271584022,1.5680960696901227,-0.696073621109011,-0.24871105056998027,0.337995340226484,0.39911743559659385,-2.177085712052175,-2.2461374402697283,-0.0020193690064996797
6.125000000000005,-3.806428482035059,-2.313260882042414,-0.0583276256034434,-2.327490271584022,1.5680960696901227,-0.69607362110901,-0.24871105056998027,0.337995340226484,0.39911743559659385,-2.1770857120521763,-2.246137440269727,-0.0020193690064996693
6.129166666666672,-3.806428482035059,-2.313260882042414,-0.0583276256034433,-2.3274902715840216,1.5680960696901227,-0.6960736211090092,-0.24871105056998033,0.33799534022648403,0.3991174355965939,-2.1770857120521767,-2.2461374402697256,-0.0020193690064995605
6.133333333333338,-3.806428482035059,-2.313260882042414,-0.0583276256034433,-2.327490271584021,1.5680960696901227,-0.6960736211090082,-0.24871105056998036,0.33799534022648403,0.39911743559659396,-2.177085712052178,-2.2461374402697243,-0.002019369006499503
6.137500000000005,-3.806428482035059,-2.3132608820424143,-0.0583276256034432,-2.327490271584021,1.5680960696901227,-0.6960736211090072,-0.24871105056998036,0.33799534022648414,0.3991174355965938,-2.1770857120521794,-2.2461374402697234,-0.0020193690064994906
6.141666666666672,-3.806428482035059,-2.3132608820424143,-0.0583276256034432,-2.327490271584021,1.5680960696901227,-0.6960736211090062,-0.24871105056998036,0.33799534022648414,0.3991174355965938,-2.1770857120521803,-2.246137440269723,-0.0020193690064994824
6.145833333333338,-3.806428482035059,-2.3132608820424143,-0.0583276256034431,-2.3274902715840207,1.5680960696901227,-0.6960736211090053,-0.2487110505699804,0.3379953402264842,0.39911743559659385,-2.1770857120521807,-2.2461374402697207,-0.0020193690064993276
6.150000000000005,-3.806428482035059,-2.3132608820424143,-0.058327625603443,-2.3274902715840207,1.5680960696901227,-0.6960736211090043,-0.24871105056998033,0.3379953402264842,0.39911743559659385,-2.1770857120521816,-2.2461374402697194,-0.0020193690064993605
6.154166666666672,-3.806428482035059,-2.3132608820424143,-0.058327625603443,-2.32749027158402,1.5680960696901227,-0.6960736211090033,-0.24871105056998033,0.3379953402264842,0.3991174355965939,-2.1770857120521825,-2.246137440269719,-0.0020193690064993428
6.1583333333333385,-3.806428482035059,-2.3132608820424143,-0.0583276256034429,-2.32749027158402,1.5680960696901227,-0.6960736211090023,-0.24871105056998033,0.3379953402264842,0.3991174355965939,-2.1770857120521834,-2.2461374402697176,-0.0020193690064992794
6.162500000000005,-3.806428482035059,-2.3132608820424143,-0.0583276256034429,-2.32749027158402,1.5680960696901227,-0.6960736211090013,-0.24871105056998033,0.3379953402264842,0.3991174355965939,-2.1770857120521847,-2.246137440269716,-0.002019369006499267
6.166666666666671,-3.806428482035059,-2.3132608820424143,-0.0583276256034428,-2.32749027158402,1.5680960696901227,-0.6960736211090003,-0.24871105056998039,0.33799534022648414,0.39911743559659396,-2.1770857120521865,-2.246137440269715,-0.0020193690064992057
6.170833333333339,-3.806428482035059,-2.3132608820424143,-0.0583276256034428,-2.32749027158402,1.5680960696901227,-0.6960736211089993,-0.24871105056998039,0.33799534022648414,0.39911743559659396,-2.177085712052187,-2.2461374402697145,-0.0020193690064991953
6.175000000000005,-3.806428482035059,-2.3132608820424143,-0.0583276256034427,-2.3274902715840198,1.5680960696901227,-0.6960736211089984,-0.2487110505699804,0.3379953402264842,0.399117435596594,-2.1770857120521874,-2.2461374402697127,-0.002019369006499084
6.179166666666672,-3.806428482035059,-2.3132608820424143,-0.0583276256034427,-2.3274902715840198,1.568096069690123,-0.6960736211089974,-0.2487110505699804,0.33799534022648414,0.399117435596594,-2.1770857120521883,-2.246137440269712,-0.002019369006498728
6.183333333333338,-3.806428482035059,-2.3132608820424143,-0.0583276256034426,-2.327490271584019,1.568096069690123,-0.6960736211089965,-0.2487110505699805,0.3379953402264842,0.3991174355965942,-2.1770857120521887,-2.24613744026971,-0.002019369006498509
6.187500000000005,-3.806428482035059,-2.3132608820424143,-0.0583276256034426,-2.327490271584019,1.568096069690123,-0.6960736211089955,-0.2487110505699805,0.3379953402264842,0.3991174355965942,-2.1770857120521905,-2.2461374402697083,-0.002019369006498496
6.191666666666672,-3.806428482035059,-2.3132608820424143,-0.0583276256034425,-2.3274902715840184,1.568096069690123,-0.6960736211089945,-0.24871105056998052,0.33799534022648425,0.3991174355965942,-2.177085712052191,-2.246137440269707,-0.0020193690064985183
6.195833333333338,-3.806428482035059,-2.3132608820424143,-0.0583276256034424,-2.327490271584018,1.568096069690123,-0.6960736211089936,-0.2487110505699805,0.33799534022648425,0.39911743559659424,-2.177085712052192,-2.2461374402697056,-0.002019369006498413
6.2000000000000055,-3.806428482035059,-2.3132608820424143,-0.0583276256034424,-2.327490271584018,1.568096069690123,-0.6960736211089926,-0.2487110505699805,0.33799534022648425,0.39911743559659424,-2.1770857120521927,-2.246137440269705,-0.002019369006498401
6.204166666666672,-3.806428482035059,-2.3132608820424143,-0.0583276256034423,-2.327490271584018,1.568096069690123,-0.6960736211089916,-0.2487110505699805,0.3379953402264842,0.3991174355965943,-2.177085712052194,-2.246137440269704,-0.0020193690064982963
6.208333333333338,-3.806428482035059,-2.3132608820424143,-0.0583276256034423,-2.3274902715840176,1.568096069690123,-0.6960736211089906,-0.24871105056998052,0.33799534022648425,0.3991174355965943,-2.1770857120521945,-2.2461374402697025,-0.0020193690064981757
6.212500000000005,-3.806428482035059,-2.3132608820424143,-0.0583276256034422,-2.327490271584017,1.568096069690123,-0.6960736211089897,-0.24871105056998058,0.33799534022648425,0.3991174355965944,-2.177085712052195,-2.246137440269701,-0.0020193690064980985
6.216666666666672,-3.806428482035059,-2.3132608820424148,-0.0583276256034422,-2.327490271584017,1.568096069690123,-0.6960736211089887,-0.24871105056998075,0.33799534022648436,0.3991174355965943,-2.1770857120521967,-2.2461374402697,-0.002019369006498317
6.2208333333333385,-3.806428482035059,-2.3132608820424148,-0.0583276256034421,-2.327490271584017,1.568096069690123,-0.6960736211089879,-0.2487110505699807,0.3379953402264843,0.39911743559659435,-2.1770857120521976,-2.246137440269699,-0.0020193690064981952
6.225000000000005,-3.806428482035059,-2.3132608820424148,-0.0583276256034421,-2.327490271584017,1.568096069690123,-0.6960736211089869,-0.2487110505699807,0.3379953402264843,0.39911743559659435,-2.177085712052199,-2.246137440269698,-0.002019369006498185
6.229166666666671,-3.806428482035059,-2.3132608820424148,-0.058327625603442,-2.327490271584017,1.568096069690123,-0.6960736211089859,-0.2487110505699807,0.3379953402264843,0.39911743559659435,-2.1770857120522,-2.2461374402696968,-0.002019369006498216
6.233333333333339,-3.806428482035059,-2.3132608820424148,-0.058327625603442,-2.3274902715840167,1.568096069690123,-0.696073621108985,-0.24871105056998072,0.33799534022648436,0.3991174355965944,-2.1770857120522007,-2.2461374402696954,-0.0020193690064981996
6.237500000000005,-3.806428482035059,-2.3132608820424148,-0.0583276256034419,-2.3274902715840167,1.568096069690123,-0.696073621108984,-0.24871105056998072,0.33799534022648436,0.3991174355965944,-2.1770857120522016,-2.246137440269695,-0.002019369006498093
6.241666666666672,-3.806428482035059,-2.3132608820424148,-0.0583276256034419,-2.327490271584016,1.568096069690123,-0.696073621108983,-0.2487110505699808,0.3379953402264844,0.3991174355965945,-2.177085712052202,-2.2461374402696928,-0.002019369006497925
6.245833333333338,-3.806428482035059,-2.3132608820424148,-0.0583276256034418,-2.327490271584016,1.568096069690123,-0.696073621108982,-0.24871105056998075,0.3379953402264844,0.3991174355965945,-2.177085712052203,-2.246137440269692,-0.0020193690064978617
6.250000000000005,-3.806428482035059,-2.3132608820424148,-0.0583276256034418,-2.327490271584016,1.568096069690123,-0.696073621108981,-0.24871105056998075,0.3379953402264844,0.3991174355965945,-2.1770857120522042,-2.24613744026969,-0.0020193690064978496
6.254166666666672,-3.806428482035059,-2.3132608820424148,-0.0583276256034417,-2.327490271584016,1.568096069690123,-0.69607362110898,-0.24871105056998075,0.3379953402264844,0.3991174355965945,-2.1770857120522056,-2.2461374402696888,-0.0020193690064978826
6.258333333333338,-3.806428482035059,-2.3132608820424148,-0.0583276256034416,-2.327490271584016,1.5680960696901232,-0.696073621108979,-0.24871105056998077,0.3379953402264844,0.3991174355965946,-2.1770857120522065,-2.2461374402696883,-0.0020193690064973886
6.2625000000000055,-3.806428482035059,-2.3132608820424148,-0.0583276256034416,-2.327490271584015,1.5680960696901232,-0.6960736211089781,-0.24871105056998083,0.3379953402264844,0.3991174355965947,-2.1770857120522065,-2.2461374402696865,-0.002019369006497266
6.266666666666672,-3.806428482035059,-2.3132608820424148,-0.0583276256034415,-2.327490271584015,1.5680960696901232,-0.696073621108977,-0.24871105056998083,0.33799534022648436,0.3991174355965947,-2.1770857120522082,-2.246137440269685,-0.0020193690064972953
6.270833333333338,-3.806428482035059,-2.3132608820424148,-0.0583276256034415,-2.327490271584015,1.5680960696901232,-0.696073621108976,-0.24871105056998083,0.33799534022648436,0.3991174355965947,-2.177085712052209,-2.246137440269684,-0.002019369006497285
6.275000000000005,-3.806428482035059,-2.3132608820424148,-0.0583276256034415,-2.327490271584015,1.5680960696901232,-0.696073621108975,-0.24871105056998083,0.33799534022648436,0.3991174355965947,-2.17708571205221,-2.246137440269683,-0.002019369006497274
6.279166666666672,-3.806428482035059,-2.3132608820424148,-0.0583276256034414,-2.3274902715840144,1.5680960696901232,-0.696073621108974,-0.24871105056998086,0.3379953402264844,0.39911743559659474,-2.1770857120522114,-2.2461374402696817,-0.0020193690064971674
6.2833333333333385,-3.806428482035059,-2.3132608820424148,-0.0583276256034414,-2.3274902715840144,1.5680960696901232,-0.696073621108973,-0.24871105056998086,0.3379953402264844,0.39911743559659474,-2.1770857120522122,-2.2461374402696808,-0.002019369006497157
6.287500000000005,-3.806428482035059,-2.3132608820424148,-0.0583276256034413,-2.327490271584014,1.5680960696901232,-0.6960736211089721,-0.24871105056998088,0.3379953402264844,0.3991174355965948,-2.177085712052212,-2.246137440269679,-0.002019369006496987
6.291666666666671,-3.806428482035059,-2.313260882042415,-0.0583276256034412,-2.327490271584014,1.5680960696901232,-0.6960736211089711,-0.248711050569981,0.33799534022648453,0.39911743559659457,-2.1770857120522136,-2.246137440269678,-0.002019369006497085
6.295833333333339,-3.806428482035059,-2.313260882042415,-0.0583276256034412,-2.3274902715840136,1.5680960696901232,-0.6960736211089701,-0.24871105056998102,0.33799534022648453,0.3991174355965946,-2.177085712052215,-2.2461374402696768,-0.002019369006496931
6.300000000000005,-3.806428482035059,-2.313260882042415,-0.0583276256034411,-2.3274902715840136,1.5680960696901232,-0.6960736211089691,-0.24871105056998094,0.3379953402264846,0.3991174355965946,-2.1770857120522153,-2.246137440269675,-0.0020193690064969623
6.304166666666672,-3.806428482035059,-2.313260882042415,-0.0583276256034411,-2.327490271584013,1.5680960696901232,-0.6960736211089682,-0.24871105056998097,0.3379953402264846,0.3991174355965947,-2.177085712052216,-2.246137440269674,-0.0020193690064967923
6.308333333333339,-3.806428482035059,-2.313260882042415,-0.058327625603441,-2.327490271584013,1.5680960696901232,-0.6960736211089672,-0.248711050569981,0.3379953402264846,0.39911743559659474,-2.1770857120522176,-2.2461374402696737,-0.0020193690064968864
6.312500000000005,-3.806428482035059,-2.313260882042415,-0.058327625603441,-2.3274902715840127,1.5680960696901232,-0.6960736211089662,-0.248711050569981,0.3379953402264846,0.39911743559659474,-2.1770857120522185,-2.246137440269672,-0.002019369006496826
6.316666666666672,-3.806428482035059,-2.313260882042415,-0.0583276256034409,-2.3274902715840127,1.5680960696901232,-0.6960736211089652,-0.24871105056998102,0.3379953402264846,0.39911743559659474,-2.1770857120522193,-2.2461374402696705,-0.0020193690064967515
6.320833333333338,-3.806428482035059,-2.313260882042415,-0.0583276256034409,-2.327490271584012,1.5680960696901232,-0.6960736211089643,-0.24871105056998108,0.33799534022648464,0.39911743559659485,-2.1770857120522193,-2.2461374402696688,-0.002019369006496493
6.3250000000000055,-3.806428482035059,-2.313260882042415,-0.0583276256034408,-2.327490271584012,1.5680960696901234,-0.6960736211089633,-0.24871105056998102,0.3379953402264846,0.39911743559659485,-2.1770857120522207,-2.246137440269668,-0.002019369006496178
6.329166666666672,-3.806428482035059,-2.313260882042415,-0.0583276256034408,-2.327490271584012,1.5680960696901234,-0.6960736211089623,-0.24871105056998102,0.3379953402264846,0.39911743559659485,-2.1770857120522216,-2.246137440269666,-0.002019369006496166
6.333333333333338,-3.806428482035059,-2.313260882042415,-0.0583276256034407,-2.327490271584012,1.5680960696901234,-0.6960736211089614,-0.24871105056998105,0.3379953402264846,0.39911743559659485,-2.1770857120522225,-2.2461374402696657,-0.002019369006496203
6.337500000000005,-3.806428482035059,-2.313260882042415,-0.0583276256034407,-2.327490271584012,1.5680960696901234,-0.6960736211089605,-0.24871105056998105,0.3379953402264846,0.39911743559659485,-2.177085712052224,-2.2461374402696648,-0.0020193690064961942
6.341666666666672,-3.806428482035059,-2.313260882042415,-0.0583276256034406,-2.327490271584012,1.5680960696901234,-0.6960736211089595,-0.24871105056998108,0.3379953402264846,0.39911743559659485,-2.177085712052225,-2.2461374402696634,-0.002019369006496131
6.3458333333333385,-3.806428482035059,-2.313260882042415,-0.0583276256034406,-2.327490271584011,1.5680960696901234,-0.6960736211089587,-0.2487110505699811,0.33799534022648464,0.39911743559659496,-2.177085712052225,-2.2461374402696617,-0.00201936900649591
6.350000000000005,-3.806428482035059,-2.313260882042415,-0.0583276256034405,-2.327490271584011,1.5680960696901234,-0.6960736211089577,-0.24871105056998108,0.33799534022648464,0.39911743559659496,-2.1770857120522265,-2.246137440269661,-0.0020193690064958963
6.354166666666672,-3.806428482035059,-2.313260882042415,-0.0583276256034405,-2.327490271584011,1.5680960696901234,-0.6960736211089567,-0.24871105056998108,0.33799534022648464,0.39911743559659496,-2.1770857120522273,-2.24613744026966,-0.0020193690064958855
6.358333333333339,-3.806428482035059,-2.313260882042415,-0.0583276256034404,-2.3274902715840105,1.5680960696901234,-0.6960736211089558,-0.24871105056998113,0.33799534022648464,0.39911743559659507,-2.177085712052228,-2.246137440269658,-0.0020193690064958724
6.362500000000005,-3.806428482035059,-2.313260882042416,-0.0583276256034403,-2.3274902715840105,1.5680960696901234,-0.6960736211089548,-0.24871105056998127,0.33799534022648475,0.39911743559659485,-2.177085712052229,-2.2461374402696577,-0.0020193690064959947
6.366666666666672,-3.806428482035059,-2.313260882042416,-0.0583276256034403,-2.32749027158401,1.5680960696901234,-0.6960736211089538,-0.2487110505699813,0.3379953402264848,0.39911743559659485,-2.17708571205223,-2.2461374402696563,-0.0020193690064959414
6.370833333333339,-3.806428482035059,-2.313260882042416,-0.0583276256034402,-2.3274902715840096,1.5680960696901234,-0.6960736211089529,-0.24871105056998125,0.3379953402264848,0.39911743559659496,-2.177085712052231,-2.246137440269655,-0.00201936900649571
6.375000000000005,-3.806428482035059,-2.313260882042416,-0.0583276256034402,-2.3274902715840096,1.5680960696901236,-0.6960736211089518,-0.24871105056998125,0.3379953402264848,0.39911743559659496,-2.1770857120522322,-2.2461374402696537,-0.00201936900649535
6.379166666666672,-3.806428482035059,-2.313260882042416,-0.0583276256034401,-2.327490271584009,1.5680960696901236,-0.6960736211089509,-0.2487110505699813,0.3379953402264848,0.39911743559659496,-2.1770857120522327,-2.2461374402696523,-0.0020193690064953334
6.383333333333338,-3.806428482035059,-2.313260882042416,-0.0583276256034401,-2.327490271584009,1.5680960696901236,-0.6960736211089498,-0.2487110505699813,0.3379953402264848,0.39911743559659496,-2.1770857120522344,-2.246137440269651,-0.002019369006495323
6.3875000000000055,-3.806428482035059,-2.313260882042416,-0.05832762560344,-2.327490271584009,1.5680960696901236,-0.6960736211089489,-0.2487110505699813,0.33799534022648475,0.39911743559659496,-2.1770857120522344,-2.24613744026965,-0.0020193690064952627
6.391666666666672,-3.806428482035059,-2.313260882042416,-0.05832762560344,-2.3274902715840087,1.5680960696901236,-0.696073621108948,-0.24871105056998133,0.3379953402264848,0.39911743559659507,-2.1770857120522353,-2.246137440269649,-0.0020193690064952067
6.395833333333338,-3.806428482035059,-2.313260882042416,-0.0583276256034399,-2.3274902715840087,1.5680960696901236,-0.696073621108947,-0.24871105056998133,0.3379953402264848,0.39911743559659507,-2.177085712052236,-2.2461374402696475,-0.0020193690064951417
6.400000000000006,-3.806428482035059,-2.313260882042416,-0.0583276256034398,-2.327490271584008,1.5680960696901236,-0.696073621108946,-0.24871105056998138,0.33799534022648486,0.39911743559659507,-2.177085712052237,-2.2461374402696457,-0.0020193690064950103
6.404166666666672,-3.806428482035059,-2.313260882042416,-0.0583276256034398,-2.327490271584008,1.5680960696901236,-0.696073621108945,-0.24871105056998138,0.33799534022648486,0.39911743559659507,-2.1770857120522384,-2.246137440269645,-0.002019369006495
6.4083333333333385,-3.806428482035059,-2.313260882042416,-0.0583276256034397,-2.327490271584008,1.5680960696901236,-0.696073621108944,-0.2487110505699814,0.33799534022648486,0.3991174355965952,-2.1770857120522393,-2.2461374402696435,-0.0020193690064948928
6.412500000000005,-3.806428482035059,-2.313260882042416,-0.0583276256034397,-2.327490271584008,1.5680960696901236,-0.6960736211089431,-0.2487110505699814,0.33799534022648486,0.3991174355965952,-2.17708571205224,-2.2461374402696426,-0.002019369006494882
6.416666666666672,-3.806428482035059,-2.313260882042416,-0.0583276256034396,-2.327490271584008,1.5680960696901236,-0.6960736211089421,-0.24871105056998144,0.33799534022648486,0.3991174355965953,-2.177085712052241,-2.2461374402696417,-0.002019369006494917
6.420833333333339,-3.806428482035059,-2.313260882042416,-0.0583276256034396,-2.327490271584008,1.5680960696901236,-0.6960736211089411,-0.24871105056998144,0.33799534022648486,0.3991174355965953,-2.177085712052242,-2.2461374402696404,-0.0020193690064949045
6.425000000000005,-3.806428482035059,-2.313260882042416,-0.0583276256034395,-2.327490271584008,1.5680960696901236,-0.6960736211089402,-0.24871105056998144,0.33799534022648486,0.3991174355965953,-2.177085712052243,-2.246137440269639,-0.0020193690064949357
6.429166666666672,-3.806428482035059,-2.313260882042416,-0.0583276256034395,-2.327490271584008,1.5680960696901238,-0.6960736211089391,-0.24871105056998144,0.33799534022648486,0.3991174355965953,-2.1770857120522447,-2.246137440269638,-0.002019369006494578
6.433333333333339,-3.806428482035059,-2.313260882042416,-0.0583276256034394,-2.327490271584007,1.5680960696901238,-0.6960736211089382,-0.24871105056998147,0.3379953402264849,0.3991174355965954,-2.177085712052245,-2.246137440269637,-0.002019369006494316
6.437500000000005,-3.806428482035059,-2.313260882042416,-0.0583276256034394,-2.327490271584007,1.5680960696901238,-0.6960736211089372,-0.24871105056998147,0.3379953402264849,0.3991174355965954,-2.1770857120522455,-2.2461374402696355,-0.002019369006494305
6.441666666666672,-3.806428482035059,-2.313260882042416,-0.0583276256034393,-2.327490271584007,1.5680960696901238,-0.6960736211089362,-0.24871105056998147,0.3379953402264849,0.3991174355965954,-2.177085712052247,-2.246137440269634,-0.0020193690064943424
6.445833333333338,-3.806428482035059,-2.313260882042416,-0.0583276256034393,-2.3274902715840065,1.5680960696901238,-0.6960736211089353,-0.2487110505699815,0.3379953402264849,0.3991174355965954,-2.1770857120522478,-2.2461374402696332,-0.0020193690064942826
6.4500000000000055,-3.806428482035059,-2.313260882042416,-0.0583276256034392,-2.327490271584006,1.5680960696901238,-0.6960736211089344,-0.2487110505699815,0.337995340226485,0.3991174355965954,-2.1770857120522487,-2.2461374402696315,-0.0020193690064941507
6.454166666666672,-3.806428482035059,-2.313260882042416,-0.0583276256034391,-2.327490271584006,1.5680960696901238,-0.6960736211089334,-0.2487110505699815,0.3379953402264849,0.3991174355965954,-2.17708571205225,-2.2461374402696306,-0.0020193690064941234
6.458333333333338,-3.806428482035059,-2.313260882042416,-0.0583276256034391,-2.327490271584006,1.5680960696901238,-0.6960736211089324,-0.2487110505699815,0.3379953402264849,0.3991174355965954,-2.177085712052251,-2.2461374402696292,-0.002019369006494113
6.462500000000006,-3.806428482035059,-2.313260882042416,-0.058327625603439,-2.3274902715840056,1.5680960696901238,-0.6960736211089315,-0.2487110505699815,0.3379953402264849,0.3991174355965955,-2.1770857120522513,-2.2461374402696284,-0.0020193690064940193
6.466666666666672,-3.806428482035059,-2.313260882042416,-0.058327625603439,-2.327490271584005,1.5680960696901238,-0.6960736211089306,-0.24871105056998155,0.337995340226485,0.3991174355965956,-2.177085712052252,-2.2461374402696266,-0.00201936900649391
6.4708333333333385,-3.806428482035059,-2.313260882042416,-0.0583276256034389,-2.327490271584005,1.5680960696901238,-0.6960736211089296,-0.24871105056998155,0.337995340226485,0.3991174355965956,-2.1770857120522535,-2.2461374402696253,-0.0020193690064938445
6.475000000000005,-3.806428482035059,-2.313260882042416,-0.0583276256034389,-2.3274902715840047,1.5680960696901238,-0.6960736211089287,-0.24871105056998158,0.337995340226485,0.3991174355965956,-2.177085712052254,-2.246137440269624,-0.0020193690064937864
6.479166666666672,-3.806428482035059,-2.313260882042416,-0.0583276256034388,-2.3274902715840047,1.5680960696901238,-0.6960736211089277,-0.24871105056998158,0.337995340226485,0.39911743559659574,-2.1770857120522553,-2.246137440269623,-0.002019369006493758
6.483333333333339,-3.806428482035059,-2.313260882042416,-0.0583276256034388,-2.3274902715840047,1.5680960696901238,-0.6960736211089267,-0.24871105056998158,0.337995340226485,0.39911743559659574,-2.1770857120522558,-2.246137440269622,-0.002019369006493747
6.487500000000005,-3.806428482035059,-2.313260882042416,-0.0583276256034387,-2.327490271584004,1.5680960696901238,-0.6960736211089257,-0.2487110505699816,0.337995340226485,0.39911743559659574,-2.177085712052256,-2.24613744026962,-0.0020193690064936303
6.491666666666672,-3.806428482035059,-2.313260882042416,-0.0583276256034386,-2.327490271584004,1.5680960696901238,-0.6960736211089248,-0.24871105056998166,0.337995340226485,0.39911743559659574,-2.1770857120522575,-2.2461374402696195,-0.002019369006493618
6.495833333333339,-3.806428482035059,-2.313260882042416,-0.0583276256034386,-2.327490271584004,1.5680960696901238,-0.6960736211089238,-0.24871105056998166,0.337995340226485,0.39911743559659574,-2.1770857120522584,-2.246137440269618,-0.0020193690064936078
6.500000000000005,-3.806428482035059,-2.313260882042416,-0.0583276256034385,-2.327490271584004,1.5680960696901238,-0.6960736211089229,-0.2487110505699816,0.337995340226485,0.39911743559659585,-2.1770857120522593,-2.2461374402696164,-0.0020193690064934837
6.504166666666672,-3.806428482035059,-2.3132608820424165,-0.0583276256034385,-2.327490271584004,1.5680960696901238,-0.6960736211089218,-0.24871105056998166,0.3379953402264851,0.3991174355965955,-2.1770857120522606,-2.246137440269616,-0.0020193690064935514
6.508333333333339,-3.806428482035059,-2.3132608820424165,-0.0583276256034384,-2.327490271584003,1.5680960696901238,-0.6960736211089209,-0.24871105056998172,0.33799534022648514,0.39911743559659574,-2.177085712052261,-2.2461374402696146,-0.002019369006493338
6.5125000000000055,-3.806428482035059,-2.3132608820424165,-0.0583276256034384,-2.327490271584003,1.5680960696901238,-0.69607362110892,-0.24871105056998172,0.33799534022648514,0.39911743559659574,-2.1770857120522624,-2.2461374402696137,-0.0020193690064933293
6.516666666666672,-3.806428482035059,-2.3132608820424165,-0.0583276256034383,-2.327490271584003,1.5680960696901238,-0.696073621108919,-0.2487110505699817,0.33799534022648514,0.39911743559659574,-2.1770857120522633,-2.2461374402696124,-0.0020193690064933137
6.520833333333338,-3.806428482035059,-2.3132608820424165,-0.0583276256034382,-2.3274902715840025,1.5680960696901238,-0.6960736211089181,-0.24871105056998172,0.3379953402264851,0.39911743559659585,-2.177085712052264,-2.246137440269611,-0.0020193690064931854
6.525000000000006,-3.806428482035059,-2.3132608820424165,-0.0583276256034382,-2.3274902715840025,1.5680960696901238,-0.696073621108917,-0.24871105056998172,0.3379953402264851,0.39911743559659585,-2.1770857120522655,-2.24613744026961,-0.0020193690064931736
6.529166666666672,-3.806428482035059,-2.3132608820424165,-0.0583276256034381,-2.327490271584002,1.5680960696901238,-0.6960736211089161,-0.24871105056998175,0.33799534022648514,0.39911743559659585,-2.1770857120522655,-2.2461374402696084,-0.002019369006493221
6.5333333333333385,-3.806428482035059,-2.3132608820424165,-0.0583276256034381,-2.3274902715840016,1.5680960696901238,-0.6960736211089152,-0.24871105056998177,0.33799534022648514,0.3991174355965959,-2.1770857120522664,-2.2461374402696066,-0.002019369006493101
6.537500000000005,-3.806428482035059,-2.3132608820424165,-0.058327625603438,-2.3274902715840016,1.568096069690124,-0.6960736211089141,-0.2487110505699818,0.33799534022648514,0.3991174355965959,-2.1770857120522678,-2.2461374402696057,-0.00201936900649269
6.541666666666672,-3.806428482035059,-2.3132608820424165,-0.058327625603438,-2.3274902715840016,1.568096069690124,-0.696073621108913,-0.2487110505699818,0.33799534022648514,0.3991174355965959,-2.177085712052269,-2.246137440269605,-0.0020193690064926797
6.545833333333339,-3.806428482035059,-2.3132608820424165,-0.0583276256034379,-2.327490271584001,1.568096069690124,-0.6960736211089121,-0.24871105056998183,0.3379953402264852,0.39911743559659596,-2.1770857120522695,-2.246137440269603,-0.0020193690064924667
6.550000000000005,-3.806428482035059,-2.3132608820424165,-0.0583276256034379,-2.327490271584001,1.568096069690124,-0.6960736211089111,-0.24871105056998183,0.3379953402264852,0.39911743559659596,-2.1770857120522704,-2.246137440269602,-0.002019369006492454
6.5541666666666725,-3.806428482035059,-2.3132608820424165,-0.0583276256034378,-2.3274902715840007,1.568096069690124,-0.6960736211089102,-0.24871105056998186,0.3379953402264852,0.39911743559659607,-2.1770857120522717,-2.2461374402696013,-0.002019369006492433
6.558333333333339,-3.806428482035059,-2.3132608820424165,-0.0583276256034378,-2.3274902715840007,1.568096069690124,-0.6960736211089092,-0.24871105056998186,0.3379953402264852,0.39911743559659607,-2.1770857120522726,-2.2461374402696,-0.002019369006492422
6.562500000000005,-3.806428482035059,-2.3132608820424165,-0.0583276256034377,-2.3274902715840007,1.568096069690124,-0.6960736211089082,-0.24871105056998188,0.3379953402264852,0.39911743559659607,-2.177085712052273,-2.2461374402695986,-0.0020193690064925153
6.566666666666672,-3.806428482035059,-2.3132608820424165,-0.0583276256034377,-2.3274902715840007,1.568096069690124,-0.6960736211089072,-0.24871105056998188,0.3379953402264852,0.39911743559659607,-2.1770857120522744,-2.2461374402695977,-0.002019369006492505
6.570833333333339,-3.806428482035059,-2.3132608820424165,-0.0583276256034376,-2.327490271584,1.568096069690124,-0.6960736211089064,-0.24871105056998188,0.3379953402264852,0.3991174355965962,-2.177085712052275,-2.2461374402695955,-0.002019369006492248
6.5750000000000055,-3.806428482035059,-2.3132608820424165,-0.0583276256034376,-2.327490271584,1.568096069690124,-0.6960736211089054,-0.24871105056998188,0.3379953402264852,0.3991174355965962,-2.177085712052276,-2.246137440269594,-0.0020193690064922378
6.579166666666672,-3.806428482035059,-2.3132608820424165,-0.0583276256034375,-2.327490271584,1.568096069690124,-0.6960736211089044,-0.24871105056998188,0.3379953402264852,0.3991174355965962,-2.177085712052277,-2.2461374402695937,-0.0020193690064922087
6.583333333333338,-3.806428482035059,-2.3132608820424165,-0.0583276256034374,-2.327490271584,1.568096069690124,-0.6960736211089035,-0.24871105056998188,0.3379953402264852,0.3991174355965962,-2.177085712052278,-2.2461374402695924,-0.0020193690064922113
6.587500000000006,-3.806428482035059,-2.3132608820424165,-0.0583276256034374,-2.327490271584,1.568096069690124,-0.6960736211089025,-0.24871105056998188,0.3379953402264852,0.3991174355965962,-2.1770857120522793,-2.2461374402695915,-0.0020193690064922013
6.591666666666672,-3.806428482035059,-2.313260882042417,-0.0583276256034374,-2.327490271584,1.568096069690124,-0.6960736211089015,-0.24871105056998197,0.3379953402264853,0.39911743559659596,-2.1770857120522806,-2.246137440269591,-0.0020193690064922386
6.5958333333333385,-3.806428482035059,-2.313260882042417,-0.0583276256034373,-2.327490271584,1.568096069690124,-0.6960736211089006,-0.24871105056998197,0.33799534022648525,0.39911743559659596,-2.1770857120522815,-2.24613744026959,-0.002019369006492198
6.600000000000005,-3.806428482035059,-2.313260882042417,-0.0583276256034373,-2.327490271584,1.568096069690124,-0.6960736211088996,-0.24871105056998197,0.33799534022648525,0.39911743559659596,-2.177085712052283,-2.246137440269589,-0.0020193690064921853
6.604166666666672,-3.806428482035059,-2.313260882042417,-0.0583276256034372,-2.327490271583999,1.568096069690124,-0.6960736211088987,-0.248711050569982,0.3379953402264853,0.3991174355965961,-2.1770857120522824,-2.2461374402695866,-0.0020193690064919468
6.608333333333339,-3.806428482035059,-2.313260882042417,-0.0583276256034372,-2.3274902715839985,1.568096069690124,-0.6960736211088978,-0.24871105056998202,0.3379953402264853,0.39911743559659607,-2.1770857120522837,-2.246137440269586,-0.0020193690064918878
6.612500000000005,-3.806428482035059,-2.313260882042417,-0.0583276256034371,-2.3274902715839985,1.568096069690124,-0.6960736211088968,-0.24871105056998202,0.3379953402264853,0.39911743559659607,-2.1770857120522846,-2.246137440269585,-0.002019369006491981
6.6166666666666725,-3.806428482035059,-2.313260882042417,-0.058327625603437,-2.327490271583998,1.568096069690124,-0.6960736211088959,-0.24871105056998205,0.33799534022648536,0.3991174355965962,-2.1770857120522855,-2.2461374402695835,-0.002019369006491812
6.620833333333339,-3.806428482035059,-2.313260882042417,-0.058327625603437,-2.327490271583998,1.568096069690124,-0.6960736211088948,-0.24871105056998205,0.33799534022648536,0.3991174355965962,-2.1770857120522873,-2.2461374402695826,-0.0020193690064917997
6.625000000000005,-3.806428482035059,-2.313260882042417,-0.058327625603437,-2.327490271583998,1.568096069690124,-0.6960736211088938,-0.24871105056998205,0.33799534022648536,0.3991174355965962,-2.1770857120522877,-2.2461374402695813,-0.002019369006491789
6.629166666666672,-3.806428482035059,-2.313260882042417,-0.0583276256034369,-2.3274902715839976,1.568096069690124,-0.6960736211088929,-0.2487110505699821,0.3379953402264853,0.3991174355965963,-2.177085712052289,-2.24613744026958,-0.002019369006491669
6.633333333333339,-3.806428482035059,-2.313260882042417,-0.0583276256034368,-2.327490271583997,1.568096069690124,-0.696073621108892,-0.24871105056998213,0.33799534022648536,0.39911743559659635,-2.1770857120522895,-2.2461374402695786,-0.002019369006491662
6.6375000000000055,-3.806428482035059,-2.313260882042417,-0.0583276256034368,-2.3274902715839967,1.568096069690124,-0.6960736211088911,-0.24871105056998216,0.33799534022648536,0.3991174355965964,-2.17708571205229,-2.246137440269577,-0.0020193690064915434
6.641666666666672,-3.806428482035059,-2.313260882042417,-0.0583276256034367,-2.3274902715839967,1.568096069690124,-0.6960736211088902,-0.24871105056998216,0.33799534022648536,0.3991174355965964,-2.177085712052291,-2.2461374402695755,-0.002019369006491482
6.645833333333338,-3.806428482035059,-2.313260882042417,-0.0583276256034367,-2.3274902715839967,1.568096069690124,-0.6960736211088892,-0.24871105056998216,0.33799534022648536,0.3991174355965964,-2.177085712052292,-2.246137440269575,-0.0020193690064914697
6.650000000000006,-3.806428482035059,-2.313260882042417,-0.0583276256034366,-2.327490271583996,1.568096069690124,-0.6960736211088883,-0.24871105056998216,0.3379953402264854,0.3991174355965965,-2.177085712052292,-2.2461374402695733,-0.002019369006491232
6.654166666666672,-3.806428482035059,-2.3132608820424174,-0.0583276256034366,-2.327490271583996,1.5680960696901245,-0.6960736211088873,-0.24871105056998227,0.3379953402264855,0.39911743559659646,-2.177085712052294,-2.2461374402695724,-0.0020193690064907004
6.6583333333333385,-3.806428482035059,-2.3132608820424174,-0.0583276256034365,-2.327490271583996,1.5680960696901245,-0.6960736211088864,-0.24871105056998227,0.3379953402264855,0.39911743559659646,-2.1770857120522944,-2.2461374402695715,-0.0020193690064905954
6.662500000000006,-3.806428482035059,-2.3132608820424174,-0.0583276256034365,-2.327490271583996,1.5680960696901245,-0.6960736211088854,-0.24871105056998227,0.3379953402264855,0.39911743559659646,-2.177085712052296,-2.2461374402695706,-0.0020193690064905837
6.666666666666672,-3.806428482035059,-2.3132608820424174,-0.0583276256034364,-2.327490271583996,1.5680960696901245,-0.6960736211088844,-0.24871105056998224,0.33799534022648553,0.39911743559659646,-2.177085712052297,-2.2461374402695693,-0.002019369006490677
6.670833333333339,-3.806428482035059,-2.3132608820424174,-0.0583276256034364,-2.327490271583996,1.5680960696901245,-0.6960736211088835,-0.24871105056998224,0.33799534022648553,0.39911743559659646,-2.177085712052298,-2.246137440269568,-0.0020193690064906683
6.675000000000005,-3.806428482035059,-2.3132608820424174,-0.0583276256034363,-2.327490271583995,1.5680960696901245,-0.6960736211088826,-0.2487110505699823,0.3379953402264855,0.39911743559659657,-2.177085712052298,-2.2461374402695666,-0.002019369006490455
6.6791666666666725,-3.806428482035059,-2.3132608820424174,-0.0583276256034362,-2.327490271583995,1.5680960696901245,-0.6960736211088816,-0.2487110505699823,0.33799534022648553,0.3991174355965965,-2.1770857120522993,-2.246137440269565,-0.002019369006490484
6.683333333333339,-3.806428482035059,-2.3132608820424174,-0.0583276256034362,-2.327490271583995,1.5680960696901245,-0.6960736211088806,-0.2487110505699823,0.33799534022648553,0.3991174355965965,-2.1770857120523,-2.2461374402695644,-0.0020193690064904735
6.687500000000005,-3.806428482035059,-2.3132608820424174,-0.0583276256034361,-2.3274902715839945,1.5680960696901245,-0.6960736211088797,-0.24871105056998233,0.33799534022648553,0.3991174355965966,-2.177085712052301,-2.246137440269563,-0.0020193690064903235
6.691666666666672,-3.806428482035059,-2.3132608820424174,-0.0583276256034361,-2.327490271583994,1.5680960696901245,-0.6960736211088787,-0.24871105056998236,0.33799534022648553,0.3991174355965966,-2.1770857120523015,-2.2461374402695617,-0.002019369006490307
6.695833333333339,-3.806428482035059,-2.3132608820424174,-0.058327625603436,-2.327490271583994,1.5680960696901245,-0.6960736211088776,-0.24871105056998238,0.3379953402264856,0.39911743559659674,-2.1770857120523033,-2.2461374402695604,-0.0020193690064901817
6.7000000000000055,-3.806428482035059,-2.3132608820424174,-0.058327625603436,-2.327490271583994,1.5680960696901245,-0.6960736211088766,-0.24871105056998238,0.3379953402264856,0.39911743559659674,-2.1770857120523046,-2.2461374402695586,-0.0020193690064901713
6.704166666666672,-3.806428482035059,-2.3132608820424174,-0.0583276256034359,-2.327490271583994,1.5680960696901245,-0.6960736211088756,-0.2487110505699823,0.33799534022648553,0.3991174355965968,-2.177085712052305,-2.246137440269558,-0.002019369006490249
6.708333333333339,-3.806428482035059,-2.3132608820424174,-0.0583276256034359,-2.3274902715839936,1.5680960696901245,-0.6960736211088747,-0.24871105056998236,0.33799534022648553,0.3991174355965968,-2.1770857120523064,-2.246137440269557,-0.002019369006490129
6.712500000000006,-3.806428482035059,-2.3132608820424174,-0.0583276256034358,-2.327490271583993,1.5680960696901245,-0.6960736211088737,-0.24871105056998238,0.3379953402264856,0.39911743559659685,-2.177085712052307,-2.246137440269555,-0.0020193690064899744
6.716666666666672,-3.806428482035059,-2.3132608820424174,-0.0583276256034358,-2.327490271583993,1.5680960696901245,-0.6960736211088727,-0.24871105056998238,0.3379953402264856,0.39911743559659685,-2.1770857120523077,-2.2461374402695538,-0.0020193690064899644
6.7208333333333385,-3.806428482035059,-2.3132608820424174,-0.0583276256034357,-2.3274902715839927,1.5680960696901245,-0.6960736211088718,-0.2487110505699824,0.3379953402264856,0.39911743559659685,-2.177085712052308,-2.246137440269553,-0.002019369006489951
6.725000000000006,-3.806428482035059,-2.313260882042418,-0.0583276256034357,-2.3274902715839927,1.5680960696901245,-0.6960736211088708,-0.24871105056998252,0.3379953402264857,0.3991174355965966,-2.17708571205231,-2.246137440269552,-0.002019369006490051
6.729166666666672,-3.806428482035059,-2.313260882042418,-0.0583276256034356,-2.327490271583992,1.5680960696901245,-0.6960736211088699,-0.24871105056998258,0.3379953402264857,0.3991174355965968,-2.1770857120523104,-2.2461374402695498,-0.0020193690064897814
6.733333333333339,-3.806428482035059,-2.313260882042418,-0.0583276256034356,-2.327490271583992,1.5680960696901245,-0.696073621108869,-0.24871105056998258,0.3379953402264857,0.3991174355965968,-2.1770857120523113,-2.2461374402695493,-0.002019369006489771
6.737500000000005,-3.806428482035059,-2.313260882042418,-0.0583276256034355,-2.327490271583992,1.5680960696901245,-0.696073621108868,-0.24871105056998258,0.33799534022648575,0.3991174355965968,-2.1770857120523126,-2.2461374402695484,-0.0020193690064898005
6.7416666666666725,-3.806428482035059,-2.313260882042418,-0.0583276256034355,-2.327490271583992,1.5680960696901245,-0.6960736211088671,-0.24871105056998258,0.33799534022648575,0.3991174355965968,-2.1770857120523135,-2.2461374402695475,-0.002019369006489792
6.745833333333339,-3.806428482035059,-2.313260882042418,-0.0583276256034354,-2.327490271583992,1.5680960696901245,-0.6960736211088662,-0.24871105056998258,0.3379953402264857,0.39911743559659685,-2.177085712052314,-2.2461374402695458,-0.0020193690064898412
6.750000000000005,-3.806428482035059,-2.313260882042418,-0.0583276256034353,-2.327490271583992,1.5680960696901245,-0.6960736211088652,-0.24871105056998252,0.3379953402264857,0.39911743559659685,-2.1770857120523153,-2.246137440269545,-0.0020193690064897176
6.754166666666672,-3.806428482035059,-2.313260882042418,-0.0583276256034353,-2.327490271583992,1.5680960696901245,-0.6960736211088642,-0.24871105056998252,0.3379953402264857,0.39911743559659685,-2.1770857120523166,-2.246137440269544,-0.002019369006489709
6.758333333333339,-3.806428482035059,-2.313260882042418,-0.0583276256034353,-2.327490271583992,1.5680960696901245,-0.6960736211088632,-0.24871105056998252,0.3379953402264857,0.39911743559659685,-2.177085712052317,-2.2461374402695427,-0.002019369006489697
6.7625000000000055,-3.806428482035059,-2.313260882042418,-0.0583276256034352,-2.327490271583991,1.5680960696901245,-0.6960736211088623,-0.2487110505699826,0.33799534022648575,0.39911743559659696,-2.1770857120523175,-2.246137440269541,-0.0020193690064895724
6.766666666666672,-3.806428482035059,-2.313260882042418,-0.0583276256034352,-2.327490271583991,1.5680960696901245,-0.6960736211088613,-0.2487110505699826,0.33799534022648575,0.39911743559659696,-2.177085712052319,-2.2461374402695395,-0.002019369006489562
6.770833333333339,-3.806428482035059,-2.313260882042418,-0.0583276256034351,-2.3274902715839905,1.5680960696901245,-0.6960736211088603,-0.24871105056998263,0.33799534022648575,0.39911743559659696,-2.1770857120523197,-2.246137440269538,-0.002019369006489457
6.775000000000006,-3.806428482035059,-2.313260882042418,-0.058327625603435,-2.32749027158399,1.5680960696901245,-0.6960736211088594,-0.24871105056998266,0.3379953402264858,0.399117435596597,-2.1770857120523206,-2.2461374402695373,-0.0020193690064892857
6.779166666666672,-3.806428482035059,-2.313260882042418,-0.058327625603435,-2.32749027158399,1.5680960696901245,-0.6960736211088584,-0.24871105056998266,0.3379953402264858,0.399117435596597,-2.1770857120523215,-2.2461374402695364,-0.0020193690064892753
6.7833333333333385,-3.806428482035059,-2.313260882042418,-0.0583276256034349,-2.3274902715839896,1.5680960696901245,-0.6960736211088575,-0.24871105056998272,0.33799534022648575,0.3991174355965971,-2.177085712052322,-2.246137440269535,-0.002019369006489259
6.787500000000006,-3.806428482035059,-2.313260882042418,-0.0583276256034349,-2.3274902715839896,1.5680960696901245,-0.6960736211088565,-0.24871105056998272,0.33799534022648575,0.3991174355965971,-2.177085712052323,-2.2461374402695333,-0.0020193690064892467
6.791666666666672,-3.806428482035059,-2.313260882042418,-0.0583276256034348,-2.3274902715839896,1.5680960696901245,-0.6960736211088555,-0.24871105056998266,0.33799534022648575,0.3991174355965971,-2.1770857120523246,-2.246137440269532,-0.0020193690064891864
6.795833333333339,-3.806428482035059,-2.313260882042418,-0.0583276256034348,-2.327490271583989,1.5680960696901245,-0.6960736211088546,-0.2487110505699827,0.3379953402264858,0.3991174355965972,-2.1770857120523246,-2.246137440269531,-0.002019369006489068
6.800000000000005,-3.806428482035059,-2.313260882042418,-0.0583276256034347,-2.327490271583989,1.5680960696901245,-0.6960736211088536,-0.2487110505699827,0.3379953402264858,0.39911743559659724,-2.1770857120523264,-2.24613744026953,-0.0020193690064890996
6.8041666666666725,-3.806428482035059,-2.313260882042418,-0.0583276256034347,-2.327490271583989,1.5680960696901245,-0.6960736211088526,-0.2487110505699827,0.3379953402264858,0.39911743559659724,-2.1770857120523273,-2.246137440269529,-0.0020193690064890897
6.808333333333339,-3.806428482035059,-2.313260882042418,-0.0583276256034346,-2.3274902715839887,1.5680960696901245,-0.6960736211088517,-0.24871105056998272,0.3379953402264858,0.3991174355965973,-2.1770857120523277,-2.246137440269528,-0.002019369006488916
6.812500000000005,-3.806428482035059,-2.313260882042418,-0.0583276256034346,-2.327490271583988,1.5680960696901245,-0.6960736211088508,-0.24871105056998277,0.33799534022648586,0.39911743559659735,-2.177085712052328,-2.246137440269526,-0.0020193690064888104
6.816666666666673,-3.806428482035059,-2.3132608820424183,-0.0583276256034345,-2.327490271583988,1.5680960696901245,-0.6960736211088498,-0.24871105056998288,0.337995340226486,0.3991174355965972,-2.1770857120523295,-2.246137440269525,-0.002019369006488766
6.820833333333339,-3.806428482035059,-2.3132608820424183,-0.0583276256034345,-2.327490271583988,1.5680960696901245,-0.6960736211088491,-0.24871105056998288,0.337995340226486,0.3991174355965972,-2.177085712052331,-2.246137440269524,-0.0020193690064887575
6.8250000000000055,-3.806428482035059,-2.3132608820424183,-0.0583276256034344,-2.327490271583988,1.5680960696901247,-0.6960736211088481,-0.24871105056998288,0.33799534022648586,0.39911743559659724,-2.1770857120523317,-2.246137440269523,-0.002019369006488445
6.829166666666672,-3.806428482035059,-2.3132608820424183,-0.0583276256034344,-2.327490271583988,1.5680960696901247,-0.6960736211088471,-0.24871105056998288,0.33799534022648586,0.39911743559659724,-2.177085712052332,-2.246137440269522,-0.0020193690064884344
6.833333333333339,-3.806428482035059,-2.3132608820424183,-0.0583276256034343,-2.327490271583988,1.5680960696901247,-0.6960736211088461,-0.24871105056998283,0.3379953402264859,0.39911743559659724,-2.177085712052333,-2.246137440269521,-0.0020193690064883277
6.837500000000006,-3.806428482035059,-2.3132608820424183,-0.0583276256034343,-2.327490271583988,1.5680960696901247,-0.6960736211088452,-0.24871105056998283,0.3379953402264859,0.39911743559659724,-2.1770857120523344,-2.24613744026952,-0.002019369006488319
6.841666666666672,-3.806428482035059,-2.3132608820424183,-0.0583276256034342,-2.327490271583988,1.5680960696901247,-0.6960736211088442,-0.24871105056998286,0.3379953402264859,0.39911743559659724,-2.1770857120523357,-2.2461374402695187,-0.002019369006488348
6.8458333333333385,-3.806428482035059,-2.3132608820424183,-0.0583276256034342,-2.327490271583988,1.5680960696901247,-0.6960736211088432,-0.24871105056998286,0.3379953402264859,0.39911743559659724,-2.177085712052337,-2.246137440269518,-0.002019369006488338
6.850000000000006,-3.806428482035059,-2.3132608820424183,-0.0583276256034341,-2.327490271583987,1.5680960696901247,-0.6960736211088423,-0.2487110505699829,0.337995340226486,0.39911743559659735,-2.1770857120523375,-2.2461374402695164,-0.002019369006488163
6.854166666666672,-3.806428482035059,-2.3132608820424183,-0.058327625603434,-2.3274902715839865,1.5680960696901247,-0.6960736211088414,-0.24871105056998294,0.3379953402264859,0.39911743559659746,-2.1770857120523375,-2.2461374402695142,-0.002019369006488055
6.858333333333339,-3.806428482035059,-2.3132608820424183,-0.058327625603434,-2.3274902715839865,1.5680960696901247,-0.6960736211088403,-0.24871105056998294,0.3379953402264859,0.39911743559659746,-2.177085712052339,-2.2461374402695133,-0.0020193690064880454
6.862500000000006,-3.806428482035059,-2.3132608820424183,-0.0583276256034339,-2.327490271583986,1.5680960696901247,-0.6960736211088394,-0.24871105056998297,0.337995340226486,0.39911743559659757,-2.1770857120523393,-2.246137440269512,-0.002019369006487874
6.8666666666666725,-3.806428482035059,-2.3132608820424183,-0.0583276256034339,-2.327490271583986,1.5680960696901247,-0.6960736211088384,-0.24871105056998297,0.337995340226486,0.39911743559659757,-2.1770857120523406,-2.246137440269511,-0.0020193690064878637
6.870833333333339,-3.806428482035059,-2.3132608820424183,-0.0583276256034338,-2.3274902715839856,1.5680960696901247,-0.6960736211088375,-0.24871105056998302,0.337995340226486,0.39911743559659757,-2.1770857120523415,-2.2461374402695093,-0.002019369006487792
6.875000000000005,-3.806428482035059,-2.3132608820424183,-0.0583276256034338,-2.3274902715839856,1.5680960696901247,-0.6960736211088365,-0.24871105056998302,0.337995340226486,0.39911743559659757,-2.1770857120523424,-2.2461374402695085,-0.0020193690064877817
6.879166666666673,-3.806428482035059,-2.3132608820424183,-0.0583276256034337,-2.3274902715839856,1.5680960696901247,-0.6960736211088355,-0.24871105056998297,0.337995340226486,0.39911743559659757,-2.1770857120523437,-2.2461374402695076,-0.0020193690064878754
6.883333333333339,-3.806428482035059,-2.3132608820424183,-0.0583276256034337,-2.3274902715839856,1.5680960696901247,-0.6960736211088345,-0.24871105056998297,0.337995340226486,0.39911743559659757,-2.1770857120523446,-2.2461374402695062,-0.002019369006487865
6.8875000000000055,-3.806428482035059,-2.3132608820424183,-0.0583276256034336,-2.327490271583985,1.5680960696901247,-0.6960736211088336,-0.248711050569983,0.33799534022648603,0.3991174355965976,-2.177085712052345,-2.2461374402695045,-0.0020193690064876915
6.891666666666672,-3.806428482035059,-2.3132608820424188,-0.0583276256034336,-2.3274902715839847,1.5680960696901247,-0.6960736211088328,-0.2487110505699831,0.33799534022648614,0.3991174355965975,-2.177085712052346,-2.246137440269504,-0.002019369006487757
6.895833333333339,-3.806428482035059,-2.3132608820424188,-0.0583276256034335,-2.3274902715839847,1.5680960696901247,-0.6960736211088319,-0.24871105056998305,0.33799534022648614,0.3991174355965975,-2.1770857120523472,-2.2461374402695027,-0.0020193690064877895
6.900000000000006,-3.806428482035059,-2.3132608820424188,-0.0583276256034335,-2.327490271583984,1.5680960696901247,-0.696073621108831,-0.2487110505699831,0.3379953402264862,0.3991174355965976,-2.1770857120523472,-2.246137440269501,-0.002019369006487529
6.904166666666672,-3.806428482035059,-2.3132608820424188,-0.0583276256034334,-2.327490271583984,1.568096069690125,-0.69607362110883,-0.24871105056998313,0.3379953402264861,0.3991174355965976,-2.177085712052348,-2.2461374402695,-0.002019369006487216
6.908333333333339,-3.806428482035059,-2.3132608820424188,-0.0583276256034334,-2.327490271583984,1.568096069690125,-0.6960736211088291,-0.24871105056998313,0.3379953402264861,0.3991174355965976,-2.177085712052349,-2.246137440269499,-0.0020193690064872058
6.912500000000006,-3.806428482035059,-2.3132608820424188,-0.0583276256034333,-2.327490271583984,1.568096069690125,-0.6960736211088281,-0.24871105056998313,0.33799534022648614,0.3991174355965977,-2.1770857120523504,-2.2461374402694982,-0.0020193690064871424
6.916666666666672,-3.806428482035059,-2.3132608820424188,-0.0583276256034333,-2.327490271583984,1.568096069690125,-0.6960736211088272,-0.24871105056998313,0.33799534022648614,0.3991174355965977,-2.1770857120523512,-2.246137440269497,-0.0020193690064871338
6.920833333333339,-3.806428482035059,-2.3132608820424188,-0.0583276256034332,-2.327490271583984,1.568096069690125,-0.6960736211088262,-0.24871105056998313,0.33799534022648614,0.3991174355965977,-2.1770857120523526,-2.2461374402694956,-0.002019369006487059
6.925000000000006,-3.806428482035059,-2.3132608820424188,-0.0583276256034332,-2.327490271583984,1.568096069690125,-0.6960736211088252,-0.24871105056998313,0.33799534022648614,0.3991174355965977,-2.177085712052354,-2.2461374402694947,-0.002019369006487049
6.9291666666666725,-3.806428482035059,-2.3132608820424188,-0.0583276256034331,-2.327490271583983,1.568096069690125,-0.6960736211088243,-0.24871105056998322,0.33799534022648614,0.39911743559659785,-2.1770857120523543,-2.2461374402694934,-0.0020193690064869364
6.933333333333339,-3.806428482035059,-2.3132608820424188,-0.0583276256034331,-2.327490271583983,1.568096069690125,-0.6960736211088234,-0.24871105056998322,0.33799534022648614,0.39911743559659785,-2.1770857120523552,-2.2461374402694925,-0.0020193690064869256
6.937500000000005,-3.806428482035059,-2.3132608820424188,-0.058327625603433,-2.3274902715839825,1.568096069690125,-0.6960736211088225,-0.24871105056998324,0.33799534022648614,0.3991174355965979,-2.1770857120523552,-2.2461374402694902,-0.002019369006486909
6.941666666666673,-3.806428482035059,-2.3132608820424188,-0.058327625603433,-2.3274902715839825,1.568096069690125,-0.6960736211088215,-0.24871105056998324,0.33799534022648614,0.3991174355965979,-2.1770857120523566,-2.2461374402694894,-0.0020193690064868987
6.945833333333339,-3.806428482035059,-2.3132608820424188,-0.0583276256034329,-2.327490271583982,1.568096069690125,-0.6960736211088207,-0.24871105056998322,0.33799534022648614,0.39911743559659796,-2.1770857120523575,-2.246137440269488,-0.0020193690064866216
6.9500000000000055,-3.806428482035059,-2.3132608820424188,-0.0583276256034328,-2.327490271583982,1.568096069690125,-0.6960736211088197,-0.24871105056998322,0.3379953402264862,0.39911743559659796,-2.177085712052359,-2.2461374402694867,-0.002019369006486623
6.954166666666672,-3.806428482035059,-2.3132608820424188,-0.0583276256034328,-2.3274902715839816,1.568096069690125,-0.6960736211088188,-0.24871105056998324,0.33799534022648614,0.39911743559659796,-2.1770857120523592,-2.246137440269486,-0.002019369006486606
6.958333333333339,-3.806428482035059,-2.3132608820424188,-0.0583276256034327,-2.3274902715839816,1.568096069690125,-0.6960736211088178,-0.24871105056998327,0.33799534022648614,0.39911743559659796,-2.17708571205236,-2.246137440269485,-0.002019369006486636
6.962500000000006,-3.806428482035059,-2.313260882042419,-0.0583276256034327,-2.3274902715839816,1.568096069690125,-0.6960736211088168,-0.24871105056998336,0.3379953402264863,0.3991174355965978,-2.1770857120523615,-2.246137440269484,-0.0020193690064865986
6.966666666666672,-3.806428482035059,-2.313260882042419,-0.0583276256034326,-2.3274902715839816,1.568096069690125,-0.6960736211088159,-0.24871105056998336,0.3379953402264863,0.39911743559659785,-2.1770857120523623,-2.2461374402694827,-0.0020193690064865674
6.970833333333339,-3.806428482035059,-2.313260882042419,-0.0583276256034326,-2.327490271583981,1.568096069690125,-0.696073621108815,-0.24871105056998338,0.3379953402264863,0.3991174355965979,-2.1770857120523632,-2.2461374402694814,-0.002019369006486415
6.975000000000006,-3.806428482035059,-2.313260882042419,-0.0583276256034325,-2.3274902715839807,1.568096069690125,-0.6960736211088141,-0.24871105056998344,0.33799534022648636,0.3991174355965979,-2.1770857120523632,-2.24613744026948,-0.0020193690064864247
6.979166666666672,-3.806428482035059,-2.313260882042419,-0.0583276256034325,-2.3274902715839807,1.568096069690125,-0.6960736211088131,-0.24871105056998344,0.33799534022648636,0.3991174355965979,-2.177085712052365,-2.246137440269479,-0.002019369006486417
6.983333333333339,-3.806428482035059,-2.313260882042419,-0.0583276256034324,-2.3274902715839803,1.568096069690125,-0.6960736211088122,-0.24871105056998347,0.3379953402264863,0.39911743559659796,-2.1770857120523655,-2.2461374402694774,-0.0020193690064863375
6.987500000000006,-3.806428482035059,-2.313260882042419,-0.0583276256034324,-2.32749027158398,1.568096069690125,-0.6960736211088113,-0.2487110505699835,0.33799534022648636,0.399117435596598,-2.1770857120523663,-2.2461374402694765,-0.002019369006486229
6.9916666666666725,-3.806428482035059,-2.313260882042419,-0.0583276256034323,-2.32749027158398,1.568096069690125,-0.6960736211088103,-0.24871105056998344,0.33799534022648636,0.399117435596598,-2.1770857120523672,-2.246137440269475,-0.0020193690064861064
6.995833333333339,-3.8064284820350585,-2.313260882042419,-0.0583276256034323,-2.32749027158398,1.568096069690125,-0.6960736211088093,-0.2487110505699836,0.33799534022648625,0.399117435596598,-2.1770857120523672,-2.2461374402694743,-0.002019369006486073
7.000000000000005,-3.8064284820350585,-2.313260882042419,-0.0583276256034322,-2.32749027158398,1.568096069690125,-0.6960736211088084,-0.2487110505699836,0.3379953402264862,0.399117435596598,-2.1770857120523686,-2.246137440269474,-0.0020193690064861077
7.004166666666673,-3.8064284820350585,-2.313260882042419,-0.0583276256034322,-2.327490271583979,1.568096069690125,-0.6960736211088075,-0.24871105056998366,0.33799534022648625,0.3991174355965981,-2.177085712052369,-2.2461374402694716,-0.002019369006486
7.008333333333339,-3.8064284820350585,-2.313260882042419,-0.0583276256034321,-2.327490271583979,1.568096069690125,-0.6960736211088066,-0.2487110505699837,0.3379953402264863,0.39911743559659824,-2.17708571205237,-2.246137440269471,-0.0020193690064859255
7.0125000000000055,-3.8064284820350585,-2.313260882042419,-0.0583276256034321,-2.327490271583979,1.568096069690125,-0.6960736211088056,-0.2487110505699837,0.3379953402264863,0.39911743559659824,-2.177085712052371,-2.24613744026947,-0.0020193690064859156
7.016666666666673,-3.8064284820350585,-2.313260882042419,-0.058327625603432,-2.3274902715839785,1.568096069690125,-0.6960736211088046,-0.24871105056998374,0.33799534022648625,0.3991174355965983,-2.1770857120523717,-2.2461374402694685,-0.002019369006485791
7.020833333333339,-3.8064284820350585,-2.313260882042419,-0.058327625603432,-2.3274902715839785,1.568096069690125,-0.6960736211088036,-0.24871105056998374,0.33799534022648625,0.3991174355965983,-2.1770857120523734,-2.246137440269467,-0.002019369006485779
7.025000000000006,-3.8064284820350585,-2.313260882042419,-0.0583276256034319,-2.3274902715839785,1.568096069690125,-0.6960736211088026,-0.24871105056998372,0.33799534022648625,0.3991174355965983,-2.1770857120523743,-2.2461374402694663,-0.0020193690064857217
7.029166666666672,-3.8064284820350585,-2.313260882042419,-0.0583276256034319,-2.327490271583978,1.568096069690125,-0.6960736211088017,-0.24871105056998374,0.3379953402264863,0.39911743559659835,-2.1770857120523748,-2.2461374402694654,-0.002019369006485703
7.033333333333339,-3.8064284820350585,-2.31326088204242,-0.0583276256034318,-2.327490271583978,1.5680960696901252,-0.6960736211088007,-0.2487110505699839,0.3379953402264864,0.39911743559659796,-2.1770857120523766,-2.246137440269464,-0.002019369006485486
7.037500000000006,-3.8064284820350585,-2.31326088204242,-0.0583276256034317,-2.327490271583978,1.5680960696901252,-0.6960736211087997,-0.24871105056998388,0.3379953402264864,0.39911743559659796,-2.177085712052378,-2.2461374402694636,-0.0020193690064854264
7.041666666666672,-3.8064284820350585,-2.31326088204242,-0.0583276256034317,-2.3274902715839776,1.5680960696901252,-0.6960736211087987,-0.2487110505699839,0.3379953402264864,0.399117435596598,-2.1770857120523783,-2.246137440269462,-0.002019369006485366
7.045833333333339,-3.8064284820350585,-2.31326088204242,-0.0583276256034316,-2.327490271583977,1.5680960696901252,-0.6960736211087978,-0.24871105056998394,0.3379953402264865,0.3991174355965981,-2.177085712052379,-2.2461374402694605,-0.002019369006485289
7.050000000000006,-3.8064284820350585,-2.31326088204242,-0.0583276256034316,-2.327490271583977,1.5680960696901252,-0.6960736211087968,-0.24871105056998394,0.3379953402264865,0.3991174355965981,-2.17708571205238,-2.246137440269459,-0.002019369006485279
7.0541666666666725,-3.8064284820350585,-2.31326088204242,-0.0583276256034315,-2.3274902715839767,1.5680960696901252,-0.6960736211087959,-0.24871105056998397,0.3379953402264865,0.3991174355965982,-2.177085712052381,-2.246137440269458,-0.002019369006485168
7.058333333333339,-3.8064284820350585,-2.31326088204242,-0.0583276256034315,-2.3274902715839767,1.5680960696901252,-0.6960736211087949,-0.24871105056998397,0.3379953402264865,0.3991174355965982,-2.177085712052382,-2.2461374402694565,-0.002019369006485158
7.062500000000006,-3.8064284820350585,-2.31326088204242,-0.0583276256034314,-2.3274902715839763,1.5680960696901252,-0.696073621108794,-0.24871105056998394,0.3379953402264865,0.39911743559659824,-2.1770857120523823,-2.2461374402694556,-0.0020193690064850547
7.066666666666673,-3.8064284820350585,-2.31326088204242,-0.0583276256034314,-2.3274902715839763,1.5680960696901254,-0.6960736211087929,-0.24871105056998397,0.3379953402264864,0.39911743559659824,-2.177085712052384,-2.2461374402694547,-0.0020193690064846982
7.070833333333339,-3.8064284820350585,-2.31326088204242,-0.0583276256034313,-2.327490271583976,1.5680960696901254,-0.696073621108792,-0.248711050569984,0.3379953402264865,0.39911743559659824,-2.1770857120523845,-2.246137440269453,-0.0020193690064846197
7.0750000000000055,-3.8064284820350585,-2.31326088204242,-0.0583276256034312,-2.327490271583976,1.5680960696901254,-0.6960736211087911,-0.248711050569984,0.3379953402264865,0.3991174355965983,-2.177085712052385,-2.2461374402694516,-0.0020193690064844974
7.079166666666673,-3.8064284820350585,-2.31326088204242,-0.0583276256034312,-2.327490271583976,1.5680960696901254,-0.6960736211087901,-0.248711050569984,0.3379953402264865,0.3991174355965983,-2.1770857120523863,-2.2461374402694503,-0.002019369006484487
7.083333333333339,-3.8064284820350585,-2.31326088204242,-0.0583276256034311,-2.327490271583976,1.5680960696901254,-0.6960736211087892,-0.24871105056998402,0.3379953402264865,0.39911743559659835,-2.1770857120523877,-2.2461374402694503,-0.0020193690064845824
7.087500000000006,-3.8064284820350585,-2.31326088204242,-0.0583276256034311,-2.327490271583976,1.5680960696901254,-0.6960736211087881,-0.24871105056998402,0.3379953402264865,0.39911743559659835,-2.1770857120523885,-2.2461374402694485,-0.0020193690064845685
7.091666666666672,-3.8064284820350585,-2.31326088204242,-0.058327625603431,-2.327490271583976,1.5680960696901254,-0.6960736211087871,-0.24871105056998402,0.3379953402264865,0.39911743559659835,-2.1770857120523894,-2.2461374402694476,-0.002019369006484556
7.095833333333339,-3.8064284820350585,-2.31326088204242,-0.058327625603431,-2.327490271583975,1.5680960696901254,-0.6960736211087862,-0.24871105056998408,0.33799534022648653,0.3991174355965984,-2.17708571205239,-2.246137440269446,-0.0020193690064842953
7.100000000000006,-3.8064284820350585,-2.31326088204242,-0.0583276256034309,-2.327490271583975,1.5680960696901254,-0.6960736211087852,-0.24871105056998408,0.33799534022648653,0.39911743559659846,-2.177085712052391,-2.246137440269445,-0.002019369006484327
7.104166666666672,-3.8064284820350585,-2.31326088204242,-0.0583276256034309,-2.327490271583975,1.5680960696901254,-0.6960736211087852,-0.24871105056998408,0.33799534022648653,0.39911743559659846,-2.177085712052391,-2.246137440269445,-0.002019369006484327
7.108333333333339,-3.8064284820350585,-2.31326088204242,-0.0583276256034309,-2.327490271583975,1.5680960696901254,-0.6960736211087852,-0.24871105056998408,0.33799534022648653,0.39911743559659846,-2.177085712052391,-2.246137440269445,-0.002019369006484327
7.112500000000006,-3.8064284820350585,-2.31326088204242,-0.0583276256034309,-2.327490271583975,1.5680960696901254,-0.6960736211087852,-0.24871105056998408,0.33799534022648653,0.39911743559659846,-2.177085712052391,-2.246137440269445,-0.002019369006484327
7.1166666666666725,-3.8064284820350585,-2.31326088204242,-0.0583276256034309,-2.327490271583975,1.5680960696901254,-0.6960736211087852,-0.24871105056998408,0.33799534022648653,0.39911743559659846,-2.177085712052391,-2.246137440269445,-0.002019369006484327
7.120833333333339,-3.8064284820350585,-2.31326088204242,-0.0583276256034309,-2.327490271583975,1.5680960696901254,-0.6960736211087852,-0.24871105056998408,0.33799534022648653,0.39911743559659846,-2.177085712052391,-2.246137440269445,-0.002019369006484327
7.125000000000006,-3.8064284820350585,-2.31326088204242,-0.0583276256034309,-2.327490271583975,1.5680960696901254,-0.6960736211087852,-0.24871105056998408,0.33799534022648653,0.39911743559659846,-2.177085712052391,-2.246137440269445,-0.002019369006484327
7.129166666666673,-3.8064284820350585,-2.31326088204242,-0.0583276256034309,-2.327490271583975,1.5680960696901254,-0.6960736211087852,-0.24871105056998408,0.33799534022648653,0.39911743559659846,-2.177085712052391,-2.246137440269445,-0.002019369006484327
7.133333333333339,-3.8064284820350585,-2.31326088204242,-0.0583276256034309,-2.327490271583975,1.5680960696901254,-0.6960736211087852,-0.24871105056998408,0.33799534022648653,0.39911743559659846,-2.177085712052391,-2.246137440269445,-0.002019369006484327
7.1375000000000055,-3.8064284820350585,-2.31326088204242,-0.0583276256034309,-2.327490271583975,1.5680960696901254,-0.6960736211087852,-0.24871105056998408,0.33799534022648653,0.39911743559659846,-2.177085712052391,-2.246137440269445,-0.002019369006484327
7.141666666666673,-3.8064284820350585,-2.31326088204242,-0.0583276256034309,-2.327490271583975,1.5680960696901254,-0.6960736211087852,-0.24871105056998408,0.33799534022648653,0.39911743559659846,-2.177085712052391,-2.246137440269445,-0.002019369006484327
7.145833333333339,-3.8064284820350585,-2.31326088204242,-0.0583276256034309,-2.327490271583975,1.5680960696901254,-0.6960736211087852,-0.24871105056998408,0.33799534022648653,0.39911743559659846,-2.177085712052391,-2.246137440269445,-0.002019369006484327
7.150000000000006,-3.8064284820350585,-2.31326088204242,-0.0583276256034309,-2.327490271583975,1.5680960696901254,-0.6960736211087852,-0.24871105056998408,0.33799534022648653,0.39911743559659846,-2.177085712052391,-2.246137440269445,-0.002019369006484327
7.154166666666672,-3.8064284820350585,-2.31326088204242,-0.0583276256034309,-2.327490271583975,1.5680960696901254,-0.6960736211087852,-0.24871105056998408,0.33799534022648653,0.39911743559659846,-2.177085712052391,-2.246137440269445,-0.002019369006484327
7.158333333333339,-3.8064284820350585,-2.31326088204242,-0.0583276256034309,-2.327490271583975,1.5680960696901254,-0.6960736211087852,-0.24871105056998408,0.33799534022648653,0.39911743559659846,-2.177085712052391,-2.246137440269445,-0.002019369006484327
7.162500000000006,-3.8064284820350585,-2.31326088204242,-0.0583276256034309,-2.327490271583975,1.5680960696901254,-0.6960736211087852,-0.24871105056998408,0.33799534022648653,0.39911743559659846,-2.177085712052391,-2.246137440269445,-0.002019369006484327
7.166666666666672,-3.8064284820350585,-2.31326088204242,-0.0583276256034309,-2.327490271583975,1.5680960696901254,-0.6960736211087852,-0.24871105056998408,0.33799534022648653,0.39911743559659846,-2.177085712052391,-2.246137440269445,-0.002019369006484327
7.17083333333334,-3.8064284820350585,-2.31326088204242,-0.0583276256034309,-2.327490271583975,1.5680960696901254,-0.6960736211087852,-0.24871105056998408,0.33799534022648653,0.39911743559659846,-2.177085712052391,-2.246137440269445,-0.002019369006484327
7.175000000000006,-3.8064284820350585,-2.31326088204242,-0.0583276256034309,-2.327490271583975,1.5680960696901254,-0.6960736211087852,-0.24871105056998408,0.33799534022648653,0.39911743559659846,-2.177085712052391,-2.246137440269445,-0.002019369006484327
7.1791666666666725,-3.8064284820350585,-2.31326088204242,-0.0583276256034309,-2.327490271583975,1.5680960696901254,-0.6960736211087852,-0.24871105056998408,0.33799534022648653,0.39911743559659846,-2.177085712052391,-2.246137440269445,-0.002019369006484327
7.183333333333339,-3.8064284820350585,-2.31326088204242,-0.0583276256034309,-2.327490271583975,1.5680960696901254,-0.6960736211087852,-0.24871105056998408,0.33799534022648653,0.39911743559659846,-2.177085712052391,-2.246137440269445,-0.002019369006484327
7.187500000000006,-3.8064284820350585,-2.31326088204242,-0.0583276256034309,-2.327490271583975,1.5680960696901254,-0.6960736211087852,-0.24871105056998408,0.33799534022648653,0.39911743559659846,-2.177085712052391,-2.246137440269445,-0.002019369006484327
7.191666666666673,-3.8064284820350585,-2.31326088204242,-0.0583276256034309,-2.327490271583975,1.5680960696901254,-0.6960736211087852,-0.24871105056998408,0.33799534022648653,0.39911743559659846,-2.177085712052391,-2.246137440269445,-0.002019369006484327
7.195833333333339,-3.8064284820350585,-2.31326088204242,-0.0583276256034309,-2.327490271583975,1.5680960696901254,-0.6960736211087852,-0.24871105056998408,0.33799534022648653,0.39911743559659846,-2.177085712052391,-2.246137440269445,-0.002019369006484327
7.2000000000000055,-3.8064284820350585,-2.31326088204242,-0.0583276256034309,-2.327490271583975,1.5680960696901254,-0.6960736211087852,-0.24871105056998408,0.33799534022648653,0.39911743559659846,-2.177085712052391,-2.246137440269445,-0.002019369006484327
7.204166666666673,-3.8064284820350585,-2.31326088204242,-0.0583276256034309,-2.327490271583975,1.5680960696901254,-0.6960736211087852,-0.24871105056998408,0.33799534022648653,0.39911743559659846,-2.177085712052391,-2.246137440269445,-0.002019369006484327
7.208333333333339,-3.8064284820350585,-2.31326088204242,-0.0583276256034309,-2.327490271583975,1.5680960696901254,-0.6960736211087852,-0.24871105056998408,0.33799534022648653,0.39911743559659846,-2.177085712052391,-2.246137440269445,-0.002019369006484327
7.212500000000006,-3.8064284820350585,-2.31326088204242,-0.0583276256034309,-2.327490271583975,1.5680960696901254,-0.6960736211087852,-0.24871105056998408,0.33799534022648653,0.39911743559659846,-2.177085712052391,-2.246137440269445,-0.002019369006484327
7.216666666666673,-3.8064284820350585,-2.31326088204242,-0.0583276256034309,-2.327490271583975,1.5680960696901254,-0.6960736211087852,-0.24871105056998408,0.33799534022648653,0.39911743559659846,-2.177085712052391,-2.246137440269445,-0.002019369006484327
7.220833333333339,-3.8064284820350585,-2.31326088204242,-0.0583276256034309,-2.327490271583975,1.5680960696901254,-0.6960736211087852,-0.24871105056998408,0.33799534022648653,0.39911743559659846,-2.177085712052391,-2.246137440269445,-0.002019369006484327
7.225000000000006,-3.8064284820350585,-2.31326088204242,-0.0583276256034309,-2.327490271583975,1.5680960696901254,-0.6960736211087852,-0.24871105056998408,0.33799534022648653,0.39911743559659846,-2.177085712052391,-2.246137440269445,-0.002019369006484327
7.229166666666672,-3.8064284820350585,-2.31326088204242,-0.0583276256034309,-2.327490271583975,1.5680960696901254,-0.6960736211087852,-0.24871105056998408,0.33799534022648653,0.39911743559659846,-2.177085712052391,-2.246137440269445,-0.002019369006484327
7.23333333333334,-3.8064284820350585,-2.31326088204242,-0.0583276256034309,-2.327490271583975,1.5680960696901254,-0.6960736211087852,-0.24871105056998408,0.33799534022648653,0.39911743559659846,-2.177085712052391,-2.246137440269445,-0.002019369006484327
7.237500000000006,-3.8064284820350585,-2.31326088204242,-0.0583276256034309,-2.327490271583975,1.5680960696901254,-0.6960736211087852,-0.24871105056998408,0.33799534022648653,0.39911743559659846,-2.177085712052391,-2.246137440269445,-0.002019369006484327
7.2416666666666725,-3.8064284820350585,-2.31326088204242,-0.0583276256034309,-2.327490271583975,1.5680960696901254,-0.6960736211087852,-0.24871105056998408,0.33799534022648653,0.39911743559659846,-2.177085712052391,-2.246137440269445,-0.002019369006484327
7.245833333333339,-3.8064284820350585,-2.31326088204242,-0.0583276256034309,-2.327490271583975,1.5680960696901254,-0.6960736211087852,-0.24871105056998408,0.33799534022648653,0.39911743559659846,-2.177085712052391,-2.246137440269445,-0.002019369006484327
7.250000000000006,-3.8064284820350585,-2.31326088204242,-0.0583276256034309,-2.327490271583975,1.5680960696901254,-0.6960736211087852,-0.24871105056998408,0.33799534022648653,0.39911743559659846,-2.177085712052391,-2.246137440269445,-0.002019369006484327
7.254166666666673,-3.8064284820350585,-2.31326088204242,-0.0583276256034309,-2.327490271583975,1.5680960696901254,-0.6960736211087852,-0.24871105056998408,0.33799534022648653,0.39911743559659846,-2.177085712052391,-2.246137440269445,-0.002019369006484327
7.258333333333339,-3.8064284820350585,-2.31326088204242,-0.0583276256034309,-2.327490271583975,1.5680960696901254,-0.6960736211087852,-0.24871105056998408,0.33799534022648653,0.39911743559659846,-2.177085712052391,-2.246137440269445,-0.002019369006484327
7.2625000000000055,-3.8064284820350585,-2.31326088204242,-0.0583276256034309,-2.327490271583975,1.5680960696901254,-0.6960736211087852,-0.24871105056998408,0.33799534022648653,0.39911743559659846,-2.177085712052391,-2.246137440269445,-0.002019369006484327
7.266666666666673,-3.8064284820350585,-2.31326088204242,-0.0583276256034309,-2.327490271583975,1.5680960696901254,-0.6960736211087852,-0.24871105056998408,0.33799534022648653,0.39911743559659846,-2.177085712052391,-2.246137440269445,-0.002019369006484327
7.270833333333339,-3.8064284820350585,-2.31326088204242,-0.0583276256034309,-2.327490271583975,1.5680960696901254,-0.6960736211087852,-0.24871105056998408,0.33799534022648653,0.39911743559659846,-2.177085712052391,-2.246137440269445,-0.002019369006484327
7.275000000000006,-3.8064284820350585,-2.31326088204242,-0.0583276256034309,-2.327490271583975,1.5680960696901254,-0.6960736211087852,-0.24871105056998408,0.33799534022648653,0.39911743559659846,-2.177085712052391,-2.246137440269445,-0.002019369006484327
7.279166666666673,-3.8064284820350585,-2.31326088204242,-0.0583276256034309,-2.327490271583975,1.5680960696901254,-0.6960736211087852,-0.24871105056998408,0.33799534022648653,0.39911743559659846,-2.177085712052391,-2.246137440269445,-0.002019369006484327
7.283333333333339,-3.8064284820350585,-2.31326088204242,-0.0583276256034309,-2.327490271583975,1.5680960696901254,-0.6960736211087852,-0.24871105056998408,0.33799534022648653,0.39911743559659846,-2.177085712052391,-2.246137440269445,-0.002019369006484327
7.287500000000006,-3.8064284820350585,-2.31326088204242,-0.0583276256034309,-2.327490271583975,1.5680960696901254,-0.6960736211087852,-0.24871105056998408,0.33799534022648653,0.39911743559659846,-2.177085712052391,-2.246137440269445,-0.002019369006484327
7.291666666666672,-3.8064284820350585,-2.31326088204242,-0.0583276256034309,-2.327490271583975,1.5680960696901254,-0.6960736211087852,-0.24871105056998408,0.33799534022648653,0.39911743559659846,-2.177085712052391,-2.246137440269445,-0.002019369006484327
7.29583333333334,-3.8064284820350585,-2.31326088204242,-0.0583276256034309,-2.327490271583975,1.5680960696901254,-0.6960736211087852,-0.24871105056998408,0.33799534022648653,0.39911743559659846,-2.177085712052391,-2.246137440269445,-0.002019369006484327
7.300000000000006,-3.8064284820350585,-2.31326088204242,-0.0583276256034309,-2.327490271583975,1.5680960696901254,-0.6960736211087852,-0.24871105056998408,0.33799534022648653,0.39911743559659846,-2.177085712052391,-2.246137440269445,-0.002019369006484327
7.3041666666666725,-3.8064284820350585,-2.31326088204242,-0.0583276256034309,-2.327490271583975,1.5680960696901254,-0.6960736211087852,-0.24871105056998408,0.33799534022648653,0.39911743559659846,-2.177085712052391,-2.246137440269445,-0.002019369006484327
7.308333333333339,-3.8064284820350585,-2.31326088204242,-0.0583276256034309,-2.327490271583975,1.5680960696901254,-0.6960736211087852,-0.24871105056998408,0.33799534022648653,0.39911743559659846,-2.177085712052391,-2.246137440269445,-0.002019369006484327
